referencia;variante;descricao;preco_unitario;porcentagem_imposto;pagina
LM3654;;LUMINARIA LED DE EMBUTIR DOT INFINITE 3 SPOTS 6W 2700K BC/BC;43.20;9.75;1
LM3653;;LUMINARIA LED DE EMBUTIR DOT INFINITE 3 SPOTS 6W 2700K PT/PT;43.20;9.75;1
LM3656;;LUMINARIA LED DE EMBUTIR DOT INFINITE 3 SPOTS 6W 3000K BC/BC;43.20;9.75;1
LM3655;;LUMINARIA LED DE EMBUTIR DOT INFINITE 3 SPOTS 6W 3000K PT/PT;43.20;9.75;1
LM3658;;LUMINARIA LED DE EMBUTIR DOT INFINITE 3 SPOTS 6W 4000K BC/BC;43.20;9.75;1
LM3657;;LUMINARIA LED DE EMBUTIR DOT INFINITE 3 SPOTS 6W 4000K PT/PT;43.20;9.75;1
LM3660;;LUMINARIA LED DE EMBUTIR DOT INFINITE 5 SPOTS 10W 2700K BC/BC;53.10;9.75;1
LM3659;;LUMINARIA LED DE EMBUTIR DOT INFINITE 5 SPOTS 10W 2700K PT/PT;53.10;9.75;1
LM3662;;LUMINARIA LED DE EMBUTIR DOT INFINITE 5 SPOTS 10W 3000K BC/BC;53.10;9.75;1
LM3661;;LUMINARIA LED DE EMBUTIR DOT INFINITE 5 SPOTS 10W 3000K PT/PT;53.10;9.75;1
LM3664;;LUMINARIA LED DE EMBUTIR DOT INFINITE 5 SPOTS 10W 4000K BC/BC;53.10;9.75;1
LM3663;;LUMINARIA LED DE EMBUTIR DOT INFINITE 5 SPOTS 10W 4000K PT/PT;53.10;9.75;1
LM2156;;LUMINARIA DE LED 1 SPOT DE EMBUTIR 2W 2700K BC/PT DOT-LIGHT CONCENTRADO;22.95;9.75;1
LM2161;;LUMINARIA DE LED 1 SPOT DE EMBUTIR 2W 2700K PT/PT DOT-LIGHT CONCENTRADO;22.95;9.75;1
LM2850;;LUMINARIA DE LED 1 SPOT DE EMBUTIR 2W 3000K BC/BC DOT-LIGHT CONCENTRADO;22.95;9.75;1
LM2818;;LUMINARIA DE LED 1 SPOT DE EMBUTIR 2W 3000K BC/PT DOT-LIGHT CONCENTRADO;22.95;9.75;1
LM2823;;LUMINARIA DE LED 1 SPOT DE EMBUTIR 2W 3000K PT/PT DOT-LIGHT CONCENTRADO;22.95;9.75;1
LM3377;;LUMINARIA DE LED 1 SPOT DE EMBUTIR 2W 4000K BC/BC DOT-LIGHT CONCENTRADO;22.95;9.75;1
LM2590;;LUMINARIA DE LED 1 SPOT DE EMBUTIR 2W 4000K BC/PT DOT-LIGHT CONCENTRADO;22.95;9.75;1
LM2595;;LUMINARIA DE LED 1 SPOT DE EMBUTIR 2W 4000K PT/PT DOT-LIGHT CONCENTRADO;22.95;9.75;1
LM2157;;LUMINARIA DE LED 3 SPOTS DE EMBUTIR 6W 2700K BC/PT DOT-LIGHT CONCENTRADO;31.75;9.75;1
LM2162;;LUMINARIA DE LED 3 SPOTS DE EMBUTIR 6W 2700K PT/PT DOT-LIGHT CONCENTRADO;31.40;9.75;1
LM2851;;LUMINARIA DE LED 3 SPOTS DE EMBUTIR 6W 3000K BC/BC DOT-LIGHT CONCENTRADO;32.70;9.75;1
LM2819;;LUMINARIA DE LED 3 SPOTS DE EMBUTIR 6W 3000K BC/PT DOT-LIGHT CONCENTRADO;32.70;9.75;1
LM2824;;LUMINARIA DE LED 3 SPOTS DE EMBUTIR 6W 3000K PT/PT DOT-LIGHT CONCENTRADO;31.40;9.75;1
LM3378;;LUMINARIA DE LED 3 SPOTS DE EMBUTIR 6W 4000K BC/BC DOT-LIGHT CONCENTRADO;32.70;9.75;1
LM2591;;LUMINARIA DE LED 3 SPOTS DE EMBUTIR 6W 4000K BC/PT DOT-LIGHT CONCENTRADO;31.40;9.75;1
LM2596;;LUMINARIA DE LED 3 SPOTS DE EMBUTIR 6W 4000K PT/PT DOT-LIGHT CONCENTRADO;31.40;9.75;1
LM2158;;LUMINARIA DE LED 5 SPOTS DE EMBUTIR 10W 2700K BC/PT DOT-LIGHT CONCENTRADO;36.20;9.75;1
LM2163;;LUMINARIA DE LED 5 SPOTS DE EMBUTIR 10W 2700K PT/PT DOT-LIGHT CONCENTRADO;36.20;9.75;1
LM2852;;LUMINARIA DE LED 5 SPOTS DE EMBUTIR 10W 3000K BC/BC DOT-LIGHT CONCENTRADO;36.20;9.75;1
LM2820;;LUMINARIA DE LED 5 SPOTS DE EMBUTIR 10W 3000K BC/PT DOT-LIGHT CONCENTRADO;36.20;9.75;1
LM2825;;LUMINARIA DE LED 5 SPOTS DE EMBUTIR 10W 3000K PT/PT DOT-LIGHT CONCENTRADO;36.20;9.75;1
LM3379;;LUMINARIA DE LED 5 SPOTS DE EMBUTIR 10W 4000K BC/BC DOT-LIGHT CONCENTRADO;36.20;9.75;1
LM2592;;LUMINARIA DE LED 5 SPOTS DE EMBUTIR 10W 4000K BC/PT DOT-LIGHT CONCENTRADO;36.20;9.75;1
LM2597;;LUMINARIA DE LED 5 SPOTS DE EMBUTIR 10W 4000K PT/PT DOT-LIGHT CONCENTRADO;36.20;9.75;1
LM2159;;LUMINARIA DE LED 10 SPOTS DE EMBUTIR 20W 2700K BC/PT DOT-LIGHT CONCENTRADO;65.20;9.75;1
LM2164;;LUMINARIA DE LED 10 SPOTS DE EMBUTIR 20W 2700K PT/PT DOT-LIGHT CONCENTRADO;65.20;9.75;1
LM2853;;LUMINARIA DE LED 10 SPOTS DE EMBUTIR 20W 3000K BC/BC DOT-LIGHT CONCENTRADO;65.20;9.75;1
LM2821;;LUMINARIA DE LED 10 SPOTS DE EMBUTIR 20W 3000K BC/PT DOT-LIGHT CONCENTRADO;65.20;9.75;1
LM2826;;LUMINARIA DE LED 10 SPOTS DE EMBUTIR 20W 3000K PT/PT DOT-LIGHT CONCENTRADO;65.20;9.75;2
LM3380;;LUMINARIA DE LED 10 SPOTS DE EMBUTIR 20W 4000K BC/BC DOT-LIGHT CONCENTRADO;65.20;9.75;2
LM2593;;LUMINARIA DE LED 10 SPOTS DE EMBUTIR 20W 4000K BC/PT DOT-LIGHT CONCENTRADO;65.20;9.75;2
LM2598;;LUMINARIA DE LED 10 SPOTS DE EMBUTIR 20W 4000K PT/PT DOT-LIGHT CONCENTRADO;65.20;9.75;2
LM2160;;LUMINARIA DE LED 15 SPOTS DE EMBUTIR 30W 2700K BC/PT DOT-LIGHT CONCENTRADO;90.55;9.75;2
LM2165;;LUMINARIA DE LED 15 SPOTS DE EMBUTIR 30W 2700K PT/PT DOT-LIGHT CONCENTRADO;90.55;9.75;2
LM2854;;LUMINARIA DE LED 15 SPOTS DE EMBUTIR 30W 3000K BC/BC DOT-LIGHT CONCENTRADO;90.55;9.75;2
LM2822;;LUMINARIA DE LED 15 SPOTS DE EMBUTIR 30W 3000K BC/PT DOT-LIGHT CONCENTRADO;90.55;9.75;2
LM2827;;LUMINARIA DE LED 15 SPOTS DE EMBUTIR 30W 3000K PT/PT DOT-LIGHT CONCENTRADO;90.55;9.75;2
LM3381;;LUMINARIA DE LED 15 SPOTS DE EMBUTIR 30W 4000K BC/BC DOT-LIGHT CONCENTRADO;102.60;9.75;2
LM2594;;LUMINARIA DE LED 15 SPOTS DE EMBUTIR 30W 4000K BC/PT DOT-LIGHT CONCENTRADO;90.55;9.75;2
LM2599;;LUMINARIA DE LED 15 SPOTS DE EMBUTIR 30W 4000K PT/PT DOT-LIGHT CONCENTRADO;90.55;9.75;2
LM2915;;LUMINARIA DE LED 3 SPOTS DE SOBREPOR 6W 3000K BC/PT DOT-LIGHT CONCENTRADO;34.20;9.75;2
LM2916;;LUMINARIA DE LED 3 SPOTS DE SOBREPOR 6W 3000K PT/PT DOT-LIGHT CONCENTRADO;34.20;9.75;2
LM2917;;LUMINARIA DE LED 5 SPOTS DE SOBREPOR 10W 3000K BC/PT DOT-LIGHT CONCENTRADO;54.30;9.75;2
LM2918;;LUMINARIA DE LED 5 SPOTS DE SOBREPOR 10W 3000K PT/PT DOT-LIGHT CONCENTRADO;54.30;9.75;2
LM2919;;LUMINARIA DE LED 10 SPOTS DE SOBREPOR 20W 3000K BC/PT DOT-LIGHT CONCENTRADO;82.30;9.75;2
LM2920;;LUMINARIA DE LED 10 SPOTS DE SOBREPOR 20W 3000K PT/PT DOT-LIGHT CONCENTRADO;82.30;9.75;2
LM3382;;ACESSORIO P/ INSTALAÇAO NO FRAME P/ LUMINARIA DOT-LIGHT DE SOBREPOR;17.75;9.75;2
LM3829;;LUMINARIA DE LED 1 SPOT DE EMBUTIR DIRECIONÁVEL 2W 3000K PT/PT DOT-LIGHT CONCENTRADO;0.00;0.00;2
LM3830;;LUMINARIA DE LED 1 SPOT DE EMBUTIR DIRECIONÁVEL 2W 3000K BC/BC DOT-LIGHT CONCENTRADO;0.00;0.00;2
LM3383;;LUMINARIA DE LED 5 SPOTS DE EMBUTIR DIRECIONÁVEL 10W 3000K PT/PT DOT-LIGHT CONCENTRADO;50.99;9.75;2
LM3384;;LUMINARIA DE LED 5 SPOTS DE EMBUTIR DIRECIONÁVEL 10W 3000K BC/BC DOT-LIGHT CONCENTRADO;50.99;9.75;2
LM3386;;LUMINARIA DE LED 10 SPOTS DE EMBUTIR DIRECIONÁVEL 20W 3000K BC/BC DOT-LIGHT CONCENTRADO;79.30;9.75;2
LM3385;;LUMINARIA DE LED 10 SPOTS DE EMBUTIR DIRECIONÁVEL 20W 3000K PT/PT DOT-LIGHT CONCENTRADO;76.99;9.75;2
LM3193;;PENDENTE FLUX 28W 3000K 127-220V BC;430.85;9.75;2
LM3192;;PENDENTE FLUX 28W 3000K 127-220V PT;430.85;9.75;2
LM3535;;PENDENTE FLUX 28W 4000K 127-220V BC;407.95;9.75;2
LM3534;;PENDENTE FLUX 28W 4000K 127-220V PT;407.95;9.75;2
LM3191;;PENDENTE FLUX MOVI LUZ DIR. E IND. COM SENSOR PARA DIMERIZAÇÃO 30W 3000K 127-220V BC;545.80;9.75;2
LM3190;;PENDENTE FLUX MOVI LUZ DIR. E IND. COM SENSOR PARA DIMERIZAÇÃO 30W 3000K 127-220V PT;545.80;9.75;2
LM3210;;ACESSORIO P/ INSTALAÇAO NO FORRO PD FLUX;20.35;9.75;2
LM3558;;TINY SPOT DE SOBREPOR REDONDO 1W 3000K 24V IRC 90 PT;35.70;9.75;2
LM3559;;TINY SPOT DE SOBREPOR REDONDO 1W 3000K 24V IRC 90 BC;35.70;9.75;3
LM3178;;TINY SPOT DE EMBUTIR QUADRADO 1W 3000K 24V IRC 90 PT;47.35;9.75;3
LM3179;;TINY SPOT DE EMBUTIR QUADRADO 1W 3000K 24V IRC 90 BC;47.35;9.75;3
LM3176;;TINY SPOT DE EMBUTIR REDONDO 1W 3000K 24V IRC 90 PT;45.55;9.75;3
LM3177;;TINY SPOT DE EMBUTIR REDONDO 1W 3000K 24V IRC 90 BC;45.55;9.75;3
LM3180;;TINY SPOT DE EMBUTIR REDONDO COM HASTE 2W 3000K 24V IRC 90 PT;98.35;9.75;3
LM3181;;TINY SPOT DE EMBUTIR REDONDO COM HASTE 2W 3000K 24V IRC 90 BC;98.35;9.75;3
LM3182;;TINY SPOT DE EMBUTIR REDONDO COM HASTE 5W 3000K 24V IRC 90 PT;114.60;9.75;3
LM3183;;TINY SPOT DE EMBUTIR REDONDO COM HASTE 5W 3000K 24V IRC 90 BC;120.55;9.75;3
LM3184;;TINY SPOT DE EMBUTIR REDONDO COM HASTE 5W 3000K 24V IRC 90 DOURADO;120.35;9.75;3
LM3185;;TINY SPOT DE EMBUTIR REDONDO COM HASTE LONGA 5W 3000K 24V IRC 90 PT;120.35;9.75;3
LM3186;;TINY SPOT DE EMBUTIR REDONDO COM HASTE LONGA 5W 3000K 24V IRC 90 BC;124.10;9.75;3
LM3187;;TINY SPOT DE SOBREPOR REDONDO COM HASTE LONGA 5W 3000K 24V IRC 90 PT;125.55;9.75;3
LM3188;;TINY SPOT DE SOBREPOR REDONDO COM HASTE LONGA 5W 3000K 24V IRC 90 BC;125.55;9.75;3
LM3145;;TINY MAG TRILHO DE SOBREPOR MAGNETICO PT 1M MAX. 24V;54.45;9.75;3
LM3146;;TINY MAG TRILHO DE SOBREPOR MAGNETICO PT 2M MAX. 24V;111.65;9.75;3
LM3147;;TINY MAG TRILHO DE SOBREPOR MAGNETICO PT 3M MAX. 24V;171.35;9.75;3
LM3168;;TINY MAG CONECTOR DE DRIVER P/ TRILHO MAGNETICO PT - MAX 24V;18.15;9.75;3
LM3151;;TINY MAG KIT SOBREPOR PAREDE-PAREDE CONECTOR/CONDUTOR/HASTE PT - MAX 24V;77.15;9.75;3
LM3153;;TINY MAG KIT SOBREPOR TETO-PAREDE CONECTOR/CONDUTOR/HASTE PT - MAX 24V;77.15;9.75;3
LM3148;;TINY MAG TRILHO DE SOBREPOR MAGNETICO BC 1M MAX. 24V;54.45;9.75;3
LM3149;;TINY MAG TRILHO DE SOBREPOR MAGNETICO BC 2M MAX. 24V;111.65;9.75;3
LM3150;;TINY MAG TRILHO DE SOBREPOR MAGNETICO BC 3M MAX. 24V;171.35;9.75;3
LM3169;;TINY MAG CONECTOR DE DRIVER P/ TRILHO MAGNETICO BC - MAX 24V;18.15;9.75;3
LM3152;;TINY MAG KIT SOBREPOR PAREDE-PAREDE CONECTOR/CONDUTOR/HASTE BC - MAX 24V;81.35;9.75;3
LM3154;;TINY MAG KIT SOBREPOR TETO-PAREDE CONECTOR/CONDUTOR/HASTE BC - MAX 24V;77.15;9.75;3
LM3155;;TINY MAG KIT PENDENTE PARA TRILHO DE SOBREPOR MAGNETICO CABO: 2M;93.60;9.75;3
LM3156;;TINY MAG TRILHO DE EMBUTIR MAGNETICO PT 1M MAX. 24V;66.20;9.75;3
LM3157;;TINY MAG TRILHO DE EMBUTIR MAGNETICO PT 2M MAX. 24V;132.95;9.75;3
LM3158;;TINY MAG TRILHO DE EMBUTIR MAGNETICO PT 3M MAX. 24V;203.60;9.75;3
LM3162;;TINY MAG KIT EMBUTIR PAREDE-PAREDE CONECTOR/CONDUTOR/HASTE PT - MAX 24V;77.15;9.75;3
LM3164;;TINY MAG KIT EMBUTIR TETO-PAREDE CONECTOR/CONDUTOR/HASTE PT - MAX 24V;77.15;9.75;3
LM3159;;TINY MAG TRILHO DE EMBUTIR MAGNETICO BC 1M MAX. 24V;66.20;9.75;3
LM3160;;TINY MAG TRILHO DE EMBUTIR MAGNETICO BC 2M MAX. 24V;132.95;9.75;3
LM3161;;TINY MAG TRILHO DE EMBUTIR MAGNETICO BC 3M MAX. 24V;203.60;9.75;3
LM3163;;TINY MAG KIT EMBUTIR PAREDE-PAREDE CONECTOR/CONDUTOR/HASTE BC - MAX 24V;77.15;9.75;3
LM3165;;TINY MAG KIT EMBUTIR TETO-PAREDE CONECTOR/CONDUTOR/HASTE BC - MAX 24V;77.15;9.75;3
LM3170;;TINY MAG TRILHO PENDENTE CILINDRICO DUPLO 1M PT - MAX 24V;183.40;9.75;4
LM3171;;TINY MAG TRILHO PENDENTE CILINDRICO DUPLO 2M PT - MAX 24V;271.25;9.75;4
LM3172;;TINY MAG TRILHO PENDENTE CILINDRICO DUPLO 3M PT - MAX 24V;361.05;9.75;4
LM3173;;TINY MAG TRILHO PENDENTE CILINDRICO DUPLO 1M BC - MAX 24V;183.40;9.75;4
LM3174;;TINY MAG TRILHO PENDENTE CILINDRICO DUPLO 2M BC - MAX 24V;271.25;9.75;4
LM3175;;TINY MAG TRILHO PENDENTE CILINDRICO DUPLO 3M BC - MAX 24V;361.05;9.75;4
LM3555;;TINY MAG LUMINARIA BALL P/ TRILHO MAGNÉTICO 5W 3000K 24V IRC90 PT;127.50;9.75;4
LM3556;;TINY MAG SPOT DIFUSOR LIGHT P/ TRILHO MAGNÉTICO 10W 36° 3000K 24V IRC90 PT;174.75;9.75;4
LM3557;;TINY MAG SPOT DIFUSOR LIGHT P/ TRILHO MAGNÉTICO 10W 36° 3000K 24V IRC90 BC;174.75;9.75;4
LM3166;;"TINY MAG CONECTOR DE ENERGIA ""I"" P/ TRILHO MAGNETICO PT - MAX 24V";22.55;9.75;4
LM3167;;"TINY MAG CONECTOR DE ENERGIA ""I"" P/ TRILHO MAGNETICO BC - MAX 24V";22.55;9.75;4
LM3119;;TINY MAG SPOT P/ TRILHO MAGNETICO 1W 24° 3000K 24V IRC 90 PT;63.25;9.75;4
LM3120;;TINY MAG SPOT P/ TRILHO MAGNETICO 1W 24° 3000K 24V IRC 90 BC;63.25;9.75;4
LM3121;;TINY MAG SPOT P/ TRILHO MAGNETICO 2W 15° 3000K 24V IRC 90 PT;89.40;9.75;4
LM3122;;TINY MAG SPOT P/ TRILHO MAGNETICO 2W 15° 3000K 24V IRC 90 BC;89.40;9.75;4
LM3123;;TINY MAG SPOT P/ TRILHO MAGNETICO 5W 15° 3000K 24V IRC 90 DOURADO;112.70;9.75;4
LM3126;;TINY MAG SPOT P/ TRILHO MAGNETICO 9W 15° 3000K 24V IRC 90 PT;177.80;9.75;4
LM3127;;TINY MAG SPOT P/ TRILHO MAGNETICO 9W 15° 3000K 24V IRC 90 BC;189.99;9.75;4
LM3128;;TINY MAG SPOT P/ TRILHO MAGNETICO 9W 15° 3000K 24V IRC 90 DOURADO;183.40;9.75;4
LM3124;;TINY MAG SPOT P/ TRILHO MAGNETICO ÂNGULO AJUSTAVEL 15°/55° 5W 3000K 24V IRC 90 PT;115.30;9.75;4
LM3125;;TINY MAG SPOT P/ TRILHO MAGNETICO ÂNGULO AJUSTAVEL 15°/55° 5W 3000K 24V IRC 90 BC;115.30;9.75;4
LM3129;;TINY MAG SPOT LATERAL P/ TRILHO MAGNETICO 15W 15° 3000K 24V IRC 90 PT;220.55;9.75;4
LM3130;;TINY MAG SPOT LATERAL P/ TRILHO MAGNETICO 15W 15° 3000K 24V IRC 90 BC;220.55;9.75;4
LM3143;;TINY MAG SPOT PENDENTE P/ TRILHO MAGNETICO 5W 15° 3000K 24V IRC 90 PT CABO: 1M;101.45;9.75;4
LM3144;;TINY MAG SPOT PENDENTE P/ TRILHO MAGNETICO 5W 15° 3000K 24V IRC 90 BC CABO: 1M;101.45;9.75;4
LM3131;;TINY MAG SPOT FLEXIVEL P/ TRILHO MAGNETICO 2W 15° 3000K 24V IRC 90 PT;107.85;9.75;4
LM3132;;TINY MAG SPOT FLEXIVEL P/ TRILHO MAGNETICO 2W 15° 3000K 24V IRC 90 BC;107.85;9.75;4
LM3133;;TINY MAG MODULO CONCENTRADO P/ TRILHO MAGNETICO 5W 15° 3000K 24V IRC 90 100MM PT;103.95;9.75;4
LM3134;;TINY MAG MODULO CONCENTRADO P/ TRILHO MAGNETICO 5W 15° 3000K 24V IRC 90 100MM BC;103.95;9.75;4
LM3135;;TINY MAG MODULO CONCENTRADO P/ TRILHO MAGNETICO 10W 15° 3000K 24V IRC 90 196MM PT;146.50;9.75;4
LM3136;;TINY MAG MODULO CONCENTRADO P/ TRILHO MAGNETICO 10W 15° 3000K 24V IRC 90 196MM BC;146.50;9.75;4
LM3137;;TINY MAG MODULO DIFUSO P/ TRILHO MAGNETICO 10W 3000K 24V IRC 90 300MM PT;86.60;9.75;4
LM3138;;TINY MAG MODULO DIFUSO P/ TRILHO MAGNETICO 10W 3000K 24V IRC 90 300MM BC;86.60;9.75;4
LM3139;;TINY MAG MODULO DIFUSO P/ TRILHO MAGNETICO 20W 3000K 24V IRC 90 600MM PT;133.35;9.75;4
LM3140;;TINY MAG MODULO DIFUSO P/ TRILHO MAGNETICO 20W 3000K 24V IRC 90 600MM BC;137.60;9.75;4
LM3141;;TINY MAG MODULO DIFUSO RECUADO P/ TRILHO MAGNETICO 6W 3000K 24V IRC 90 666MM PT;113.10;9.75;4
LM3142;;TINY MAG MODULO DIFUSO RECUADO P/ TRILHO MAGNETICO 6W 3000K 24V IRC 90 666MM BC;102.35;9.75;4
LM3097;;ESPETO DE JARDIM LED ROD 7W 3000K 127/220V BLS;38.10;9.75;4
LM3387;;ESPETO DE JARDIM LED ROD 7W 3000K 127/220V VERDE BLS;37.05;9.75;4
LM3098;;GARDEN SPOT ROD, COM BASE, LED 7W 3000K 127/220V BLS;37.05;9.75;5
LM3388;;GARDEN SPOT ROD, COM BASE, LED 7W 3000K 127/220V VERDE BLS;37.05;9.75;5
LM3189;;ESPETO DE JARDIM LED QAD 7W 3000K 127/220V BLS;22.99;9.75;5
LM3371;;ESPETO DE JARDIM LED FLUSH 0,5W 3000K 24V PRETO (KIT COM 2 UNIDADES) BLS;107.85;9.75;5
LM3372;;DRIVER 5W AC127V-220V, PARA ESPETO DE JARDIM LED EFEITO FLUSH 24V, IP65 BLS;88.80;9.75;5
LM3054;;LUMINARIA LED ARANDELA EMBUTIDA MICRO BORDA BRANCA, 3W, 3000K, 127V/220V IP65;43.90;9.75;5
LM3473;;LUMINARIA LED ARANDELA EMBUTIDA MICRO BORDA PRETA, 3W, 3000K, 127V/220V IP65;41.99;9.75;5
LM3099;;MOVI DETECT SENSOR PARA MOBILIA ATÉ 2 PORTAS DE SOBREPOR P LED 12V/24V BLS;43.65;9.75;5
LM3100;;MOVI TOUCH BOTÃO DE EMBUTIR P LED 12V/24V DIM/LIGA/DESLIGA BLS;27.05;9.75;5
LM3101;;MOVI HID INTERRUPTOR OCULTO C SENSOR DE PRESENÇA P LED 12V/24V DIM/LIGA/DESLIGA BLS;30.60;9.75;5
LM2464;;SENSOR DE PRESENCA PARA FITAS LED COM DIMERIZACAO;30.45;9.75;5
LM2685;;SPOT HUB LED RECUADO REDONDO 3W 3000K 127/220V BRANCO;20.80;9.75;5
LM2686;;SPOT HUB LED RECUADO REDONDO 3W 3000K 127/220V PRETO;20.80;9.75;5
LM2681;;SPOT HUB LED RECUADO REDONDO 7W 3000K 127/220V BRANCO;51.15;9.75;5
LM2682;;SPOT HUB LED RECUADO REDONDO 7W 3000K 127/220V PRETO;51.15;9.75;5
LM2683;;SPOT HUB LED RECUADO REDONDO 12W 3000K 127/220V BRANCO;75.20;9.75;5
LM2684;;SPOT HUB LED RECUADO REDONDO 12W 3000K 127/220V PRETO;75.20;9.75;5
LM3833;;SPOT HUB LED RECUADO REDONDO 16W 3000K 127/220V BRANCO;83.20;9.75;5
LM3834;;SPOT HUB LED RECUADO REDONDO 16W 3000K 127/220V PRETO;83.20;9.75;5
LM2635;;SPOT HUB MICRO BORDA RECUADO REDONDO PARA LAMPADA DICROICA MR16, BASE GU10 BRANCO - POT MAX. 10W;19.50;15.00;5
LM2636;;SPOT HUB MICRO BORDA RECUADO REDONDO PARA LAMPADA DICROICA MR16, BASE GU10 PRETO - POT MAX. 10W;19.50;15.00;5
LM2700;;SPOT HUB NO FRAME RECUADO REDONDO PARA LAMPADA DICROICA MR16, BASE GU10 BRANCO - POT MAX. 10W;19.85;15.00;5
LM2701;;SPOT HUB NO FRAME RECUADO REDONDO PARA LAMPADA DICROICA MR16, BASE GU10 PRETO - POT MAX. 10W;19.85;15.00;5
LM2828;;ACESSORIO PINO HUB COM LED INTEGRADO 6W 3000K BRANCO PARA SPOT HUB MICRO BORDA E NO FRAME MR16;24.35;9.75;5
LM2829;;ACESSORIO PINO HUB COM LED INTEGRADO 6W 3000K PRETO PARA SPOT HUB MICRO BORDA E NO FRAME MR16;24.35;9.75;5
LM3625;;SPOT HUB MICRO BORDA RECUADO REDONDO PARA LAMP MINI DICROICA MR11, BASE GU10 BRANCO - POT MAX. 10W;16.10;15.00;5
LM3626;;SPOT HUB MICRO BORDA RECUADO REDONDO PARA LAMP MINI DICROICA MR11, BASE GU10 PRETO - POT MAX. 10W;16.10;15.00;5
LM2639;;SPOT HUB MICRO BORDA RECUADO REDONDO PARA LAMPADA AR70, BASE GU10 BRANCO - POT MAX. 15W;26.60;15.00;5
LM2640;;SPOT HUB MICRO BORDA RECUADO REDONDO PARA LAMPADA AR70, BASE GU10 PRETO - POT MAX. 15W;26.60;15.00;5
LM2637;;SPOT HUB MICRO BORDA RECUADO REDONDO PARA LAMPADA PAR20, BASE E27 BRANCO - POT MAX. 15W;26.60;15.00;5
LM2638;;SPOT HUB MICRO BORDA RECUADO REDONDO PARA LAMPADA PAR20, BASE E27 PRETO - POT MAX. 15W;26.60;15.00;5
LM2641;;SPOT HUB MICRO BORDA RECUADO REDONDO PARA LAMPADA AR111, BASE GU10 BRANCO - POT MAX. 20W;35.90;15.00;5
LM2642;;SPOT HUB MICRO BORDA RECUADO REDONDO PARA LAMPADA AR111, BASE GU10 PRETO - POT MAX. 20W;35.90;15.00;5
LM2643;;SPOT HUB MICRO BORDA RECUADO REDONDO PARA LAMPADA PAR30, BASE E27 BRANCO - POT MAX. 20W;35.90;15.00;5
LM2644;;SPOT HUB MICRO BORDA RECUADO REDONDO PARA LAMPADA PAR30, BASE E27 PRETO - POT MAX. 20W;35.90;15.00;5
LM2702;;SPOT HUB NO FRAME RECUADO REDONDO PARA LAMPADA AR70, BASE GU10 BRANCO - POT MAX. 15W;25.15;15.00;5
LM2703;;SPOT HUB NO FRAME RECUADO REDONDO PARA LAMPADA AR70, BASE GU10 PRETO - POT MAX. 15W;25.15;15.00;5
LM2704;;SPOT HUB NO FRAME RECUADO REDONDO PARA LAMPADA PAR20, BASE E27 BRANCO - POT MAX. 15W;25.15;15.00;6
LM2705;;SPOT HUB NO FRAME RECUADO REDONDO PARA LAMPADA PAR20, BASE E27 PRETO - POT MAX. 15W;25.15;15.00;6
LM2706;;SPOT HUB NO FRAME RECUADO REDONDO PARA LAMPADA AR111, BASE GU10 BRANCO - POT MAX. 20W;32.90;15.00;6
LM2707;;SPOT HUB NO FRAME RECUADO REDONDO PARA LAMPADA AR111, BASE GU10 PRETO - POT MAX. 20W;32.90;15.00;6
LM2708;;SPOT HUB NO FRAME RECUADO REDONDO PARA LAMPADA PAR30, BASE E27 BRANCO - POT MAX. 20W;32.90;15.00;6
LM2709;;SPOT HUB NO FRAME RECUADO REDONDO PARA LAMPADA PAR30, BASE E27 PRETO - POT MAX. 20W;32.90;15.00;6
LM3627;;SPOT HUB MICRO BORDA RECUADO QUADRADO PARA LAMP MINI DICROICA MR11, BASE GU10 BRANCO - POT MAX. 10W;17.35;15.00;6
LM3628;;SPOT HUB MICRO BORDA RECUADO QUADRADO PARA LAMP MINI DICROICA MR11, BASE GU10 PRETO - POT MAX. 10W;17.35;15.00;6
LM3329;;SPOT HUB MICRO BORDA RECUADO QUADRADO PARA LAMPADA DICR MR16, BASE GU10 BRANCO - POT MAX. 10W;22.45;15.00;6
LM3330;;SPOT HUB MICRO BORDA RECUADO QUADRADO PARA LAMPADA DICR MR16, BASE GU10 PRETO - POT MAX. 10W;22.45;15.00;6
LM3333;;SPOT HUB MICRO BORDA RECUADO QUADRADO PARA LAMPADA AR70, BASE GU10 BRANCO - POT MAX. 15W;30.55;15.00;6
LM3334;;SPOT HUB MICRO BORDA RECUADO QUADRADO PARA LAMPADA AR70, BASE GU10 PRETO - POT MAX. 15W;29.60;15.00;6
LM3331;;SPOT HUB MICRO BORDA RECUADO QUADRADO PARA LAMPADA PAR20, BASE E27 BRANCO - POT MAX. 15W;29.60;15.00;6
LM3332;;SPOT HUB MICRO BORDA RECUADO QUADRADO PARA LAMPADA PAR20, BASE E27 PRETO - POT MAX. 15W;29.60;15.00;6
LM3335;;SPOT HUB MICRO BORDA RECUADO QUADRADO PARA LAMPADA AR111, BASE GU10 BRANCO - POT MAX. 20W;46.50;15.00;6
LM3336;;SPOT HUB MICRO BORDA RECUADO QUADRADO PARA LAMPADA AR111, BASE GU10 PRETO - POT MAX. 20W;46.50;15.00;6
LM3337;;SPOT HUB MICRO BORDA RECUADO QUADRADO PARA LAMPADA PAR30, BASE E27 BRANCO - POT MAX. 20W;46.50;15.00;6
LM3338;;SPOT HUB MICRO BORDA RECUADO QUADRADO PARA LAMPADA PAR30, BASE E27 PRETO - POT MAX. 20W;46.50;15.00;6
LM3339;;SPOT HUB MICRO BORDA RECUADO RETANGULAR PARA 2 LAMPADAS DICR MR16, BASE GU10 BRANCO - POT MAX. 20W;46.45;15.00;6
LM3340;;SPOT HUB MICRO BORDA RECUADO RETANGULAR PARA 2 LAMPADAS DICR MR16, BASE GU10 PRETO - POT MAX. 20W;44.15;15.00;6
LM3347;;SPOT HUB MICRO BORDA RECUADO RETANGULAR PARA 2 LAMPADAS AR70, BASE GU10 BRANCO - POT MAX. 30W;62.35;15.00;6
LM3348;;SPOT HUB MICRO BORDA RECUADO RETANGULAR PARA 2 LAMPADAS AR70, BASE GU10 PRETO - POT MAX. 30W;60.70;15.00;6
LM3345;;SPOT HUB MICRO BORDA RECUADO RETANGULAR PARA 2 LAMPADAS PAR20, BASE E27 BRANCO - POT MAX. 30W;60.70;15.00;6
LM3346;;SPOT HUB MICRO BORDA RECUADO RETANGULAR PARA 2 LAMPADAS PAR20, BASE E27 PRETO - POT MAX. 30W;60.70;15.00;6
LM3357;;SPOT HUB MICRO BORDA RECUADO RETANGULAR PARA 2 LAMPADAS AR111, BASE GU10 BRANCO - POT MAX. 40W;80.70;15.00;6
LM3358;;SPOT HUB MICRO BORDA RECUADO RETANGULAR PARA 2 LAMPADAS AR111, BASE GU10 PRETO - POT MAX. 40W;77.20;15.00;6
LM3359;;SPOT HUB MICRO BORDA RECUADO RETANGULAR PARA 2 LAMPADAS PAR30, BASE E27 BRANCO - POT MAX. 40W;77.20;15.00;6
LM3360;;SPOT HUB MICRO BORDA RECUADO RETANGULAR PARA 2 LAMPADAS PAR30, BASE E27 PRETO - POT MAX. 40W;77.20;15.00;6
LM3341;;SPOT HUB MICRO BORDA RECUADO RETANGULAR PARA 3 LAMPADAS DICR MR16, BASE GU10 BRANCO - POT MAX. 30W;63.55;15.00;6
LM3342;;SPOT HUB MICRO BORDA RECUADO RETANGULAR PARA 3 LAMPADAS DICR MR16, BASE GU10 PRETO - POT MAX. 30W;65.35;15.00;6
LM3351;;SPOT HUB MICRO BORDA RECUADO RETANGULAR PARA 3 LAMPADAS AR70, BASE GU10 BRANCO - POT MAX. 45W;77.55;15.00;6
LM3352;;SPOT HUB MICRO BORDA RECUADO RETANGULAR PARA 3 LAMPADAS AR70, BASE GU10 PRETO - POT MAX. 45W;69.80;15.00;6
LM3349;;SPOT HUB MICRO BORDA RECUADO RETANGULAR PARA 3 LAMPADAS PAR20, BASE E27 BRANCO - POT MAX. 45W;80.95;15.00;6
LM3350;;SPOT HUB MICRO BORDA RECUADO RETANGULAR PARA 3 LAMPADAS PAR20, BASE E27 PRETO - POT MAX. 45W;80.95;15.00;6
LM3361;;SPOT HUB MICRO BORDA RECUADO RETANGULAR PARA 3 LAMPADAS AR111, BASE GU10 BRANCO - POT MAX. 60W;103.25;15.00;6
LM3362;;SPOT HUB MICRO BORDA RECUADO RETANGULAR PARA 3 LAMPADAS AR111, BASE GU10 PRETO - POT MAX. 60W;91.55;15.00;6
LM3363;;SPOT HUB MICRO BORDA RECUADO RETANGULAR PARA 3 LAMPADAS PAR30, BASE E27 BRANCO - POT MAX. 60W;90.45;15.00;6
LM3364;;SPOT HUB MICRO BORDA RECUADO RETANGULAR PARA 3 LAMPADAS PAR30, BASE E27 PRETO - POT MAX. 60W;91.75;15.00;6
LM3343;;SPOT HUB MICRO BORDA RECUADO QUADRADO PARA 4 LAMPADAS DICR MR16, BASE GU10 BRANCO - POT MAX. 40W;83.95;15.00;6
LM3344;;SPOT HUB MICRO BORDA RECUADO QUADRADO PARA 4 LAMPADAS DICR MR16, BASE GU10 PRETO - POT MAX. 40W;81.15;15.00;6
LM3355;;SPOT HUB MICRO BORDA RECUADO QUADRADO PARA 4 LAMPADAS AR70, BASE GU10 BRANCO - POT MAX. 60W;103.05;15.00;6
LM3356;;SPOT HUB MICRO BORDA RECUADO QUADRADO PARA 4 LAMPADAS AR70, BASE GU10 PRETO - POT MAX. 60W;103.05;15.00;6
LM3353;;SPOT HUB MICRO BORDA RECUADO QUADRADO PARA 4 LAMPADAS PAR20, BASE E27 BRANCO - POT MAX. 60W;103.05;15.00;6
LM3354;;SPOT HUB MICRO BORDA RECUADO QUADRADO PARA 4 LAMPADAS PAR20, BASE E27 PRETO - POT MAX. 60W;103.05;15.00;6
LM3365;;SPOT HUB MICRO BORDA RECUADO QUADRADO PARA 4 LAMPADAS AR111, BASE GU10 BRANCO - POT MAX. 80W;140.15;15.00;6
LM3366;;SPOT HUB MICRO BORDA RECUADO QUADRADO PARA 4 LAMPADAS AR111, BASE GU10 PRETO - POT MAX. 80W;140.15;15.00;6
LM3367;;SPOT HUB MICRO BORDA RECUADO QUADRADO PARA 4 LAMPADAS PAR30, BASE E27 BRANCO - POT MAX. 80W;140.15;15.00;7
LM3368;;SPOT HUB MICRO BORDA RECUADO QUADRADO PARA 4 LAMPADAS PAR30, BASE E27 PRETO - POT MAX. 80W;140.15;15.00;7
LM2710;;SPOT NO FRAME RECUADO QUADRADO PARA LAMPADA DICROICA MR16, BASE GU10 BRANCO - POT MAX. 10W;31.45;15.00;7
LM2711;;SPOT NO FRAME RECUADO QUADRADO PARA LAMPADA DICROICA MR16, BASE GU10 PRETO - POT MAX. 10W;31.45;15.00;7
LM2720;;SPOT NO FRAME RECUADO QUADRADO PARA LAMPADA AR70, BASE GU10 BRANCO - POT MAX. 15W;35.25;15.00;7
LM2721;;SPOT NO FRAME RECUADO QUADRADO PARA LAMPADA AR70, BASE GU10 PRETO - POT MAX. 15W;35.25;15.00;7
LM2718;;SPOT NO FRAME RECUADO QUADRADO PARA LAMPADA PAR20, BASE E27 BRANCO - POT MAX. 15W;35.25;15.00;7
LM2719;;SPOT NO FRAME RECUADO QUADRADO PARA LAMPADA PAR20, BASE E27 PRETO - POT MAX. 15W;35.25;15.00;7
LM2734;;SPOT NO FRAME RECUADO QUADRADO PARA LAMPADA AR111, BASE GU10 BRANCO - POT MAX. 20W;51.50;15.00;7
LM2735;;SPOT NO FRAME RECUADO QUADRADO PARA LAMPADA AR111, BASE GU10 PRETO - POT MAX. 20W;51.50;15.00;7
LM2736;;SPOT NO FRAME RECUADO QUADRADO PARA LAMPADA PAR30, BASE E27 BRANCO - POT MAX. 20W;51.50;15.00;7
LM2712;;SPOT NO FRAME RECUADO RETANGULAR PARA 2 LAMPADAS DICROICA MR16, BASE GU10 BRANCO - POT MAX. 20W;43.25;15.00;7
LM2713;;SPOT NO FRAME RECUADO RETANGULAR PARA 2 LAMPADAS DICROICA MR16, BASE GU10 PRETO - POT MAX. 20W;43.25;15.00;7
LM2724;;SPOT NO FRAME RECUADO RETANGULAR PARA 2 LAMPADAS AR70, BASE GU10 BRANCO - POT MAX. 30W;59.05;15.00;7
LM2725;;SPOT NO FRAME RECUADO RETANGULAR PARA 2 LAMPADAS AR70, BASE GU10 PRETO - POT MAX. 30W;59.05;15.00;7
LM2722;;SPOT NO FRAME RECUADO RETANGULAR PARA 2 LAMPADAS PAR20, BASE E27 BRANCO - POT MAX. 30W;59.05;15.00;7
LM2723;;SPOT NO FRAME RECUADO RETANGULAR PARA 2 LAMPADAS PAR20, BASE E27 PRETO - POT MAX. 30W;59.05;15.00;7
LM2738;;SPOT NO FRAME RECUADO RETANGULAR PARA 2 LAMPADAS AR111, BASE GU10 BRANCO - POT MAX. 40W;78.15;15.00;7
LM2739;;SPOT NO FRAME RECUADO RETANGULAR PARA 2 LAMPADAS AR111, BASE GU10 PRETO - POT MAX. 40W;72.65;15.00;7
LM2740;;SPOT NO FRAME RECUADO RETANGULAR PARA 2 LAMPADAS PAR30, BASE E27 BRANCO - POT MAX. 40W;78.15;15.00;7
LM2741;;SPOT NO FRAME RECUADO RETANGULAR PARA 2 LAMPADAS PAR30, BASE E27 PRETO - POT MAX. 40W;78.15;15.00;7
LM2714;;SPOT NO FRAME RECUADO RETANGULAR PARA 3 LAMPADAS DICROICA MR16, BASE GU10 BRANCO - POT MAX. 30W;55.45;15.00;7
LM2715;;SPOT NO FRAME RECUADO RETANGULAR PARA 3 LAMPADAS DICROICA MR16, BASE GU10 PRETO - POT MAX. 30W;55.45;15.00;7
LM2728;;SPOT NO FRAME RECUADO RETANGULAR PARA 3 LAMPADAS AR70, BASE GU10 BRANCO - POT MAX. 45W;78.15;15.00;7
LM2729;;SPOT NO FRAME RECUADO RETANGULAR PARA 3 LAMPADAS AR70, BASE GU10 PRETO - POT MAX. 45W;78.15;15.00;7
LM2726;;SPOT NO FRAME RECUADO RETANGULAR PARA 3 LAMPADAS PAR20, BASE E27 BRANCO - POT MAX. 45W;78.15;15.00;7
LM2742;;SPOT NO FRAME RECUADO RETANGULAR PARA 3 LAMPADAS AR111, BASE GU10 BRANCO - POT MAX. 60W;90.45;15.00;7
LM2743;;SPOT NO FRAME RECUADO RETANGULAR PARA 3 LAMPADAS AR111, BASE GU10 PRETO - POT MAX. 60W;91.75;15.00;7
LM2744;;SPOT NO FRAME RECUADO RETANGULAR PARA 3 LAMPADAS PAR30, BASE E27 BRANCO - POT MAX. 60W;90.45;15.00;7
LM2745;;SPOT NO FRAME RECUADO RETANGULAR PARA 3 LAMPADAS PAR30, BASE E27 PRETO - POT MAX. 60W;91.55;15.00;7
LM2716;;SPOT NO FRAME RECUADO QUADRADO PARA 4 LAMPADAS DICROICA MR16, BASE GU10 BRANCO - POT MAX. 40W;73.90;15.00;7
LM2717;;SPOT NO FRAME RECUADO QUADRADO PARA 4 LAMPADAS DICROICA MR16, BASE GU10 PRETO - POT MAX. 40W;82.65;15.00;7
LM2732;;SPOT NO FRAME RECUADO QUADRADO PARA 4 LAMPADAS AR70, BASE GU10 BRANCO - POT MAX. 60W;90.45;15.00;7
LM2733;;SPOT NO FRAME RECUADO QUADRADO PARA 4 LAMPADAS AR70, BASE GU10 PRETO - POT MAX. 60W;91.55;15.00;7
LM2731;;SPOT NO FRAME RECUADO QUADRADO PARA 4 LAMPADAS PAR20, BASE E27 PRETO - POT MAX. 60W;97.20;15.00;7
LM2746;;SPOT NO FRAME RECUADO QUADRADO PARA 4 LAMPADAS AR111, BASE GU10 BRANCO - POT MAX. 80W;134.99;15.00;7
LM2747;;SPOT NO FRAME RECUADO QUADRADO PARA 4 LAMPADAS AR111, BASE GU10 PRETO - POT MAX. 80W;121.99;15.00;7
LM2748;;SPOT NO FRAME RECUADO QUADRADO PARA 4 LAMPADAS PAR30, BASE E27 BRANCO - POT MAX. 80W;134.99;15.00;7
LM2749;;SPOT NO FRAME RECUADO QUADRADO PARA 4 LAMPADAS PAR30, BASE E27 PRETO - POT MAX. 80W;121.99;15.00;7
LM3805;;DOWNLIGHT LIT DE SOBREPOR RECUADO LED 18W 3000K 127/220V BRANCO QUADRADO;25.80;9.75;7
LM3808;;DOWNLIGHT LIT DE SOBREPOR RECUADO LED 18W 4000K 127/220V BRANCO QUADRADO;25.80;9.75;7
LM3811;;DOWNLIGHT LIT DE SOBREPOR RECUADO LED 18W 6500K 127/220V BRANCO QUADRADO;25.80;9.75;8
LM3806;;DOWNLIGHT LIT DE SOBREPOR RECUADO LED 24W 3000K 127/220V BRANCO QUADRADO;39.80;9.75;8
LM3809;;DOWNLIGHT LIT DE SOBREPOR RECUADO LED 24W 4000K 127/220V BRANCO QUADRADO;39.80;9.75;8
LM3812;;DOWNLIGHT LIT DE SOBREPOR RECUADO LED 24W 6500K 127/220V BRANCO QUADRADO;39.80;9.75;8
LM3807;;DOWNLIGHT LIT DE SOBREPOR RECUADO LED 36W 3000K 127/220V BRANCO QUADRADO;81.95;9.75;8
LM3810;;DOWNLIGHT LIT DE SOBREPOR RECUADO LED 36W 4000K 127/220V BRANCO QUADRADO;81.95;9.75;8
LM3813;;DOWNLIGHT LIT DE SOBREPOR RECUADO LED 36W 6500K 127/220V BRANCO QUADRADO;81.95;9.75;8
LM3814;;DOWNLIGHT LIT DE SOBREPOR RECUADO LED 18W 3000K 127/220V PRETO QUADRADO;26.50;9.75;8
LM3817;;DOWNLIGHT LIT DE SOBREPOR RECUADO LED 18W 4000K 127/220V PRETO QUADRADO;26.50;9.75;8
LM3820;;DOWNLIGHT LIT DE SOBREPOR RECUADO LED 18W 6500K 127/220V PRETO QUADRADO;26.50;9.75;8
LM3815;;DOWNLIGHT LIT DE SOBREPOR RECUADO LED 24W 3000K 127/220V PRETO QUADRADO;41.60;9.75;8
LM3818;;DOWNLIGHT LIT DE SOBREPOR RECUADO LED 24W 4000K 127/220V PRETO QUADRADO;41.60;9.75;8
LM3821;;DOWNLIGHT LIT DE SOBREPOR RECUADO LED 24W 6500K 127/220V PRETO QUADRADO;41.60;9.75;8
LM3816;;DOWNLIGHT LIT DE SOBREPOR RECUADO LED 36W 3000K 127/220V PRETO QUADRADO;84.99;9.75;8
LM3819;;DOWNLIGHT LIT DE SOBREPOR RECUADO LED 36W 4000K 127/220V PRETO QUADRADO;84.99;9.75;8
LM3822;;DOWNLIGHT LIT DE SOBREPOR RECUADO LED 36W 6500K 127/220V PRETO QUADRADO;84.99;9.75;8
LM2605;;DOWNLIGHT HIDE DE EMBUTIR RECUADO LED 12W 3000K 127/220V REDONDO;19.85;9.75;8
LM3249;;DOWNLIGHT HIDE DE EMBUTIR RECUADO LED 12W 4000K 127/220V REDONDO;19.85;9.75;8
LM2606;;DOWNLIGHT HIDE DE EMBUTIR RECUADO LED 12W 6500K 127/220V REDONDO;19.85;9.75;8
LM2607;;DOWNLIGHT HIDE DE EMBUTIR RECUADO LED 18W 3000K 127/220V REDONDO;23.90;9.75;8
LM3250;;DOWNLIGHT HIDE DE EMBUTIR RECUADO LED 18W 4000K 127/220V REDONDO;25.65;9.75;8
LM2608;;DOWNLIGHT HIDE DE EMBUTIR RECUADO LED 18W 6500K 127/220V REDONDO;23.90;9.75;8
LM2609;;DOWNLIGHT HIDE DE EMBUTIR RECUADO LED 24W 3000K 127/220V REDONDO;33.20;9.75;8
LM3251;;DOWNLIGHT HIDE DE EMBUTIR RECUADO LED 24W 4000K 127/220V REDONDO;33.60;9.75;8
LM2610;;DOWNLIGHT HIDE DE EMBUTIR RECUADO LED 24W 6500K 127/220V REDONDO;33.20;9.75;8
LM2611;;DOWNLIGHT HIDE DE EMBUTIR RECUADO LED 36W 3000K 127/220V REDONDO;45.20;9.75;8
LM3252;;DOWNLIGHT HIDE DE EMBUTIR RECUADO LED 36W 4000K 127/220V REDONDO;45.20;9.75;8
LM2612;;DOWNLIGHT HIDE DE EMBUTIR RECUADO LED 36W 6500K 127/220V REDONDO;44.35;9.75;8
LM2613;;DOWNLIGHT HIDE DE EMBUTIR RECUADO LED 12W 3000K 127/220V QUADRADO;20.99;9.75;8
LM3253;;DOWNLIGHT HIDE DE EMBUTIR RECUADO LED 12W 4000K 127/220V QUADRADO;21.60;9.75;8
LM2614;;DOWNLIGHT HIDE DE EMBUTIR RECUADO LED 12W 6500K 127/220V QUADRADO;20.99;9.75;8
LM2615;;DOWNLIGHT HIDE DE EMBUTIR RECUADO LED 18W 3000K 127/220V QUADRADO;27.95;9.75;8
LM3254;;DOWNLIGHT HIDE DE EMBUTIR RECUADO LED 18W 4000K 127/220V QUADRADO;27.95;9.75;8
LM2616;;DOWNLIGHT HIDE DE EMBUTIR RECUADO LED 18W 6500K 127/220V QUADRADO;27.95;9.75;8
LM2617;;DOWNLIGHT HIDE DE EMBUTIR RECUADO LED 24W 3000K 127/220V QUADRADO;32.20;9.75;8
LM3255;;DOWNLIGHT HIDE DE EMBUTIR RECUADO LED 24W 4000K 127/220V QUADRADO;32.20;9.75;8
LM2618;;DOWNLIGHT HIDE DE EMBUTIR RECUADO LED 24W 6500K 127/220V QUADRADO;32.20;9.75;8
LM2619;;DOWNLIGHT HIDE DE EMBUTIR RECUADO LED 36W 3000K 127/220V QUADRADO;52.95;9.75;8
LM3256;;DOWNLIGHT HIDE DE EMBUTIR RECUADO LED 36W 4000K 127/220V QUADRADO;52.95;9.75;8
LM2620;;DOWNLIGHT HIDE DE EMBUTIR RECUADO LED 36W 6500K 127/220V QUADRADO;52.95;9.75;8
LM3225;;DOWNLIGHT HIDE DE EMBUTIR RECUADO LED 12W 3000K 127/220V PRETO REDONDO;19.85;9.75;8
LM3226;;DOWNLIGHT HIDE DE EMBUTIR RECUADO LED 12W 4000K 127/220V PRETO REDONDO;19.85;9.75;8
LM3227;;DOWNLIGHT HIDE DE EMBUTIR RECUADO LED 12W 6500K 127/220V PRETO REDONDO;19.85;9.75;8
LM3228;;DOWNLIGHT HIDE DE EMBUTIR RECUADO LED 18W 3000K 127/220V PRETO REDONDO;23.90;9.75;8
LM3229;;DOWNLIGHT HIDE DE EMBUTIR RECUADO LED 18W 4000K 127/220V PRETO REDONDO;25.65;9.75;8
LM3230;;DOWNLIGHT HIDE DE EMBUTIR RECUADO LED 18W 6500K 127/220V PRETO REDONDO;23.90;9.75;8
LM3231;;DOWNLIGHT HIDE DE EMBUTIR RECUADO LED 24W 3000K 127/220V PRETO REDONDO;33.20;9.75;8
LM3232;;DOWNLIGHT HIDE DE EMBUTIR RECUADO LED 24W 4000K 127/220V PRETO REDONDO;33.60;9.75;9
LM3233;;DOWNLIGHT HIDE DE EMBUTIR RECUADO LED 24W 6500K 127/220V PRETO REDONDO;33.20;9.75;9
LM3234;;DOWNLIGHT HIDE DE EMBUTIR RECUADO LED 36W 3000K 127/220V PRETO REDONDO;45.20;9.75;9
LM3235;;DOWNLIGHT HIDE DE EMBUTIR RECUADO LED 36W 4000K 127/220V PRETO REDONDO;45.20;9.75;9
LM3236;;DOWNLIGHT HIDE DE EMBUTIR RECUADO LED 36W 6500K 127/220V PRETO REDONDO;44.35;9.75;9
LM3237;;DOWNLIGHT HIDE DE EMBUTIR RECUADO LED 12W 3000K 127/220V PRETO QUADRADO;21.60;9.75;9
LM3238;;DOWNLIGHT HIDE DE EMBUTIR RECUADO LED 12W 4000K 127/220V PRETO QUADRADO;20.99;9.75;9
LM3239;;DOWNLIGHT HIDE DE EMBUTIR RECUADO LED 12W 6500K 127/220V PRETO QUADRADO;20.99;9.75;9
LM3240;;DOWNLIGHT HIDE DE EMBUTIR RECUADO LED 18W 3000K 127/220V PRETO QUADRADO;27.95;9.75;9
LM3241;;DOWNLIGHT HIDE DE EMBUTIR RECUADO LED 18W 4000K 127/220V PRETO QUADRADO;27.95;9.75;9
LM3242;;DOWNLIGHT HIDE DE EMBUTIR RECUADO LED 18W 6500K 127/220V PRETO QUADRADO;27.95;9.75;9
LM3243;;DOWNLIGHT HIDE DE EMBUTIR RECUADO LED 24W 3000K 127/220V PRETO QUADRADO;32.20;9.75;9
LM3244;;DOWNLIGHT HIDE DE EMBUTIR RECUADO LED 24W 4000K 127/220V PRETO QUADRADO;32.20;9.75;9
LM3245;;DOWNLIGHT HIDE DE EMBUTIR RECUADO LED 24W 6500K 127/220V PRETO QUADRADO;32.20;9.75;9
LM3246;;DOWNLIGHT HIDE DE EMBUTIR RECUADO LED 36W 3000K 127/220V PRETO QUADRADO;52.95;9.75;9
LM3247;;DOWNLIGHT HIDE DE EMBUTIR RECUADO LED 36W 4000K 127/220V PRETO QUADRADO;52.95;9.75;9
LM3248;;DOWNLIGHT HIDE DE EMBUTIR RECUADO LED 36W 6500K 127/220V PRETO QUADRADO;52.95;9.75;9
LM3087;;PLAFON YAEL, 25W, LED, DOURADO E BRANCO, 3000-4000-6500K, 127-220V, 40CM, REDONDO;131.60;9.75;9
LM3088;;PLAFON YAEL, 36W, LED, DOURADO E BRANCO, 3000-4000-6500K, 127-220V, 50CM, REDONDO;211.35;9.75;9
LM3089;;PLAFON YAEL, 25W, LED, DOURADO E BRANCO, 3000-4000-6500K, 127-220V, 40CM, QUADRADO;154.10;9.75;9
LM3090;;PLAFON YAEL, 36W, LED, DOURADO E BRANCO, 3000-4000-6500K, 127-220V, 50CM, QUADRADO;223.60;9.75;9
LM3091;;PLAFON TAMAR, 25W, LED, BRANCO, 3000-4000-6500K, 127-220V, 40CM;148.55;9.75;9
LM3093;;PLAFON TAMAR, 25W, LED, PRETO, 3000-4000-6500K, 127-220V, 40CM;148.55;9.75;9
LM3095;;PLAFON TAMAR, 25W, LED, WOOD, 3000-4000-6500K, 127-220V, 40CM;174.70;9.75;9
LM3092;;PLAFON TAMAR, 36W, LED, BRANCO, 3000-4000-6500K, 127-220V, 50CM;235.65;9.75;9
LM3094;;PLAFON TAMAR, 36W, LED, PRETO, 3000-4000-6500K, 127-220V, 50CM;235.65;9.75;9
LM3096;;PLAFON TAMAR, 36W, LED, WOOD, 3000-4000-6500K, 127-220V, 50CM;255.35;9.75;9
LM2978;;SPOT LED DE SOBREPOR SLIPT PRETO 7W 3000K 127/220V;29.05;9.75;9
LM3052;;SPOT LED DE SOBREPOR SLIPT BRANCO 7W 3000K 127/220V;29.05;9.75;9
LM2979;;SPOT LED DE SOBREPOR SLIPT PRETO 15W 3000K 127/220V;40.25;9.75;9
LM3053;;SPOT LED DE SOBREPOR SLIPT BRANCO 15W 3000K 127/220V;40.25;9.75;9
LM2689;;SPOT PINO LED DE EMBUTIR 2W 3000K 127/220V BRANCO;54.99;9.75;9
LM2690;;SPOT PINO LED DE EMBUTIR 2W 3000K 127/220V PRETO;53.45;9.75;9
LM2687;;SPOT PINO LED DE SOBREPOR 2W 3000K 127/220V BRANCO;51.75;9.75;9
LM2688;;SPOT PINO LED DE SOBREPOR 2W 3000K 127/220V PRETO;53.30;9.75;9
LM2981;;ARANDELA KINO PLUS LED, BRANCA, 8W, 3000K, 127/220V, 18CM;127.99;9.75;9
LM2982;;ARANDELA KINO PLUS LED, PRETA, 8W, 3000K, 127/220V, 18CM;127.99;9.75;9
LM2983;;ARANDELA KINO PLUS LED, BRANCA, 12W, 3000K, 127/220V, 30CM;183.20;9.75;9
LM2984;;ARANDELA KINO PLUS LED, PRETA, 12W, 3000K, 127/220V, 30CM;183.20;9.75;9
LM2691;;ARANDELA LED NO FRAME 3W 3000K 127/220V QUADRADA BRANCA;44.35;9.75;10
LM2692;;ARANDELA LED NO FRAME 3W 3000K 127/220V QUADRADA PRETA;44.35;9.75;10
LM1216;;LUMINARIA LED ARANDELA EMBUTIDA PRETO, 3W, 3000K, 127V/220V IP20;40.95;9.75;10
LM878;;LUMINARIA LED BALIZADOR BRANCO, 1W, 3000K, 127V/220V IP20;46.60;9.75;10
LM1214;;LUMINARIA LED BALIZADOR PRETO, 1W, 3000K, 127V/220V IP20;46.60;9.75;10
LM879;;LUMINARIA LED BALIZADOR BRANCO, 3W, 3000K, 127V/220V;39.10;9.75;10
LM1215;;LUMINARIA LED BALIZADOR PRETO, 3W, 3000K, 127V/220V;38.99;9.75;10
LM2663;;ARANDELA PIT LED QUADRADA BRANCA, 2W, 3000K, 127/220V, IP65;33.20;9.75;10
LM2664;;ARANDELA PIT LED QUADRADA PRETA, 2W, 3000K, 127/220V, IP65;34.20;9.75;10
LM2661;;ARANDELA PIT LED RETANGULAR BRANCA, 5W, 3000K, 127/220V, IP65;41.75;9.75;10
LM2662;;ARANDELA PIT LED RETANGULAR PRETA, 5W, 3000K, 127/220V, IP65;41.75;9.75;10
LM958;;ARANDELA LED BRANCA 4W 2700K 127V/220V;34.20;9.75;10
LM956;;ARANDELA LED, PRETA. 4W, 2700K, 127V/220V;34.20;9.75;10
LM959;;ARANDELA LED BRANCA. 4W 6000K 127V/220V;34.20;9.75;10
LM957;;ARANDELA LED, PRETA 4W 6000K 127V/220V;34.20;9.75;10
LM831;;LUMINARIA LED XBOX 6W, 3000K, 127/220V;79.80;9.75;10
LM880;;LUMINARIA LED XBOX PRETO, 6W, 3000K, 127/220V;91.65;9.75;10
LM1236;;LUMINARIA LED XBOX SLIM BRANCO 4W, 3000K, 127/220V;62.40;9.75;10
LM1238;;LUMINARIA LED XBOX SLIM PRETO 4W, 3000K, 127/220V;64.25;9.75;10
LM1237;;LUMINARIA LED XBOX SLIM BRANCO 4W, 6500K, 127/220V;33.20;9.75;10
LM1239;;LUMINARIA LED XBOX SLIM PRETO 4W, 6500K, 127/220V;33.20;9.75;10
LM3102;;BALIZADOR VERT LED 6W 3000K 127/220V IP65 PT;67.99;9.75;10
LM621;;LUMINARIA LED ARANDELA DE SOBREPOR BRANCA 2W 2700K 127/220V MATERIAL: PLASTICO;30.35;9.75;10
LM876;;LUMINARIA LED ARANDELA DE SOBREPOR PRETA 2W 3000K 127/220V MATERIAL: PLASTICO;30.35;9.75;10
LM2665;;BALIZADOR GLOW LED BRANCO, 1W, 3000K, 127/220V, IP67;45.20;9.75;10
LM2666;;BALIZADOR GLOW LED PRETO, 1W, 3000K, 127/220V, IP67;43.90;9.75;10
LM2679;;ARANDELA FLOW DE EMBUTIR LED, BRANCA 3W, 3000K, 127V/220V, IP54;29.25;9.75;10
LM2680;;ARANDELA FLOW DE EMBUTIR LED, PRETA 3W, 3000K, 127V/220V, IP54;28.55;9.75;10
LM2659;;ARANDELA FLOW DE SOBREPOR LED, BRANCA 2W, 3000K, 127V/220V, IP65;35.50;9.75;10
LM2660;;ARANDELA FLOW DE SOBREPOR LED, PRETO 2W, 3000K, 127V/220V, IP65;36.55;9.75;10
LM961;;BALIZADOR DE PAREDE LED, BRANCO 2W 6000K 127V/220V;37.40;9.75;10
LM2657;;ACESSORIO DE JUNCAO PARA SPOT CONNECT NO FRAME PARA LAMPADAS MR111, MR16, AR70, PAR20;3.15;9.75;10
LM2658;;ACESSORIO DE JUNCAO PARA SPOT CONNECT NO FRAME PARA LAMPADAS AR111, PAR30;3.90;9.75;10
LM2645;;SPOT CONNECT NO FRAME QUADRADO PARA LAMPADA MINI DICROICA MR11, BASE GU10 BRANCO - POT MAX. 10W;12.65;15.00;10
LM2646;;SPOT CONNECT NO FRAME QUADRADO PARA LAMPADA MINI DICROICA MR11, BASE GU10 PRETO - POT MAX. 10W;12.65;15.00;10
LM2647;;SPOT CONNECT NO FRAME QUADRADO PARA LAMPADA DICROICA MR16, BASE GU10 BRANCO - POT MAX. 10W;13.15;15.00;10
LM2648;;SPOT CONNECT NO FRAME QUADRADO PARA LAMPADA DICROICA MR16, BASE GU10 PRETO - POT MAX. 10W;14.55;15.00;10
LM2649;;SPOT CONNECT NO FRAME QUADRADO PARA LAMPADA AR70, BASE GU10 BRANCO - POT MAX. 15W;18.10;15.00;10
LM2650;;SPOT CONNECT NO FRAME QUADRADO PARA LAMPADA AR70, BASE GU10 PRETO - POT MAX. 15W;18.10;15.00;10
LM2651;;SPOT CONNECT NO FRAME QUADRADO PARA LAMPADA PAR20, BASE E27 BRANCO - POT MAX. 15W;18.10;15.00;10
LM2652;;SPOT CONNECT NO FRAME QUADRADO PARA LAMPADA PAR20, BASE E27 PRETO - POT MAX. 15W;18.10;15.00;11
LM2655;;SPOT CONNECT NO FRAME QUADRADO PARA LAMPADA AR111, BASE GU10 BRANCO - POT MAX. 20W;22.30;15.00;11
LM2653;;SPOT CONNECT NO FRAME QUADRADO PARA LAMPADA PAR30, BASE E27 BRANCO - POT MAX. 20W;22.30;15.00;11
LM2654;;SPOT CONNECT NO FRAME QUADRADO PARA LAMPADA PAR30, BASE E27 PRETO - POT MAX. 20W;20.45;15.00;11
LM1231;;ACESSÓRIO DE JUNÇÃO PARA SPOT LM1227 E LM1226;3.25;9.75;11
LM1232;;ACESSÓRIO DE JUNÇÃO PARA SPOT LM1228 E LM1229;4.10;9.75;11
LM1224;;SPOT QUADRADO DE EMBUTIR RECUADO PARA LED MR11 MINI DICRÓICA - POT MAX. 10W;8.30;15.00;11
LM1407;;SPOT QUADRADO DE EMBUTIR RECUADO PRETO PARA LED MR11 MINI DICRÓICA - POT MAX. 10W;8.30;15.00;11
LM3369;;SPOT QUADRADO DE EMBUTIR RECUADO PARA LED MR16 DICRÓICA - POT MAX. 10W;7.90;15.00;11
LM3370;;SPOT QUADRADO DE EMBUTIR RECUADO PRETO PARA LED MR16 DICRÓICA - POT MAX. 10W;7.90;15.00;11
LM1226;;SPOT QUADRADO DE EMBUTIR RECUADO PARA LED AR70 - POT MAX. 15W;11.45;15.00;11
LM1410;;SPOT QUADRADO DE EMBUTIR RECUADO PRETO PARA LED AR70 - POT MAX. 15W;11.75;15.00;11
LM1227;;SPOT QUADRADO DE EMBUTIR RECUADO PARA LED PAR20 - POT MAX. 15W;10.40;15.00;11
LM1409;;SPOT QUADRADO DE EMBUTIR RECUADO PRETO PARA LED PAR20 - POT MAX. 15W;9.90;15.00;11
LM1229;;SPOT QUADRADO DE EMBUTIR RECUADO PARA LED AR111 - POT MAX. 20W;18.30;15.00;11
LM1412;;SPOT QUADRADO DE EMBUTIR RECUADO PRETO PARA LED AR111 - POT MAX. 20W;17.70;15.00;11
LM1228;;SPOT QUADRADO DE EMBUTIR RECUADO PARA LED PAR30 - POT MAX. 20W;13.65;15.00;11
LM1411;;SPOT QUADRADO DE EMBUTIR RECUADO PRETO PARA LED PAR30 - POT MAX. 20W;14.35;15.00;11
LM1233;;LUMINARIA LED MINI EMBUTIDO BRANCO 3W 2700K 127/220V ANEL BRANCO;11.85;9.75;11
LM1457;;LUMINARIA LED MINI EMBUTIDO PRETO 3W 2700K 127/220V;11.85;9.75;11
LM1234;;LUMINARIA LED MINI EMBUTIDO BRANCO 3W 6500K 127/220V ANEL BRANCO;11.85;9.75;11
LM1458;;LUMINARIA LED MINI EMBUTIDO PRETO 3W 6000K 127/220V;5.25;9.75;11
LM618;;LUMINARIA LED MINI EMBUTIDO BRANCO 1W 2700K 127/220V;17.05;9.75;11
LM619;;LUMINARIA LED MINI EMBUTIDO PRATA 1W 2700K 127/220V;17.05;9.75;11
LM620;;LUMINÁRIA LED MINI EMBUTIDO PRETO 1W 2700K 127/220V;17.05;9.75;11
LM325;;MINI SPOT LED 3W 3000K 127/220V QUADRADO;5.55;9.75;11
LM3538;;MINI SPOT LED 3W 3000K 127/220V QUADRADO;5.55;9.75;11
LM3483;;MINI SPOT LED, PRETO, 3W 3000K 127/220V QUADRADO;4.35;9.75;11
LM3633;;MINI SPOT LED 3W 4000K 127/220V QUADRADO;4.80;9.75;11
LM748;;MINI SPOT LED 3W 4000K 127/220V QUADRADO;4.80;9.75;11
LM2532;;MINI SPOT LED, PRETO, 3W 4000K 127/220V QUADRADO;4.80;9.75;11
LM302;;MINI SPOT LED 3W 6500K 127/220V QUADRADO;5.55;9.75;11
LM3540;;MINI SPOT LED 3W 6500K 127/220V QUADRADO;5.55;9.75;11
LM3458;;MINI SPOT LED, PRETO, 3W 6500K 127/220V QUADRADO;5.55;9.75;11
LM303;;SPOT LED 5W 3000K 127V/220V QUADRADO;5.35;9.75;11
LM2050;;SPOT LED, PRETO, 5W 3000K 127V/220V QUADRADO;5.15;9.75;11
LM750;;SPOT LED 5W 4000K 127/220V QUADRADO;5.15;9.75;11
LM2533;;SPOT LED, PRETO, 5W 4000K 127V/220V QUADRADO;5.15;9.75;11
LM304;;SPOT LED 5W 6500K 127V/220V QUADRADO;5.15;9.75;11
LM2051;;SPOT LED, PRETO, 5W 6500K 127V/220V QUADRADO;5.15;9.75;11
LM3214;;SPOT LED 7W 3000K 127/220V QUADRADO;9.85;9.75;11
LM2052;;SPOT LED, PRETO, 7W 3000K 127/220V QUADRADO;9.40;9.75;11
LM3541;;SPOT LED, PRETO, 7W 3000K 127/220V QUADRADO;9.40;9.75;11
LM3107;;SPOT LED 7W 4000K 127/220V QUADRADO;9.85;9.75;11
LM2534;;SPOT LED, PRETO, 7W 4000K 127/220V QUADRADO;9.40;9.75;11
LM787;;SPOT LED 7W 6500K 127/220V QUADRADO;9.85;9.75;11
LM3108;;SPOT LED 7W 6500K 127/220V QUADRADO;9.85;9.75;11
LM2053;;SPOT LED, PRETO, 7W 6500K 127/220V QUADRADO;9.40;9.75;11
LM3542;;SPOT LED, PRETO, 7W 6500K 127/220V QUADRADO;9.40;9.75;12
LM300;;MINI SPOT LED 3W 3000K 127/220V REDONDO;4.80;9.75;12
LM3106;;MINI SPOT LED 3W 3000K 127/220V REDONDO;4.20;9.75;12
LM749;;MINI SPOT LED 3W 4000K 127/220V REDONDO;4.80;9.75;12
LM301;;MINI SPOT LED 3W 6500K 127/220V REDONDO;5.55;9.75;12
LM3539;;MINI SPOT LED 3W 6500K 127/220V REDONDO;5.55;9.75;12
LM326;;SPOT LED 5W 3000K 127V/220V REDONDO;5.15;9.75;12
LM751;;SPOT LED 5W 4000K 127/220V REDONDO;5.15;9.75;12
LM327;;SPOT LED 5W 6500K 127V/220V REDONDO;5.35;9.75;12
LM3215;;SPOT LED 7W 3000K 127/220V REDONDO;9.85;9.75;12
LM753;;SPOT LED 7W 4000K 127/220V REDONDO;9.85;9.75;12
LM3213;;SPOT LED 7W 4000K 127/220V REDONDO;9.85;9.75;12
LM3216;;SPOT LED 7W 6500K 127/220V REDONDO;9.85;9.75;12
LM2465;;SPOT LED RECUADO 5W 3000K 127/220V QUADRADO;9.75;9.75;12
LM2469;;SPOT LED RECUADO PRETO 5W 3000K 127/220V QUADRADO;9.75;9.75;12
LM2466;;SPOT LED RECUADO 5W 6500K 127/220V QUADRADO;9.75;9.75;12
LM2470;;SPOT LED RECUADO PRETO 5W 6500K 127/220V QUADRADO;9.75;9.75;12
LM2467;;SPOT LED RECUADO 7W 3000K 127/220V QUADRADO;14.45;9.75;12
LM2471;;SPOT LED RECUADO PRETO 7W 3000K 127/220V QUADRADO;14.45;9.75;12
LM2468;;SPOT LED RECUADO 7W 6500K 127/220V QUADRADO;14.45;9.75;12
LM2472;;SPOT LED RECUADO PRETO 7W 6500K 127/220V QUADRADO;14.45;9.75;12
LM3197;;SPOT LED RECUADO BC 5W 3000K 127/220V REDONDO;9.75;9.75;12
LM3201;;SPOT LED RECUADO PRETO 5W 3000K 127/220V REDONDO;9.75;9.75;12
LM3198;;SPOT LED RECUADO BC 5W 6500K 127/220V REDONDO;9.75;9.75;12
LM3202;;SPOT LED RECUADO PRETO 5W 6500K 127/220V REDONDO;9.75;9.75;12
LM3199;;SPOT LED RECUADO BC 7W 3000K 127/220V REDONDO;14.45;9.75;12
LM3203;;SPOT LED RECUADO PRETO 7W 3000K 127/220V REDONDO;14.45;9.75;12
LM3200;;SPOT LED RECUADO BC 7W 6500K 127/220V REDONDO;14.45;9.75;12
LM3204;;SPOT LED RECUADO PRETO 7W 6500K 127/220V REDONDO;14.45;9.75;12
LM1000;;SPOT EMBUTIR BORDA BRANCA E INTERNO BRANCO QUADRADO WALL WASHER;4.60;15.00;12
LM1247;;SPOT LED SOBREPOR PRETO, 5W, 3000K, 127/220V;45.35;9.75;12
LM917;;SPOT LED SOBREPOR SLIM, BRANCO, 2W, 6500K, 127/220V, QUADRADO;19.45;9.75;12
LM3595;;DOWNLIGHT EMBUTIR LED DAL 12W 6000K 127/220V QUADRADA;9.90;9.75;12
LM3615;;DOWNLIGHT EMBUTIR LED DAL 18W 2700K 127/220V QUADRADA;10.45;9.75;12
LM3597;;DOWNLIGHT EMBUTIR LED DAL 18W 4000K 127/220V QUADRADA;11.80;9.75;12
LM3596;;DOWNLIGHT EMBUTIR LED DAL 18W 6000K 127/220V QUADRADA;11.80;9.75;12
LM3605;;DOWNLIGHT EMBUTIR LED DAL 24W 2700K 127/220V QUADRADA;16.70;9.75;12
LM3599;;DOWNLIGHT EMBUTIR LED DAL 24W 4000K 127/220V QUADRADA;14.99;9.75;12
LM3598;;DOWNLIGHT EMBUTIR LED DAL 24W 6000K 127/220V QUADRADA;16.70;9.75;12
LM3604;;DOWNLIGHT EMBUTIR LED DAL 32W 4000K 127/220V QUADRADA;34.15;9.75;12
LM3603;;DOWNLIGHT EMBUTIR LED DAL 32W 6000K 127/220V QUADRADA;34.15;9.75;12
LM3600;;DOWNLIGHT SOBREPOR LED DAL 15W 2700K 127/220V QUADRADA;9.90;9.75;12
LM3606;;DOWNLIGHT SOBREPOR LED DAL 15W 4000K 127/220V QUADRADA;9.90;9.75;12
LM3601;;DOWNLIGHT SOBREPOR LED DAL 15W 6000K 127/220V QUADRADA;9.90;9.75;12
LM3602;;DOWNLIGHT SOBREPOR LED DAL 20W 2700K 127/220V QUADRADA;12.85;9.75;12
LM3608;;DOWNLIGHT SOBREPOR LED DAL 20W 4000K 127/220V QUADRADA;12.85;9.75;12
LM3607;;DOWNLIGHT SOBREPOR LED DAL 20W 6000K 127/220V QUADRADA;12.85;9.75;12
LM3609;;DOWNLIGHT SOBREPOR LED DAL 24W 4000K 127/220V QUADRADA;19.35;9.75;12
LM3610;;DOWNLIGHT SOBREPOR LED DAL 24W 6000K 127/220V QUADRADA;19.35;9.75;12
LM3614;;DOWNLIGHT SOBREPOR LED DAL 30W 4000K 127/220V QUADRADA;42.65;9.75;13
LM3611;;DOWNLIGHT SOBREPOR LED DAL 30W 6000K 127/220V QUADRADA;39.65;9.75;13
LM1083;;LUMINARIA PAINEL LED RETANGULAR DE EMBUTIR 20W 2700K 127/220V MEDIDA 10X60;66.85;9.75;13
LM1081;;LUMINARIA PAINEL LED RETANGULAR DE EMBUTIR 20W 4000K 127/220V MEDIDA 10X60;66.85;9.75;13
LM1079;;LUMINARIA PAINEL LED RETANGULAR DE EMBUTIR 20W 6000K 127/220V MEDIDA 10X60;66.85;9.75;13
LM1082;;LUMINARIA PAINEL LED RETANGULAR DE EMBUTIR 40W 2700K 127/220V MEDIDA 10X120;101.05;9.75;13
LM1080;;LUMINARIA PAINEL LED RETANGULAR DE EMBUTIR 40W 4000K 127/220V MEDIDA 10X120;101.05;9.75;13
LM1078;;LUMINARIA PAINEL LED RETANGULAR DE EMBUTIR 40W 6000K 127/220V MEDIDA 10X120;101.05;9.75;13
LM220;;PAINEL LED 45W 2700K 127/220V RETANGULAR;112.50;9.75;13
LM1255;;PAINEL LED 45W 4000K 127/220V RETANGULAR;112.50;9.75;13
LM221;;PAINEL LED RETANGULAR 45W 6000K 127V/220V;112.50;9.75;13
LM1203;;LUMINARIA PAINEL LED RETANGULAR DE SOBREPOR 20W 6000K 127/220V MEDIDA 10X60X3,8;103.65;9.75;13
LM1204;;LUMINARIA PAINEL LED RETANGULAR DE SOBREPOR 40W 6000K 127/220V MEDIDA 10X120X3,8;102.10;9.75;13
LM446;;LUMINARIA K8 LED 18W 2700K 127/220V;14.25;9.75;13
LM722;;LUMINARIA K8 LED 18W 4000K 127/220V;14.25;9.75;13
LM447;;LUMINARIA K8 LED 18W 6000K 127/220V;14.25;9.75;13
LM448;;LUMINARIA K8 LED 36W 2700K 127/220V;22.35;9.75;13
LM723;;LUMINARIA K8 LED 36W 4000K 127/220V;22.35;9.75;13
LM449;;LUMINARIA K8 LED 36W 6000K 127/220V;22.35;9.75;13
LM3373;;LUMINARIA DE MESA LED LUMA 5W 3000/4000/6000K 127-220V;93.60;9.75;13
LM3376;;LUMINARIA DE MESA LED NARA 5W 3000K 127-220V;50.50;9.75;13
LM3374;;LUMINARIA DE MESA LED LITE 5W 3000K 127-220V PRETA;96.60;9.75;13
LM3375;;LUMINARIA DE MESA LED LITE 5W 3000K 127-220V BRANCA;96.60;9.75;13
LM1246;;LUMINÁRIA DE MESA ARTICULÁVEL, COM BASE, E27, VERMELHA;53.90;9.75;13
LM1244;;LUMINÁRIA DE MESA ARTICULÁVEL, COM BASE, E27, PRETA;53.90;9.75;13
LM1245;;LUMINÁRIA DE MESA ARTICULÁVEL, COM BASE, E27, BRANCA;53.90;9.75;13
LM406;;LUMINARIA DE MESA VIKING PRETA 127/220V;25.15;9.75;13
LM407;;LUMINARIA DE MESA VIKING BRANCA 127/220V;25.15;9.75;13
LM408;;LUMINARIA DE MESA VIKING VERMELHA 127/220V;25.15;9.75;13
LM904;;LUMINARIA DE MESA VIKING AMARELA 127/220V;25.15;9.75;13
LM905;;LUMINARIA DE MESA VIKING AZUL 127/220V;25.15;9.75;13
LM906;;LUMINARIA DE MESA VIKING ROSA 127/220V;25.15;9.75;13
LM1210;;LUMINARIA DE MESA VIKING CLIP PRETA 127/220V;22.25;9.75;13
LM1211;;LUMINARIA DE MESA VIKING CLIP BRANCA 127/220V;22.25;9.75;14
LM1213;;LUMINARIA DE MESA VIKING CLIP VERMELHA 127/220V;22.25;9.75;14
LM1212;;LUMINARIA DE MESA VIKING CLIP AZUL 127/220V;22.25;9.75;14
LM3618;;ESPETO DE JARDIM LED FARETTO 3W 3000K 127-220V;58.80;9.75;14
LM2755;;ESPETO DE JARDIM LED DAL 7W 3000K 127/220V;13.40;9.75;14
LM2756;;ESPETO DE JARDIM LED DAL 7W 6500K 127/220V;13.40;9.75;14
LM2757;;ESPETO DE JARDIM LED DAL 7W VERDE 127/220V;13.99;9.75;14
LM443;;ESPETO DE JARDIM LED 7W 3000K 127/220V;15.45;9.75;14
LM444;;ESPETO DE JARDIM LED 7W 6500K 127/220V;15.45;9.75;14
LM445;;ESPETO DE JARDIM LED 7W VERDE 127/220V;17.45;9.75;14
LM1456;;ESPETO DE JARDIM LED 7W AMBAR 127/220V;17.45;9.75;14
LM3612;;POSTE BALIZADOR GABBIA SLIM 6W 3000K 127-220V IP65 PT 30CM;153.95;9.75;14
LM3613;;POSTE BALIZADOR GABBIA 6W 3000K 127-220V IP65 PT 60CM;171.75;9.75;14
LM3104;;POSTE BALIZADOR RET 7W 3000K 127-220V IP65 PT;159.25;9.75;14
LM3103;;POSTE BALIZADOR SPOT 5W 3000K 127-220V IP65 PT;225.20;9.75;14
LM3105;;POSTE BALIZADOR SLIM 7W 3000K 127-220V IP65 PT;176.05;9.75;14
LM2633;;POSTE BALIZADOR JOY 5W 3000K 127-220V;286.55;9.75;14
LM2634;;POSTE BALIZADOR FAE 5W 3000K 127-220V;299.90;9.75;14
LM2847;;ARANDELA VISION 5W 2700K 127/220V IP65;32.90;9.75;14
LM2384;;ARANDELA VISION 8W 2700K 127/220V IP65;43.50;9.75;14
LM2673;;ARANDELA BOLD LED, QUADRADA, 8W, 3000K, 127/220V, IP65;73.45;9.75;14
LM2674;;ARANDELA BOLD LED, RETANGULAR, 10W, 3000K, 127/220V, IP65;84.40;9.75;14
LM3110;;MINI TARTARUGA LED 7W 2700K 127/220V IP65 BRANCO;15.40;9.75;14
LM1442;;MINI TARTARUGA LED 7W 2700K 127/220V IP65 PRETA;15.40;9.75;14
LM3109;;MINI TARTARUGA LED 7W 2700K 127/220V IP65 PRETA;15.40;9.75;14
LM688;;MINI TARTARUGA LED 7W 6000K 127/220V IP65 BRANCO;15.40;9.75;14
LM3111;;MINI TARTARUGA LED 7W 6000K 127/220V IP65 BRANCO;15.40;9.75;14
LM1443;;MINI TARTARUGA LED 7W 6000K 127/220V IP65 PRETA;15.40;9.75;14
LM3212;;MINI TARTARUGA LED 7W 6000K 127/220V IP65 PRETA;15.40;9.75;14
LM566;;TARTARUGA LED 15W 2700K 127/220V BRANCO;22.10;9.75;14
LM3113;;TARTARUGA LED 15W 2700K 127/220V BRANCO;22.10;9.75;14
LM3115;;TARTARUGA LED 15W 2700K 127/220V IP65 PRETA;22.10;9.75;14
LM180;;TARTARUGA LED 15W 6000K 127/220V BRANCO;22.10;9.75;15
LM3112;;TARTARUGA LED 15W 6000K 127/220V BRANCO;22.10;9.75;15
LM3114;;TARTARUGA LED 15W 6000K 127/220V IP65 PRETA;22.10;9.75;15
LM2229;;ARANDELA VITRO TUBE 9W 2700K IP65 PRETA;52.20;9.75;15
LM2230;;ARANDELA VITRO TUBE 18W 2700K IP65 PRETA;69.90;9.75;15
LM2231;;ARANDELA VITRO BOX 9W 2700K IP65 PRETA;55.05;9.75;15
LM2232;;ARANDELA VITRO BOX 18W 2700K IP65 PRETA;76.25;9.75;15
LM1390;;ARANDELA MEZZALUNA, 30W, 2700K, IP65, PRETA;62.40;9.75;15
LM1391;;ARANDELA MEZZALUNA, 30W, 6000K, IP65, PRETA;62.40;9.75;15
LM1392;;ARANDELA MEZZALUNA, 30W, 2700K, IP65, BRANCA;62.40;9.75;15
LM1393;;ARANDELA MEZZALUNA, 30W, 6000K, IP65, BRANCA;62.40;9.75;15
LM1394;;ARANDELA MURETTO, 30W, 2700K, IP65, PRETA;69.20;9.75;15
LM1395;;ARANDELA MURETTO, 30W, 6000K, IP65, PRETA;69.20;9.75;15
LM1396;;ARANDELA MURETTO, 30W, 2700K, IP65, BRANCA;69.20;9.75;15
LM1397;;ARANDELA MURETTO, 30W, 6000K, IP65, BRANCA;69.20;9.75;15
LM2985;;BALIZADOR DE SOLO, LED, 0,5W, 3000K 127/220V, PRETO (KIT COM 2 UNIDADES);72.20;9.75;15
LM830;;BALIZADOR DE SOLO, LED, 1W, 3000K 127/220V - (KIT COM 2 UNIDADES);79.35;9.75;15
LM1019;;BALIZADOR DE SOLO LED 1W 6500K 127/220V - (KIT COM 2 UNIDADES);27.65;9.75;15
LM2986;;BALIZADOR DE SOLO, LED, 1W, 3000K 127/220V, PRETO (KIT COM 2 UNIDADES);87.90;9.75;15
LM615;;LUMINARIA LED EMBUTIDO DE SOLO 6W 2700K 127/220V IP67 MATERIAL: ALUMINIO;54.05;9.75;15
LM616;;LUMINÁRIA LED EMBUTIDO DE SOLO 12W 2700K 127/220V IP67 MATERIAL: ALUMINIO;82.65;9.75;15
LM1108;;LUMINARIA LED EMBUTIDO DE SOLO 12W 6000K 127/220V IP67 MATERIAL: ALUMINIO;79.95;9.75;15
LM2095;;LUMINARIA LED EMBUTIDO DE SOLO FLAT PRETO 3W 2700K 127/220V IP67;56.90;9.75;15
LM2096;;LUMINARIA LED EMBUTIDO DE SOLO FLAT PRETO 6W 2700K 127/220V IP67;76.15;9.75;15
LM2097;;LUMINARIA LED EMBUTIDO DE SOLO FLAT PRETO 12W 2700K 127/220V IP67;109.60;9.75;15
LM2529;;LUMINARIA LED EMBUTIDO DE SOLO FLAT PRETO COM GRADE ANTI OFUSCANTE 3W 2700K 127/220V IP67;59.35;9.75;15
LM2530;;LUMINARIA LED EMBUTIDO DE SOLO FLAT PRETO COM GRADE ANTI OFUSCANTE 6W 2700K 127/220V IP67;80.45;9.75;15
LM2531;;LUMINARIA LED EMBUTIDO DE SOLO FLAT PRETO COM GRADE ANTI OFUSCANTE 12W 2700K 127/220V IP67;113.30;9.75;15
LM3617;;LUMINARIA LED EMBUTIDO DE SOLO FLAT PRETO COM GRADE ANTI OFUSCANTE 18W 2700K 127/220V IP67;121.10;9.75;15
LM3616;;LUMINARIA LED EMBUTIDO DE SOLO FLAT PRETO COM GRADE ANTI OFUSCANTE 24W 2700K 127/220V IP67;132.20;9.75;15
LM1022;;LUMINARIA LED MINI EMBUTIDO DE PAREDE E SOLO 1W 3000K 127-220V IP67 CORPO BRANCO;18.80;9.75;15
LM1023;;LUMINARIA LED MINI EMBUTIDO DE PAREDE E SOLO 1W 6500K 127-220V IP67 CORPO BRANCO;7.70;9.75;15
LM911;;MINI EMBUTIDO LED DE SOLO E PAREDE, 1W CORPO PRETO, LUZ VERDE, 127/220V, IP67;9.25;9.75;15
LM1026;;LUMINARIA LED MINI EMBUTIDO DE PAREDE E SOLO 1W 3000K 127-220V IP67 QUADRADO;18.80;9.75;15
LM1027;;LUMINARIA LED MINI EMBUTIDO DE PAREDE E SOLO 1W 6500K 127-220V IP67 QUADRADO;7.70;9.75;15
LM1021;;LUMINARIA LED MINI EMBUTIDO DE PAREDE E SOLO 1W 6500K 127-220V IP67 REDONDO;7.70;9.75;15
LM908;;MINI EMBUTIDO LED DE SOLO E PAREDE, 1W, CORPO PRETO, LUZ VERDE, 127/220V , IP67;9.25;9.75;15
LM1398;;SUPORTE SENTINEL PARA LÂMPADA PAR20, IP65, BRANCO, POT MAX 15W;11.60;15.00;15
LM3218;;PROJETOR LED 10W 3000K 127/220V IP65;13.75;9.75;15
LM3487;;PROJETOR LED 10W 6000K 127/220V IP65;13.75;9.75;16
LM3217;;PROJETOR LED 20W 3000K 127/220V IP65;14.95;9.75;16
LM3116;;PROJETOR LED 20W 6000K 127/220V IP65;13.20;9.75;16
LM3459;;PROJETOR LED 30W 3000K 127/220V IP65;17.65;9.75;16
LM245;;PROJETOR LED 30W 6000K 127/220V IP65;17.65;9.75;16
LM3537;;PROJETOR LED 30W 6000K 127/220V IP65;17.65;9.75;16
LM3117;;PROJETOR LED 50W 3000K 127/220V IP65;20.30;9.75;16
LM3488;;PROJETOR LED 50W 6000K 127/220V IP65;20.99;9.75;16
LM3472;;PROJETOR LED 100W 3000K 127/220V IP65;34.80;9.75;16
LM3486;;PROJETOR LED 100W 6000K 127/220V IP65;34.80;9.75;16
LM3118;;PROJETOR LED 150W 6000K 127/220V IP65;55.10;9.75;16
LM3460;;PROJETOR LED 200W 6000K 127/220V IP65;70.80;9.75;16
LM842;;PROJETOR LED 300W 6000K 127V/220V;141.80;9.75;16
LM843;;PROJETOR LED 500W 6000K 127V/220V;231.50;9.75;16
LM2698;;PROJETOR LED 700W 6500K 127/220V IP65;388.50;9.75;16
LM272;;PROJETOR LED 10W RGB 127/220V IP65;46.65;9.75;16
LM249;;PROJETOR LED 30W RGB 127/220V IP65;52.20;9.75;16
LM3461;;PROJETOR LED 30W RGB 127/220V IP65;46.80;9.75;16
LM250;;PROJETOR LED 50W RGB 127/220V IP65;57.65;9.75;16
LM3462;;PROJETOR LED 50W RGB 127/220V IP65;54.10;9.75;16
LM3560;;PROJETOR LED 100W RGB 127/220V IP65;59.99;9.75;16
LM242;;PROJETOR LED 10W VERDE 127/220V IP65;13.70;9.75;16
LM3521;;PROJETOR LED 10W VERDE 127/220V IP65;13.70;9.75;16
LM3522;;PROJETOR LED 30W GREEN 127/220V IP65;17.40;9.75;16
LM844;;PROJETOR LED 30W , AZUL 127V/220V;17.95;9.75;16
LM3516;;PROJETOR LED DAL 10W 3000K 127/220V IP65;11.30;9.75;16
LM3517;;PROJETOR LED DAL 20W 3000K 127/220V IP65;13.35;9.75;16
LM2793;;PROJETOR LED DAL 20W 6000K 127/220V IP65;13.35;9.75;16
LM3518;;PROJETOR LED DAL 30W 3000K 127/220V IP65;15.80;9.75;16
LM2794;;PROJETOR LED DAL 30W 6000K 127/220V IP65;15.25;9.75;16
LM3519;;PROJETOR LED DAL 50W 3000K 127/220V IP65;15.75;9.75;16
LM2795;;PROJETOR LED DAL 50W 6000K 127/220V IP65;15.75;9.75;16
LM3520;;PROJETOR LED DAL 100W 3000K 127/220V IP65;22.70;9.75;16
LM2796;;PROJETOR LED DAL 100W 6000K 127/220V IP65;22.70;9.75;16
LM2797;;PROJETOR LED DAL 150W 6000K 127/220V IP65;43.15;9.75;16
LM2798;;PROJETOR LED DAL 200W 6000K 127/220V IP65;62.35;9.75;16
LM2799;;PROJETOR LED DAL 300W 6000K 127/220V IP65;64.55;9.75;16
LM2630;;ARANDELA SOLAR BLOOM 5W BRANCO QUENTE PRETA;77.65;9.75;16
LM2697;;ESPETO DE JARDIM SOLAR 2W BRANCO QUENTE;55.55;9.75;16
LM3639;;PERFIL EMB UNILATERAL COM MICRO BORDA, BRANCO, TAM:1M;85.99;0.00;17
LM3641;;PERFIL EMB UNILATERAL COM MICRO BORDA, BRANCO, TAM:2M;158.55;0.00;17
LM3643;;PERFIL EMB UNILATERAL COM MICRO BORDA, BRANCO, TAM:3M;219.55;0.00;17
LM3645;;CONECTOR P/ PERFIL EMB UNILATERAL COM MICRO BORDA, PAREDE/PAREDE, BC/BC;29.45;0.00;17
LM3647;;CONECTOR P/ PERFIL EMB UNILATERAL COM MICRO BORDA, TETO/PAREDE, BC/BC;29.45;0.00;17
LM3649;;CONECTOR P/ PERFIL EMB UNILATERAL COM MICRO BORDA, POSITIVO, BC/BC;29.45;0.00;17
LM3651;;KIT DE FIXACAO E ACABAMENTO DE PERFIL EMB UNILATERAL COM MICRO BORDA, BR;12.15;0.00;17
LM3679;;KIT DE MOLAS PARA PERFIL DE EMBUTIR (KIT COM 2 UNIDADES);0.00;0.00;17
LM2227;;SUPORTE DE MOLA PARA PERFIL DE EMBUTIR ATE 30MM (12MM ATE 30MM) (CX C/50 PEÇAS);186.55;0.00;17
LM3640;;PERFIL EMB UNILATERAL COM MICRO BORDA, PRETO, TAM:1M;85.45;0.00;17
LM3642;;PERFIL EMB UNILATERAL COM MICRO BORDA, PRETO, TAM:2M;157.40;0.00;17
LM3644;;PERFIL EMB UNILATERAL COM MICRO BORDA, PRETO, TAM:3M;217.90;0.00;17
LM3646;;CONECTOR P/ PERFIL EMB UNILATERAL COM MICRO BORDA, PAREDE/PAREDE, PT/BC;29.25;0.00;17
LM3648;;CONECTOR P/ PERFIL EMB UNILATERAL COM MICRO BORDA, TETO/PAREDE, PT/BC;29.25;0.00;17
LM3650;;CONECTOR P/ PERFIL EMB UNILATERAL COM MICRO BORDA, POSITIVO, PT/BC;29.25;0.00;17
LM3652;;KIT DE FIXACAO E ACABAMENTO DE PERFIL EMB UNILATERAL COM MICRO BORDA, PT;12.15;0.00;17
LM1197;;PERFIL NO FRAME INVERTIDO UNILATERAL PARA FITAS ATÉ 20MM - 1 METRO;101.65;0.00;17
LM1198;;PERFIL NO FRAME INVERTIDO UNILATERAL PARA FITAS ATE 20MM - 2 M;196.90;0.00;17
LM1199;;PERFIL NO FRAME INVERTIDO UNILATERAL PARA FITAS ATE 20MM - 3 M;292.20;0.00;17
LM1258;;CONECTOR PARA PERFIL NO FRAME INVERTIDO UNILATERAL PARA FITAS ATÉ 20MM, CONEXÃO JOELHO PAREDE - TETO;42.99;0.00;17
LM1352;;KIT FIXAÇÃO E ACABAMENTO PERFIL NO FRAME INVERTIDO UNILATERAL PARA FITAS ATÉ 20MM;11.05;0.00;17
LM1200;;PERFIL NO FRAME INVERTIDO BILATERAL PARA 2 FITAS ATE 20MM - 1 M;152.80;0.00;17
LM1201;;PERFIL NO FRAME INVERTIDO BILATERAL PARA 2 FITAS ATE 20MM - 2 M;296.05;0.00;17
LM1202;;PERFIL NO FRAME INVERTIDO BILATERAL PARA 2 FITAS ATE 20MM - 3 METROS;439.05;0.00;17
LM1351;;KIT FIXAÇÃO E ACABAMENTO PERFIL NO FRAME INVERTIDO BILATERAL 2 FITAS ATE 20MM;13.75;0.00;17
LM3475;;PERFIL WALL WASHER, BRANCO, TAM:1M;235.50;0.00;17
LM3477;;PERFIL WALL WASHER, BRANCO, TAM:2M;448.15;0.00;17
LM3479;;PERFIL WALL WASHER, BRANCO, TAM:3M;660.60;0.00;17
LM3481;;KIT FIXAÇÃO PERFIL WALL WASHER BRANCO;54.20;0.00;17
LM3476;;PERFIL WALL WASHER, PRETO, TAM:1M;234.60;0.00;17
LM3478;;PERFIL WALL WASHER, PRETO, TAM:2M;446.30;0.00;17
LM3480;;PERFIL WALL WASHER, PRETO, TAM:3M;657.85;0.00;17
LM3482;;KIT FIXAÇÃO PERFIL WALL WASHER PRETO;54.05;0.00;17
LM2951;;PERFIL DE SOBREPOR INDIRETO, BR, TAM: 1M;95.25;0.00;17
LM2952;;PERFIL DE SOBREPOR INDIRETO, BR, TAM: 2M;179.60;0.00;17
LM2953;;PERFIL DE SOBREPOR INDIRETO, BR, TAM: 3M;263.70;0.00;17
LM2957;;CONECTOR PARA PERFIL DE SOBERPOR INDIRETO, BR, CONEX: PAREDE/PAREDE;36.85;0.00;17
LM2958;;CONECTOR PARA PERFIL DE SOBREPOR INDIRETO, BR, CONEX: TETO/PAREDE;36.85;0.00;17
LM2959;;CONECTOR PARA PERFIL DE SOBERPOR INDIRETO, BR, CONEX: JOELHO POSITIVO;36.85;0.00;17
LM2963;;KIT DE FIXACAO E ACABAMENTO DE PERFIL DE SOBREPOR INDIRETO BR;13.70;0.00;17
LM2954;;PERFIL DE SOBREPOR INDIRETO, PT, TAM: 1M;94.50;0.00;17
LM2955;;PERFIL DE SOBREPOR INDIRETO, PT, TAM: 2M;178.10;0.00;17
LM2956;;PERFIL DE SOBREPOR INDIRETO, PT, TAM: 3M;261.50;0.00;17
LM2960;;CONECTOR PARA PERFIL DE SOBERPOR INDIRETO, PT, CONEX: PAREDE/PAREDE;36.60;0.00;17
LM2961;;CONECTOR PARA PERFIL DE SOBREPOR INDIRETO, PT, CONEX: TETO/PAREDE;36.60;0.00;17
LM2962;;CONECTOR PARA PERFIL DE SOBERPOR INDIRETO, PT, CONEX: JOELHO POSITIVO;36.60;0.00;18
LM2964;;KIT DE FIXACAO E ACABAMENTO DE PERFIL DE SOBREPOR INDIRETO PT;13.65;0.00;18
LM3716;;KIT ACABAMENTO PERFIL SOBREPOR TRIK PRETO (KIT COM 2 TAMPAS);9.60;0.00;18
LM3551;;KIT PENDENTE ELETRIFICADO TRIK 3M;62.50;0.00;18
LM1972;;PERFIL DE SOBREPOR SANCA LARG: 37MM ALT: 42MM BC/BC TAM: 1M;67.20;0.00;18
LM1973;;PERFIL DE SOBREPOR SANCA LARG: 37MM ALT: 42MM BC/BC TAM: 2M;134.85;0.00;18
LM1974;;PERFIL DE SOBREPOR SANCA LARG: 37MM ALT: 42MM BC/BC TAM: 3M;203.10;0.00;18
LM2299;;DIFUSOR DE 30MM PARA PERFIL EMBUTIR/SOBREPOR E RODATETO 1MT BRANCO (10PCS);163.40;0.00;18
LM2300;;DIFUSOR DE 30MM PARA PERFIL EMBUTIR/SOBREPOR E RODATETO 2MT BRANCO (10PCS);341.10;0.00;18
LM3774;;DIFUSOR PARA PERFIL 30MM POLICARBONATO 3MT (1 PC);46.65;0.00;18
LM2301;;DIFUSOR DE 30MM PARA PERFIL EMBUTIR/SOBREPOR E RODATETO 3MT BRANCO (10PCS);511.75;0.00;18
LM1975;;PERFIL DE SOBREPOR SANCA LARG: 37MM ALT: 42MM PT/BC TAM: 1M;66.60;0.00;18
LM1976;;PERFIL DE SOBREPOR SANCA LARG: 37MM ALT: 42MM PT/BC TAM: 2M;133.60;0.00;18
LM1977;;PERFIL DE SOBREPOR SANCA LARG: 37MM ALT: 42MM PT/BC TAM: 3M;201.20;0.00;18
LM3057;;PERFIL DE RODAPÉ UNIVERSAL, LARG: 17,7MM, ALT: 99,8MM, BC TAM: 1M;101.75;0.00;18
LM3059;;PERFIL DE RODAPÉ UNIVERSAL, LARG: 17,7MM, ALT: 99,8MM, BC TAM: 2M;216.85;0.00;18
LM3061;;PERFIL DE RODAPÉ UNIVERSAL, LARG: 17,7MM, ALT: 99,8MM, BC TAM: 3M;301.35;0.00;18
LM3077;;CONECTOR PAREDE/PAREDE RODAPÉ UNIVERSAL, LARG: 17,7MM, ALT: 99,8MM COMP:130MM, BC;35.20;0.00;18
LM3075;;CONECTOR POSITIVO RODAPÉ UNIVERSAL, LARG: 17,7MM, ALT: 99,8MM COMP:130MM, BC;35.20;0.00;18
LM3058;;PERFIL DE RODAPÉ UNIVERSAL, LARG: 17,7MM, ALT: 99,8MM, PT TAM: 1M;101.20;0.00;18
LM3060;;PERFIL DE RODAPÉ UNIVERSAL, LARG: 17,7MM, ALT: 99,8MM, PT TAM: 2M;215.75;0.00;18
LM3062;;PERFIL DE RODAPÉ UNIVERSAL, LARG: 17,7MM, ALT: 99,8MM, PT TAM: 3M;299.75;0.00;18
LM3078;;CONECTOR PAREDE/PAREDE RODAPÉ UNIVERSAL, LARG: 17,7MM, ALT: 99,8MM COMP:130MM, PT;35.10;0.00;18
LM3076;;CONECTOR POSITIVO RODAPÉ UNIVERSAL, LARG: 17,7MM, ALT: 99,8MM COMP:130MM, PT;35.10;0.00;18
LM3724;;KIT ACABAMENTO PERFIL RODAPE UNIVERSAL BRANCO (KIT COM 2 TAMPAS);4.05;0.00;18
LM3763;;DIFUSOR PARA PERFIL NANO 12MM POLICARBONATO 1MT (1 PC);9.95;0.00;18
LM2311;;DIFUSOR PARA PERFIL MOVELARIA COM ABA 1MT BRANCO (10PCS);72.80;0.00;18
LM3764;;DIFUSOR PARA PERFIL NANO 12MM POLICARBONATO 2MT (1 PC);20.30;0.00;18
LM2312;;DIFUSOR PARA PERFIL MOVELARIA COM ABA 2MT BRANCO (10PCS);150.60;0.00;18
LM3765;;DIFUSOR PARA PERFIL NANO 12MM POLICARBONATO 3MT (1 PC);30.10;0.00;18
LM2313;;DIFUSOR PARA PERFIL MOVELARIA COM ABA 3MT BRANCO (10PCS);222.85;0.00;18
LM3758;;KIT ACABAMENTO PERFIL RODAPE UNIVERSAL PRETO (CAIXA COM 50 TAMPAS);169.15;0.00;18
LM3219;;PERFIL LIGHT MINI DE EMBUTIR, INTERNO ATÉ 5,7MM, BC/BC, TAM: 1M;8.70;0.00;18
LM3220;;PERFIL LIGHT MINI DE EMBUTIR, INTERNO ATÉ 5,7MM, BC/BC, TAM: 2M;15.70;0.00;18
LM3221;;PERFIL LIGHT MINI DE EMBUTIR, INTERNO ATÉ 5,7MM, BC/BC, TAM: 3M;20.70;0.00;18
LM2805;;PERFIL LIGHT NANO DE EMBUTIR, INTERNO ATE 12MM, BC/BC, TAM: 1M;13.50;0.00;18
LM2806;;PERFIL LIGHT NANO DE EMBUTIR, INTERNO ATE 12MM, BC/BC, TAM: 2M;28.80;0.00;18
LM2807;;PERFIL LIGHT NANO DE EMBUTIR, INTERNO ATE 12MM, BC/BC, TAM: 3M;43.45;0.00;18
LM3423;;KIT PARA FIXACAO E ACABAMENTO PARA PERFIL LIGHT EMBUTIR NANO BC;1.65;9.75;18
LM2815;;ACABAMENTO PARA PERFIL LIGHT NANO DE EMBUTIR (PACOTE COM 50 PECAS);16.05;9.75;18
LM3389;;PERFIL LIGHT NANO DE EMBUTIR, INTERNO ATE 12MM, PT/BC, TAM: 1M;13.50;0.00;19
LM3390;;PERFIL LIGHT NANO DE EMBUTIR, INTERNO ATE 12MM, PT/BC, TAM: 2M;28.80;0.00;19
LM3391;;PERFIL LIGHT NANO DE EMBUTIR, INTERNO ATE 12MM, PT/BC, TAM: 3M;44.10;0.00;19
LM3415;;KIT PARA FIXACAO E ACABAMENTO PARA PERFIL LIGHT EMBUTIR NANO PT;1.60;9.75;19
LM2811;;PERFIL LIGHT NANO LARGO DE EMBUTIR, INTERNO ATE 25MM, BC/BC, TAM: 1M;16.45;0.00;19
LM2812;;PERFIL LIGHT NANO LARGO DE EMBUTIR, INTERNO ATE 25MM, BC/BC, TAM: 2M;31.05;0.00;19
LM2813;;PERFIL LIGHT NANO LARGO DE EMBUTIR, INTERNO ATE 25MM, BC/BC, TAM: 3M;48.05;0.00;19
LM3421;;KIT PARA FIXACAO E ACABAMENTO PARA PERFIL LIGHT EMBUTIR NANO LARGO BC;1.65;9.75;19
LM2817;;ACABAMENTO PARA PERFIL LIGHT NANO LARGO DE EMBUTIR (PACOTE COM 50 PECAS);19.45;9.75;19
LM3395;;PERFIL LIGHT NANO LARGO DE EMBUTIR, INTERNO ATE 25MM, PT/BC, TAM: 1M;16.45;0.00;19
LM3396;;PERFIL LIGHT NANO LARGO DE EMBUTIR, INTERNO ATE 25MM, PT/BC, TAM: 2M;31.05;0.00;19
LM3397;;PERFIL LIGHT NANO LARGO DE EMBUTIR, INTERNO ATE 25MM, PT/BC, TAM: 3M;48.05;0.00;19
LM3413;;KIT PARA FIXACAO E ACABAMENTO PARA PERFIL LIGHT EMBUTIR NANO LARGO PT;1.55;9.75;19
LM2833;;PERFIL LIGHT NANO EXTRA LARGO DE EMB, INTERNO ATE 40MM, BC/BC, TAM: 1M;33.35;0.00;19
LM2834;;PERFIL LIGHT NANO EXTRA LARGO DE EMB, INTERNO ATE 40MM, BC/BC, TAM: 2M;62.60;0.00;19
LM2835;;PERFIL LIGHT NANO EXTRA LARGO DE EMB, INTERNO ATE 40MM, BC/BC, TAM: 3M;101.10;0.00;19
LM2837;;ACABAMENTO PARA PERFIL LIGHT NANO EXTRA LARGO DE EMBUTIR (PACOTE COM 50 PEÇAS);58.65;9.75;19
LM2391;;PERFIL LIGHT DE EMBUTIR, INTERNO ATE 12MM, BC/BC, TAM: 1M;17.75;0.00;19
LM2392;;PERFIL LIGHT DE EMBUTIR, INTERNO ATE 12MM, BC/BC, TAM: 2M;39.50;0.00;19
LM2393;;PERFIL LIGHT DE EMBUTIR, INTERNO ATE 12MM, BC/BC, TAM: 3M;64.60;0.00;19
LM2527;;KIT PARA FIXACAO E ACABAMENTO PARA PERFIL LIGHT LM2391/LM2392/LM2393 EMBUTIR FINO;5.45;9.75;19
LM3392;;PERFIL LIGHT DE EMBUTIR, INTERNO ATE 12MM, PT/BC, TAM: 1M;17.75;0.00;19
LM3393;;PERFIL LIGHT DE EMBUTIR, INTERNO ATE 12MM, PT/BC, TAM: 2M;39.50;0.00;19
LM3394;;PERFIL LIGHT DE EMBUTIR, INTERNO ATE 12MM, PT/BC, TAM: 3M;68.15;0.00;19
LM3418;;KIT PARA FIXACAO E ACABAMENTO PARA PERFIL LIGHT EMBUTIR FINO PT;5.45;9.75;19
LM2394;;PERFIL LIGHT DE EMBUTIR, INTERNO ATE 30MM, BC/BC, TAM: 1M;45.85;0.00;19
LM2395;;PERFIL LIGHT DE EMBUTIR, INTERNO ATE 30MM, BC/BC, TAM: 2M;78.70;0.00;19
LM2396;;PERFIL LIGHT DE EMBUTIR, INTERNO ATE 30MM, BC/BC, TAM: 3M;123.05;0.00;19
LM2528;;KIT PARA FIXACAO E ACABAMENTO PARA PERFIL LIGHT LM2394/LM2395/LM2396 EMBUTIR LARGO;10.75;9.75;19
LM3398;;PERFIL LIGHT DE EMBUTIR, INTERNO ATE 30MM, PT/BC, TAM: 1M;45.85;0.00;19
LM3399;;PERFIL LIGHT DE EMBUTIR, INTERNO ATE 30MM, PT/BC, TAM: 2M;78.70;0.00;19
LM3400;;PERFIL LIGHT DE EMBUTIR, INTERNO ATE 30MM, PT/BC, TAM: 3M;123.05;0.00;19
LM3420;;KIT PARA FIXACAO E ACABAMENTO PARA PERFIL LIGHT EMBUTIR LARGO PT;9.90;9.75;19
LM2496;;PERFIL DE EMBUTIR NANO, PARA FITAS LED COM LARGURA ATE 12MM, BRANCO, COM DIFUSOR BRANCO, TAMANHO: 1M;29.95;0.00;19
LM2497;;PERFIL DE EMBUTIR NANO, PARA FITAS LED COM LARGURA ATE 12MM, BRANCO, COM DIFUSOR BRANCO, TAMANHO: 2M;59.20;0.00;19
LM2498;;PERFIL DE EMBUTIR NANO, PARA FITAS LED COM LARGURA ATE 12MM, BRANCO, COM DIFUSOR BRANCO, TAMANHO: 3M;88.90;0.00;19
LM2508;;CONECTOR P/ PERFIL EMB NANO BRANCO, C/ DIFUSOR BRANCO, P/ FITAS LARG ATE 12MM, CONEX JOELHO PRD-PRD;11.75;0.00;19
LM2511;;CONECTOR P/ PERFIL EMB NANO BRANCO, C/ DIFUSOR BRANCO, P/ FITAS LARG ATE 12MM, CONEX JOELHO PRD-TETO;11.35;0.00;19
LM2505;;CONECTOR P/ PERFIL EMB NANO BRANCO, C/ DIFUSOR BRANCO, C/ FITAS DE LARG ATE 12MM, CONEX JOELHO POS;11.35;0.00;19
LM2514;;KIT FIXACAO PERFIL NANO BRANCO;9.60;0.00;19
LM2223;;TAMPINHA PARA PERFIL DE EMBUTIR MOVELARIA BC (CAIXA COM 50PCS);40.55;0.00;19
LM2499;;PERFIL DE EMBUTIR NANO, PARA FITAS LED COM LARGURA ATE 12MM, PRETO, COM DIFUSOR BRANCO, TAMANHO: 1M;28.80;0.00;19
LM2500;;PERFIL DE EMBUTIR NANO, PARA FITAS LED COM LARGURA ATE 12MM, PRETO, COM DIFUSOR BRANCO, TAMANHO: 2M;57.90;0.00;19
LM2501;;PERFIL DE EMBUTIR NANO, PARA FITAS LED COM LARGURA ATE 12MM, PRETO, COM DIFUSOR BRANCO, TAMANHO: 3M;87.50;0.00;19
LM2509;;CONECTOR P/ PERFIL EMB NANO PRETO, C/ DIFUSOR BRANCO, P/ FITAS LARG ATE 12MM, CONEX JOELHO PRD-PRD;11.30;0.00;19
LM2512;;CONECTOR P/ PERFIL EMB NANO PRETO, C/ DIFUSOR BRANCO, P/ FITAS LARG ATE 12MM, CONEX JOELHO PRD-TETO;11.30;0.00;19
LM2506;;CONECTOR P/ PERFIL EMB NANO PRETO, C/ DIFUSOR BRANCO, C/ FITAS DE LARG ATE 12MM, CONEX JOELHO POS;11.35;0.00;19
LM2515;;KIT FIXACAO PERFIL NANO PRETO;8.55;0.00;19
LM2224;;TAMPINHA PARA PERFIL DE EMBUTIR MOVELARIA PT (CAIXA COM 50PCS);15.15;0.00;20
LM984;;PERFIL DE EMBUTIR PARA FITAS DE LED COM LARGURA ATÉ 12MM, TAMANHO: 1M;41.05;0.00;20
LM985;;PERFIL DE EMBUTIR PARA FITAS DE LED COM LARGURA ATÉ 12MM, TAMANHO: 2M;81.40;0.00;20
LM1112;;PERFIL DE EMBUTIR FINO PARA FITAS DE LED COM LARGURA ATÉ 12MM, TAMANHO: 3M;121.15;0.00;20
LM987;;CONECTOR PARA PERFIL DE EMBUTIR COM FITAS DE LARGURA ATÉ 12MM, CONEXÃO PAREDE - PAREDE;17.95;0.00;20
LM986;;CONECTOR PARA PERFIL DE EMBUTIR COM FITAS DE LARGURA ATÉ 12MM, CONEXÃO PAREDE - TETO;17.95;0.00;20
LM1126;;CONECTOR PARA PERFIL DE EMBUTIR FINO COM FITAS DE LARGURA ATÉ 12MM, CONEXÃO JOELHO POSITIVO;17.95;0.00;20
LM1096;;KIT PARA FIXAÇÃO E ACABAMENTO DE PERFIL DE EMBUTIR FINO 12MM;8.85;0.00;20
LM2211;;TAMPINHA PARA PERFIL DE EMBUTIR 12MM BC (CAIXA COM 50PCS);19.15;0.00;20
LM3766;;DIFUSOR PARA PERFIL 12MM POLICARBONATO 1MT (1 PC);7.60;0.00;20
LM2293;;DIFUSOR DE 12MM PARA PERFIL DE MOVELARIA S/ABA/EMBUTIR E SOBREPOR 1MT BRANCO (10PCS);72.80;0.00;20
LM3767;;DIFUSOR PARA PERFIL 12MM POLICARBONATO 2MT (1 PC);15.35;0.00;20
LM2294;;DIFUSOR DE 12MM PARA PERFIL DE MOVELARIA S/ABA/EMBUTIR E SOBREPOR 2MT BRANCO (10PCS);150.60;0.00;20
LM3768;;DIFUSOR PARA PERFIL 12MM POLICARBONATO 3MT (1 PC);22.65;0.00;20
LM2295;;DIFUSOR DE 12MM PARA PERFIL DE MOVELARIA S/ABA/EMBUTIR E SOBREPOR 3MT BRANCO (10PCS);222.85;0.00;20
LM1286;;PERFIL DE EMBUTIR FINO PRETO, COM DIFUSOR BRANCO, PARA FITAS DE LED COM LARGURA ATÉ 12MM, TAM: 1M;40.80;0.00;20
LM1288;;PERFIL DE EMBUTIR FINO PRETO, COM DIFUSOR BRANCO, PARA FITAS DE LED COM LARGURA ATÉ 12MM, TAM: 2M;80.90;0.00;20
LM1318;;PERFIL DE EMBUTIR FINO PRETO, COM DIFUSOR BRANCO, PARA FITAS DE LED COM LARGURA ATÉ 12MM, TAMANHO:3M;123.80;0.00;20
LM1292;;CONECTOR PERFIL EMB FINO PRETO, DIFUSOR BRANCO, C/ FITAS LARG ATÉ 12MM, CONEX JOELHO PAREDE-PAREDE;17.85;0.00;20
LM1290;;CONECTOR PERFIL EMB FINO PRETO, C/ DIFUSOR BRANCO, C/ FITAS LARG ATÉ 12MM, CONEX JOELHO PAREDE-TETO;17.85;0.00;20
LM1328;;CONECTOR P/ PERFIL DE EMB FINO PRETO, C/ DIFUSOR BRANCO, C/ FITAS DE LARG ATÉ 12MM, CONEX JOELHO POS;17.85;0.00;20
LM1305;;KIT PARA FIXAÇÃO E ACABAMENTO PRETO PARA PERFIL DE EMBUTIR FINO 12MM;8.75;0.00;20
LM2212;;TAMPINHA PARA PERFIL DE EMBUTIR 12MM PT (CAIXA COM 50PCS);16.80;0.00;20
LM2758;;PERFIL DE EMBUTIR NANO LARGO, PARA FITAS LED COM LARG ATE 25MM, BRANCO, COM DIFUSOR BRANCO, TAM: 1M;49.80;0.00;20
LM2761;;PERFIL DE EMBUTIR NANO LARGO, PARA FITAS LED COM LARG ATE 25MM, BRANCO, COM DIFUSOR BRANCO, TAM: 2M;98.90;0.00;20
LM2764;;PERFIL DE EMBUTIR NANO LARGO, PARA FITAS LED COM LARG ATE 25MM, BRANCO, COM DIFUSOR BRANCO, TAM: 3M;143.80;0.00;20
LM2841;;CONECTOR P/ PERFIL EMB NANO LARGO BC/BC, C/ FITAS DE LARG ATE 25MM, CONEX JOELHO PAREDE-PAREDE;18.25;0.00;20
LM2844;;CONECTOR P/ PERFIL EMB NANO LARGO BC/BC, C/ FITAS DE LARG ATE 25MM, CONEX JOELHO PAREDE-TETO;18.25;0.00;20
LM2838;;CONECTOR P/ PERFIL EMB NANO LARGO BC/BC, C/ FITAS DE LARG ATE 25MM, CONEX JOELHO POSITIVO;18.25;0.00;20
LM3673;;KIT FIXACAO E ACABAMENTO PERFIL NANO EMBUTIR 30MM BRANCO (KIT COM 2 UNID. MOLAS E TAMPAS);10.35;0.00;20
LM3771;;DIFUSOR PARA PERFIL NANO 30MM POLICARBONATO 3MT (1 PC);38.70;0.00;20
LM2759;;PERFIL DE EMBUTIR NANO LARGO, PARA FITAS LED COM LARG ATE 25MM, PRETO, COM DIFUSOR BRANCO, TAM: 1M;50.45;0.00;20
LM2762;;PERFIL DE EMBUTIR NANO LARGO, PARA FITAS LED COM LARG ATE 25MM, PRETO, COM DIFUSOR BRANCO, TAM: 2M;99.30;0.00;20
LM2765;;PERFIL DE EMBUTIR NANO LARGO, PARA FITAS LED COM LARG ATE 25MM, PRETO, COM DIFUSOR BRANCO, TAM: 3M;143.99;0.00;20
LM2842;;CONECTOR P/ PERFIL EMB NANO LARGO PT/BC, C/ FITAS DE LARG ATE 25MM, CONEX JOELHO PAREDE-PAREDE;18.15;0.00;20
LM2845;;CONECTOR P/ PERFIL EMB NANO LARGO PT/BC, C/ FITAS DE LARG ATE 25MM, CONEX JOELHO PAREDE-TETO;18.15;0.00;20
LM2839;;CONECTOR P/ PERFIL EMB NANO LARGO PT/BC, C/ FITAS DE LARG ATE 25MM, CONEX JOELHO POSITIVO;18.15;0.00;20
LM3674;;KIT FIXACAO E ACABAMENTO PERFIL NANO EMBUTIR 30MM PRETO (KIT COM 2 UNID. MOLAS E TAMPAS);11.20;0.00;20
LM988;;PERFIL DE EMBUTIR PARA FITAS DE LED COM LARGURA ATÉ 30MM, TAMANHO: 1M;72.40;0.00;20
LM989;;PERFIL DE EMBUTIR PARA FITAS DE LED COM LARGURA ATÉ 30MM, TAMANHO: 2M;139.35;0.00;21
LM1217;;PERFIL DE EMBUTIR LARGO PARA FITAS DE LED COM LARGURA ATÉ 30MM, TAMANHO: 3M;208.05;0.00;21
LM991;;CONECTOR PARA PERFIL DE EMBUTIR COM FITAS DE LARGURA ATÉ 30MM, CONEXÃO PAREDE - PAREDE;34.45;0.00;21
LM990;;CONECTOR PARA PERFIL DE EMBUTIR COM FITAS DE LARGURA ATÉ 30MM, CONEXÃO PAREDE - TETO;34.45;0.00;21
LM1218;;CONECTOR PARA PERFIL DE EMBUTIR LARGO COM FITAS DE LARGURA ATÉ 30MM, CONEXÃO JOELHO POSITIVO;34.45;0.00;21
LM1097;;KIT PARA FIXAÇÃO E ACABAMENTO DE PERFIL DE EMBUTIR LARGO 30MM;9.60;0.00;21
LM2215;;TAMPINHA PARA PERFIL DE EMBUTIR 30MM BC (CAIXA COM 50PCS);36.85;0.00;21
LM1294;;PERFIL DE EMBUTIR LARGO PRETO, COM DIFUSOR BRANCO, PARA FITAS DE LED COM LARGURA ATÉ 30MM, TAM: 1M;73.35;0.00;21
LM1296;;PERFIL DE EMBUTIR LARGO PRETO, COM DIFUSOR BRANCO, PARA FITAS DE LED COM LARGURA ATÉ 30MM, TAM: 2M;143.15;0.00;21
LM1337;;PERFIL DE EMBUTIR LARGO PRETO, COM DIFUSOR BRANCO, PARA FITAS DE LED COM LARGURA ATÉ 30MM, TAM:3M;213.80;0.00;21
LM1300;;CONECTOR PERFIL EMB LARGO PRETO, DIFUSOR BRANCO, C/ FITAS LARG ATÉ 30MM, CONEX JOELHO PAREDE-PAREDE;34.30;0.00;21
LM1298;;CONECTOR PERFIL EMB LARGO PRETO, DIFUSOR BRANCO, C/ FITAS DE LARG ATÉ 30MM, CONEX JOELHO PAREDE-TETO;34.30;0.00;21
LM1339;;CONECTOR P/ PERFIL EMB LARGO PRETO, C/ DIFUSOR BRANCO, C/ FITAS DE LARG ATÉ 30MM, CONEX JOELHO POS;34.30;0.00;21
LM1306;;KIT PARA FIXAÇÃO E ACABAMENTO PRETO PARA PERFIL DE EMBUTIR LARGO 30MM;9.35;0.00;21
LM2216;;TAMPINHA PARA PERFIL DE EMBUTIR 30MM PT (CAIXA COM 50PCS);36.15;0.00;21
LM1370;;PERFIL DE EMBUTIR DE 50MM, BRANCO, PARA FITAS LED COM LARGURA ATÉ 35MM, TAMANHO: 1 METRO;99.10;0.00;21
LM1371;;PERFIL DE EMBUTIR DE 50MM, BRANCO, PARA FITAS LED COM LARGURA ATÉ 35MM, TAMANHO: 2 METROS;191.65;0.00;21
LM1372;;PERFIL DE EMBUTIR DE 50MM, BRANCO, PARA FITAS LED COM LARGURA ATÉ 35MM, TAMANHO: 3 METROS;286.05;0.00;21
LM1826;;CONECTOR P/ PERFIL EMBUTIR 50MM, BRANCO, CONEXÃO JOELHO PARDE-PAREDE;16.35;0.00;21
LM1825;;CONECTOR P/ PERFIL EMBUTIR 50MM, BRANCO, CONEXÃO JOELHO TETO-PAREDE;20.50;0.00;21
LM1827;;CONECTOR P/ PERFIL EMBUTIR 50MM, BRANCO, CONEXÃO JOELHO POSITIVO;16.35;0.00;21
LM1844;;KIT FIXAÇÃO PERFIL 50MM EMBUTIR BRANCO;13.05;0.00;21
LM2228;;SUPORTE DE MOLA PARA PERFIL DE EMBUTIR 50MM (CX C/50 PEÇAS);115.40;0.00;21
LM2219;;TAMPINHA PARA PERFIL DE EMBUTIR 50MM BC (CAIXA COM 50PCS);70.99;0.00;21
LM2305;;DIFUSOR DE 50MM PARA PERFIL EMBUTIR/SOBREPOR 1MT BRANCO (10PCS);197.25;0.00;21
LM2306;;DIFUSOR DE 50MM PARA PERFIL EMBUTIR/SOBREPOR 2MT BRANCO (10PCS);393.65;0.00;21
LM2307;;DIFUSOR DE 50MM PARA PERFIL EMBUTIR/SOBREPOR 3MT BRANCO (10PCS);590.15;0.00;21
LM1373;;PERFIL DE EMBUTIR DE 50MM, PRETO, COM DIFUSOR BRANCO, PARA FITAS LED COM LARGURA ATÉ 35MM, TAM: 1M;98.35;0.00;21
LM1374;;PERFIL DE EMBUTIR DE 50MM, PRETO, COM DIFUSOR BRANCO, PARA FITAS LED COM LARGURA ATÉ 35MM, TAM: 2M;190.25;0.00;21
LM1375;;PERFIL DE EMBUTIR DE 50MM, PRETO, COM DIFUSOR BRANCO, PARA FITAS LED COM LARGURA ATÉ 35MM, TAM: 3M;290.10;0.00;21
LM1829;;CONECTOR P/ PERFIL EMBUTIR 50MM, PRETO, COM DIFUSOR BRANCO, CONEXÃO JOELHO PAREDE-PAREDE;16.25;0.00;21
LM1828;;CONECTOR P/ PERFIL EMBUTIR 50MM, PRETO, COM DIFUSOR BRANCO, CONEXÃO JOELHO TETO-PAREDE;20.25;0.00;21
LM1830;;CONECTOR P/ PERFIL EMBUTIR 50MM, PRETO, COM DIFUSOR BRANCO, CONEXÃO JOELHO POSITIVO;16.25;0.00;21
LM1843;;KIT FIXAÇÃO PERFIL 50MM EMBUTIR PRETO;12.85;0.00;21
LM2220;;TAMPINHA PARA PERFIL DE EMBUTIR 50MM PT (CAIXA COM 50PCS);70.35;0.00;21
LM3222;;PERFIL LIGHT MINI DE SOBREPOR, INTERNO ATÉ 5,7MM, BC/BC, TAM: 1M;8.45;0.00;21
LM3223;;PERFIL LIGHT MINI DE SOBREPOR, INTERNO ATÉ 5,7MM, BC/BC, TAM: 2M;14.70;0.00;22
LM3224;;PERFIL LIGHT MINI DE SOBREPOR, INTERNO ATÉ 5,7MM, BC/BC, TAM: 3M;17.99;0.00;22
LM3424;;KIT PARA FIXACAO E ACABAMENTO PARA PERFIL LIGHT SOBREPOR NANO BC;1.60;9.75;22
LM2814;;ACABAMENTO PARA PERFIL LIGHT NANO DE SOBREPOR (PACOTE COM 50 PECAS);13.80;9.75;22
LM3401;;PERFIL LIGHT NANO DE SOBREPOR, INTERNO ATE 12MM, PT/BC, TAM: 1M;11.10;0.00;22
LM3402;;PERFIL LIGHT NANO DE SOBREPOR, INTERNO ATE 12MM, PT/BC, TAM: 2M;21.40;0.00;22
LM3403;;PERFIL LIGHT NANO DE SOBREPOR, INTERNO ATE 12MM, PT/BC, TAM: 3M;33.75;0.00;22
LM2802;;PERFIL LIGHT NANO DE SOBREPOR, INTERNO ATE 12MM, BC/BC, TAM: 1M;11.10;0.00;22
LM2803;;PERFIL LIGHT NANO DE SOBREPOR, INTERNO ATE 12MM, BC/BC, TAM: 2M;21.40;0.00;22
LM2804;;PERFIL LIGHT NANO DE SOBREPOR, INTERNO ATE 12MM, BC/BC, TAM: 3M;33.75;0.00;22
LM3416;;KIT PARA FIXACAO E ACABAMENTO PARA PERFIL LIGHT SOBREPOR NANO PT;1.60;9.75;22
LM2808;;PERFIL LIGHT NANO LARGO DE SOBREPOR, INTERNO ATE 25MM, BC/BC, TAM: 1M;15.75;0.00;22
LM2809;;PERFIL LIGHT NANO LARGO DE SOBREPOR, INTERNO ATE 25MM, BC/BC, TAM: 2M;27.15;0.00;22
LM2810;;PERFIL LIGHT NANO LARGO DE SOBREPOR, INTERNO ATE 25MM, BC/BC, TAM: 3M;42.10;0.00;22
LM3422;;KIT PARA FIXACAO E ACABAMENTO PARA PERFIL LIGHT SOBREPOR NANO LARGO BC;1.60;9.75;22
LM2816;;ACABAMENTO PARA PERFIL LIGHT NANO LARGO DE SOBREPOR (PACOTE COM 50 PECAS);17.50;9.75;22
LM3407;;PERFIL LIGHT NANO LARGO DE SOBREPOR, INTERNO ATE 25MM, PT/BC, TAM: 1M;15.75;0.00;22
LM3408;;PERFIL LIGHT NANO LARGO DE SOBREPOR, INTERNO ATE 25MM, PT/BC, TAM: 2M;27.15;0.00;22
LM3409;;PERFIL LIGHT NANO LARGO DE SOBREPOR, INTERNO ATE 25MM, PT/BC, TAM: 3M;42.65;0.00;22
LM3414;;KIT PARA FIXACAO E ACABAMENTO PARA PERFIL LIGHT SOBREPOR NANO LARGO PT;1.60;9.75;22
LM2385;;PERFIL LIGHT DE SOBREPOR, INTERNO ATE 12MM, BC/BC, TAM: 1M;14.05;0.00;22
LM2386;;PERFIL LIGHT DE SOBREPOR, INTERNO ATE 12MM, BC/BC, TAM: 2M;26.50;0.00;22
LM2387;;PERFIL LIGHT DE SOBREPOR, INTERNO ATE 12MM, BC/BC, TAM: 3M;44.10;0.00;22
LM2525;;KIT PARA FIXACAO E ACABAMENTO PARA PERFIL LIGHT LM2385/LM2386/LM2387 SOBREPOR FINO;1.60;9.75;22
LM3404;;PERFIL LIGHT DE SOBREPOR, INTERNO ATE 12MM, PT/BC, TAM: 1M;14.05;0.00;22
LM3405;;PERFIL LIGHT DE SOBREPOR, INTERNO ATE 12MM, PT/BC, TAM: 2M;26.20;0.00;22
LM3406;;PERFIL LIGHT DE SOBREPOR, INTERNO ATE 12MM, PT/BC, TAM: 3M;44.10;0.00;22
LM3417;;KIT PARA FIXACAO E ACABAMENTO PARA PERFIL LIGHT SOBREPOR FINO PT;1.70;9.75;22
LM2388;;PERFIL LIGHT DE SOBREPOR, INTERNO ATE 30MM, BC/BC, TAM: 1M;38.55;0.00;22
LM2389;;PERFIL LIGHT DE SOBREPOR, INTERNO ATE 30MM, BC/BC, TAM: 2M;76.30;0.00;22
LM2390;;PERFIL LIGHT DE SOBREPOR, INTERNO ATE 30MM, BC/BC, TAM: 3M;107.10;0.00;22
LM2526;;KIT PARA FIXACAO E ACABAMENTO PARA PERFIL LIGHT LM2388/LM2389/LM2390 SOBREPOR LARGO;5.35;9.75;22
LM3410;;PERFIL LIGHT DE SOBREPOR, INTERNO ATE 30MM, PT/BC, TAM: 1M;38.55;0.00;22
LM3411;;PERFIL LIGHT DE SOBREPOR, INTERNO ATE 30MM, PT/BC, TAM: 2M;76.30;0.00;22
LM3412;;PERFIL LIGHT DE SOBREPOR, INTERNO ATE 30MM, PT/BC, TAM: 3M;107.10;0.00;22
LM3419;;KIT PARA FIXACAO E ACABAMENTO PARA PERFIL LIGHT SOBREPOR LARGO PT;5.70;9.75;22
LM1353;;PERFIL DE EMBUTIR PARA MOVELARIA - SOBREPOR, PARA FITAS LED COM LARGURA ATÉ 12MM, TAMANHO: 1M;23.60;0.00;22
LM1354;;PERFIL DE EMBUTIR PARA MOVELARIA - SOBREPOR, PARA FITAS LED COM LARGURA ATÉ 12MM, TAMANHO: 2M;46.55;0.00;22
LM1355;;PERFIL DE EMBUTIR PARA MOVELARIA - SOBREPOR, PARA FITAS LED COM LARGURA ATÉ 12MM, TAMANHO: 3M;67.75;0.00;22
LM2542;;CONECTOR P/ PERFIL SOBREPOR NANO BRANCO, C/ DIFUSOR BRANCO CONEX JOELHO PAREDE-PAREDE;5.25;0.00;22
LM2545;;CONECTOR P/ PERFIL SOBREPOR NANO BRANCO, C/ DIFUSOR BRANCO CONEX JOELHO PAREDE-TETO;5.25;0.00;22
LM2539;;CONECTOR P/ PERFIL SOBREPOR NANO BRANCO, C/ DIFUSOR BRANCO CONEX JOELHO POSITIVO;5.25;0.00;22
LM3675;;KIT FIXACAO E ACABAMENTO PERFIL NANO SOBREPOR 12MM BRANCO (KIT COM 2 UNID. MOLAS E TAMPAS);2.90;0.00;22
LM2225;;TAMPINHA PARA PERFIL DE SOBREPOR MOVELARIA BC (CAIXA COM 50PCS);37.85;0.00;22
LM1951;;PERFIL P/ MOVELARIA - EMB/SOBR, P/ FITAS LED C/ LARGURA ATÉ 12MM, PRETO, C/ DIFUSOR BRANCO, TAM:1M;23.70;0.00;22
LM1952;;PERFIL P/ MOVELARIA - EMB/SOBR, P/ FITAS LED C/ LARGURA ATÉ 12MM, PRETO, C/ DIFUSOR BRANCO, TAM:2M;46.50;0.00;22
LM1953;;PERFIL P/ MOVELARIA - EMB/SOBR, P/ FITAS LED C/ LARGURA ATÉ 12MM, PRETO, C/ DIFUSOR BRANCO, TAM:3M;67.65;0.00;22
LM2543;;CONECTOR P/ PERFIL SOBREPOR NANO PRETO, C/ DIFUSOR BRANCO CONEX JOELHO PAREDE-PAREDE;5.20;0.00;22
LM2546;;CONECTOR P/ PERFIL SOBREPOR NANO PRETO, C/ DIFUSOR BRANCO CONEX JOELHO PAREDE-TETO;5.05;0.00;22
LM2540;;CONECTOR P/ PERFIL SOBREPOR NANO PRETO, C/ DIFUSOR BRANCO CONEX JOELHO POSITIVO;5.05;0.00;22
LM3676;;KIT FIXACAO E ACABAMENTO PERFIL NANO SOBREPOR 12MM PRETO (KIT COM 2 UNID. MOLAS E TAMPAS);2.90;0.00;23
LM2226;;TAMPINHA PARA PERFIL DE SOBREPOR MOVELARIA PT (CAIXA COM 50PCS);43.99;0.00;23
LM3291;;PERFIL DE SOBR NANO LARGO 30MM, BC/BC, TAM: 1M;39.95;0.00;23
LM3293;;PERFIL DE SOBR NANO LARGO 30MM, BC/BC, TAM: 2M;80.40;0.00;23
LM3295;;PERFIL DE SOBR NANO LARGO 30MM, BC/BC, TAM: 3M;119.55;0.00;23
LM3297;;CONECTOR P/ PERFIL DE SOBR NANO LARGO 30MM BC/BC, PRD-PRD;10.75;0.00;23
LM3299;;CONECTOR P/ PERFIL DE SOBR NANO LARGO 30MM BC/BC, TETO-PRD;10.75;0.00;23
LM3301;;CONECTOR P/ PERFIL DE SOBR NANO LARGO 30MM BC/BC, POSITIVO;10.75;0.00;23
LM3292;;PERFIL DE SOBR NANO LARGO 30MM, PT/BC, TAM: 1M;39.80;0.00;23
LM3294;;PERFIL DE SOBR NANO LARGO 30MM, PT/BC, TAM: 2M;80.10;0.00;23
LM3296;;PERFIL DE SOBR NANO LARGO 30MM, PT/BC, TAM: 3M;119.10;0.00;23
LM3298;;CONECTOR P/ PERFIL DE SOBR NANO LARGO 30MM PT/BC, PRD-PRD;10.75;0.00;23
LM3300;;CONECTOR P/ PERFIL DE SOBR NANO LARGO 30MM PT/BC, TETO-PRD;10.75;0.00;23
LM3302;;CONECTOR P/ PERFIL DE SOBR NANO LARGO 30MM PT/BC, POSITIVO;10.75;0.00;23
LM3677;;KIT FIXACAO E ACABAMENTO PERFIL NANO SOBREPOR 30MM BRANCO (KIT COM 2 UNID. MOLAS E TAMPAS);3.80;0.00;23
LM3707;;KIT ACABAMENTO PERFIL NANO SOBREPOR 30MM BRANCO (KIT COM 2 TAMPAS);2.99;0.00;23
LM3744;;KIT ACABAMENTO PERFIL NANO SOBREPOR 30MM BRANCO (CAIXA COM 50 TAMPAS);62.15;0.00;23
LM3678;;KIT FIXACAO E ACABAMENTO PERFIL NANO SOBREPOR 30MM PRETO (KIT COM 2 UNID. MOLAS E TAMPAS);3.70;0.00;23
LM3708;;KIT ACABAMENTO PERFIL NANO SOBREPOR 30MM PRETO (KIT COM 2 TAMPAS);2.99;0.00;23
LM3745;;KIT ACABAMENTO PERFIL NANO SOBREPOR 30MM PRETO (CAIXA COM 50 TAMPAS);59.99;0.00;23
LM974;;PERFIL DE SOBREPOR PARA FITAS DE LED COM LARGURA ATÉ 12MM, TAMANHO: 1M;27.10;0.00;23
LM975;;PERFIL DE SOBREPOR PARA FITAS DE LED COM LARGURA ATÉ 12MM, TAMANHO: 2M;53.05;0.00;23
LM1109;;PERFIL DE SOBREPOR FINO PARA FITAS DE LED COM LARGURA ATÉ 12MM, TAMANHO: 3M;78.50;0.00;23
LM977;;CONECTOR PARA PERFIL DE SOBREPOR COM FITAS DE LARGURA ATÉ 12MM, CONEXÃO PAREDE - PAREDE;10.05;0.00;23
LM976;;CONECTOR PARA PERFIL DE SOBREPOR COM FITAS DE LARGURA ATÉ 12MM, CONEXÃO PAREDE - TETO;10.05;0.00;23
LM1124;;CONECTOR PARA PERFIL DE SOBREPOR FINO COM FITAS DE LARGURA ATÉ 12MM, CONEXÃO JOELHO POSITIVO;10.05;0.00;23
LM1099;;KIT PARA FIXAÇÃO E ACABAMENTO DE PERFIL DE SOBREPOR FINO 12MM;3.15;0.00;23
LM2213;;TAMPINHA PARA PERFIL DE SOBREPOR 12MM BC (CAIXA COM 50PCS);26.55;0.00;23
LM1266;;PERFIL DE SOBREPOR FINO PRETO, COM DIFUSOR BRANCO, PARA FITAS DE LED COM LARGURA ATÉ 12MM, TAM: 1M;29.15;0.00;23
LM1268;;PERFIL DE SOBREPOR FINO PRETO, COM DIFUSOR BRANCO, PARA FITAS DE LED COM LARGURA ATÉ 12MM, TAM: 2M;52.45;0.00;23
LM1312;;PERFIL DE SOBREPOR FINO PRETO, COM DIFUSOR BRANCO, PARA FITAS DE LED COM LARGURA ATÉ 12MM, TAM:3M;77.80;0.00;23
LM1272;;CONECTOR PERFIL SOBR FINO PRETO, C/ DIFUSOR BRANCO, C/ FITAS LARG 12MM, CONEX JOELHO PAREDE-PAREDE;9.95;0.00;23
LM1270;;CONECTOR P/ PERFIL SOBR FINO PRETO, C/ DIFUSOR BRANCO, C/ FITAS LARG 12MM, CONEX JOELHO TETO-PAREDE;9.95;0.00;23
LM1324;;CONECTOR P/ PERFIL SOBR FINO PRETO, C/ DIFUSOR BRANCO, C/ FITAS DE LARG ATÉ 12MM, CONEX JOELHO POSIT;9.95;0.00;23
LM1308;;KIT PARA FIXAÇÃO E ACABAMENTO PRETO PARA PERFIL DE SOBREPOR FINO 12MM;2.80;0.00;23
LM2214;;TAMPINHA PARA PERFIL DE SOBREPOR 12MM PT (CAIXA COM 50PCS);17.90;0.00;23
LM978;;PERFIL DE SOBREPOR PARA FITAS DE LED COM LARGURA ATÉ 30MM, TAMANHO: 1M;67.60;0.00;24
LM979;;PERFIL DE SOBREPOR PARA FITAS DE LED COM LARGURA ATÉ 30MM, TAMANHO: 2M;127.30;0.00;24
LM1110;;PERFIL DE SOBREPOR LARGO PARA FITAS DE LED COM LARGURA ATÉ 30MM, TAMANHO: 3M;200.90;0.00;24
LM981;;CONECTOR PARA PERFIL DE SOBREPOR COM FITAS DE LARGURA ATÉ 30MM, CONEXÃO PAREDE - PAREDE;23.60;0.00;24
LM980;;CONECTOR PARA PERFIL DE SOBREPOR COM FITAS DE LARGURA ATÉ 30MM, CONEXÃO PAREDE - TETO;23.60;0.00;24
LM1125;;CONECTOR PARA PERFIL DE SOBREPOR LARGO COM FITAS DE LARGURA ATÉ 30MM, CONEXÃO JOELHO POSITIVO;23.60;0.00;24
LM1100;;KIT PARA FIXAÇÃO E ACABAMENTO DE PERFIL DE SOBREPOR LARGO 30MM;2.85;0.00;24
LM2217;;TAMPINHA PARA PERFIL DE SOBREPOR 30MM BC (CAIXA COM 50PCS);37.20;0.00;24
LM1274;;PERFIL DE SOBREPOR LARGO PRETO, COM DIFUSOR BRANCO, PARA FITAS DE LED COM LARGURA ATÉ 30MM, TAM: 1M;69.30;0.00;24
LM1276;;PERFIL DE SOBREPOR LARGO PRETO, COM DIFUSOR BRANCO, PARA FITAS DE LED COM LARGURA ATÉ 30MM, TAM: 2M;126.75;0.00;24
LM1314;;PERFIL DE SOBREPOR LARGO PRETO, COM DIFUSOR BRANCO, PARA FITAS DE LED COM LARGURA ATÉ 30MM, TAM: 3M;199.05;0.00;24
LM1280;;CONECTOR P/ PERFIL SOBR LARGO PRETO, DIFUSOR BRANCO, C/ FITAS LARG 30MM, CONEX JOELHO PAREDE-PAREDE;23.45;0.00;24
LM1278;;CONECTOR PERFIL DE SOBR LARGO PRETO, C/ DIFUSOR BRANCO, C/ FITAS LARG 30MM, CONEX JOELHO PAREDE-TETO;23.45;0.00;24
LM1326;;CONECTOR P/ PERFIL SOBR LARGO PRETO, C/ DIFUSOR BRANCO, C/ FITAS DE LARG ATÉ 30MM, CONEX JOELHO POS;23.45;0.00;24
LM1309;;KIT PARA FIXAÇÃO E ACABAMENTO PRETO PARA PERFIL DE SOBREPOR LARGO 30MM;2.80;0.00;24
LM2218;;TAMPINHA PARA PERFIL DE SOBREPOR 30MM PT (CAIXA COM 50PCS);35.80;0.00;24
LM1379;;PERFIL DE SOBREPOR DE 50MM, BRANCO, PARA FITAS LED DE ATÉ 35MM, TAMANHO: 1 METRO;82.25;0.00;24
LM1380;;PERFIL DE SOBREPOR DE 50MM, BRANCO, PARA FITAS LED DE ATÉ 35MM, TAMANHO: 2 METROS;156.40;0.00;24
LM1381;;PERFIL DE SOBREPOR DE 50MM, BRANCO, PARA FITAS LED DE ATÉ 35MM, TAMANHO: 3 METROS;233.15;0.00;24
LM1835;;CONECTOR P/ PERFIL SOBREPOR 50MM, BRANCO, CONEXÃO JOELHO PARDE-PAREDE;10.85;0.00;24
LM1834;;CONECTOR P/ PERFIL SOBREPOR 50MM, BRANCO, CONEXÃO JOELHO TETO-PAREDE;14.90;0.00;24
LM1836;;CONECTOR P/ PERFIL SOBREPOR 50MM, BRANCO, CONEXÃO JOELHO POSITIVO;10.85;0.00;24
LM1846;;KIT FIXAÇÃO PERFIL 50MM SOBREPOR BRANCO;4.60;0.00;24
LM2221;;TAMPINHA PARA PERFIL DE SOBREPOR 50MM BC (CAIXA COM 50PCS);49.70;0.00;24
LM1382;;PERFIL DE SOBREPOR DE 50MM, PRETO, COM DIFUSOR BRANCO, PARA FITAS LED DE ATÉ 35MM, TAMANHO: 1 METRO;81.25;0.00;24
LM1383;;PERFIL DE SOBREPOR DE 50MM, PRETO, COM DIFUSOR BRANCO, PARA FITAS LED DE ATÉ 35MM, TAMANHO: 2 METROS;154.75;0.00;24
LM1384;;PERFIL DE SOBREPOR DE 50MM, PRETO, COM DIFUSOR BRANCO, PARA FITAS LED DE ATÉ 35MM, TAMANHO: 3M;230.90;0.00;24
LM1838;;CONECTOR P/ PERFIL SOBREPOR 50MM, PRETO, COM DIFUSOR BRANCO, CONEXÃO JOELHO PAREDE-PAREDE;10.70;0.00;24
LM1837;;CONECTOR P/ PERFIL SOBREPOR 50MM, PRETO, COM DIFUSOR BRANCO, CONEXÃO JOELHO TETO-PAREDE;14.65;0.00;24
LM1839;;CONECTOR P/ PERFIL SOBREPOR 50MM, PRETO, COM DIFUSOR BRANCO, CONEXÃO JOELHO POSITIVO;10.70;0.00;24
LM1845;;KIT FIXAÇÃO PERFIL 50MM SOBREPOR PRETO;4.40;0.00;24
LM2222;;TAMPINHA PARA PERFIL DE SOBREPOR 50MM PT (CAIXA COM 50PCS);49.45;0.00;24
LM1914;;PERFIL SOBREPOR DE 35MM P FITAS DE LED DE ATE 30MM, DOURADO TAM.1M;83.45;0.00;25
LM1915;;PERFIL DE SOBREPOR DE 35MM, PARA FITAS DE LED DE ATÉ 30MM, DOURADO, TAM: 2M;161.90;0.00;25
LM1916;;PERFIL DE SOBREPOR DE 35MM, PARA FITAS DE LED DE ATÉ 30MM, OURO CHAMPAGNE, TAM: 3M;241.75;0.00;25
LM1924;;CONECTOR PARA PERFIL DE SOBREPOR DE 35MM P FITAS LED ATÉ 30MM, DOURADO, CONEX JLHO PRD-PRD;25.65;0.00;25
LM1923;;CONECTOR PARA PERFIL DE SOBREPOR DE 35MM P FITAS LED ATÉ 30MM, DOURADO, CONEX JLHO TETO-PRD;25.65;0.00;25
LM1925;;CONECTOR PARA PERFIL DE SOBREPOR DE 35MM P FITAS LED ATÉ 30MM, DOURADO, CONEX JLHO POS;25.65;0.00;25
LM1966;;KIT PARA FIXAÇÃO E ACABAMENTO OURO CHAMPAGNE PARA PERFIL DE SOBREPOR DE 35MM;6.15;0.00;25
LM1932;;PERFIL DE SOBREPOR DE 50MM, PARA FITAS LED DE ATÉ 35MM, OURO CHAMPAGNE, TAM: 1M;93.80;0.00;25
LM1933;;PERFIL DE SOBREPOR DE 50MM, PARA FITAS LED DE ATÉ 35MM, OURO CHAMPAGNE, TAM: 2M;183.85;0.00;25
LM1934;;PERFIL DE SOBREPOR DE 50MM, PARA FITAS LED DE ATÉ 35MM, OURO CHAMPAGNE, TAM: 3M;274.65;0.00;25
LM1942;;CONECTOR P PERFIL SOBR 50MM P FITAS LED C LARGURA ATÉ 35MM, OURO CHAMPAGNE, CONEX JLHO PRD-PRD;12.90;0.00;25
LM1941;;CONECTOR P PERFIL DE SOBR 50MM P FITAS LED C LARGURA ATÉ 35MM, OURO CHAMPAGNE, CONEX JLHO TETO-PRD;20.40;0.00;25
LM1943;;CONECTOR P PERFIL DE SOBR 50MM P FITAS LED C LARGURA ATÉ 35MM, OURO CHAMPAGNE CONEX JLHO POS;12.90;0.00;25
LM1969;;KIT PARA FIXAÇÃO E ACABAMENTO OURO CHAMPAGNE PARA PERFIL DE SOBREPOR 50MM;6.85;0.00;25
LM3442;;PERFIL ALOJAMENTO, BRANCO, TAM:1M;68.80;0.00;25
LM3444;;PERFIL ALOJAMENTO, BRANCO, TAM:2M;137.50;0.00;25
LM3446;;PERFIL ALOJAMENTO, BRANCO, TAM:3M;203.05;0.00;25
LM3448;;CONECTOR P/ PERFIL DE ALOJAMENTO PAREDE/PAREDE BC/BC COMP:130MM;19.65;0.00;25
LM3450;;CONECTOR P/ PERFIL DE ALOJAMENTO TETO/PAREDE BC/BC COMP:130MM;19.65;0.00;25
LM3452;;CONECTOR P/ PERFIL DE ALOJAMENTO POSITIVO BC/BC COMP:130MM;19.65;0.00;25
LM3454;;KIT DE FIXACAO E ACABAMENTO DE PERFIL DE ALOJAMENTO BR;12.45;0.00;25
LM3443;;PERFIL ALOJAMENTO, PRETO, TAM:1M;68.40;0.00;25
LM3445;;PERFIL ALOJAMENTO, PRETO, TAM:2M;136.65;0.00;25
LM3447;;PERFIL ALOJAMENTO, PRETO, TAM:3M;201.75;0.00;25
LM3449;;CONECTOR P/ PERFIL DE ALOJAMENTO PAREDE/PAREDE PT/BC COMP:130MM;19.60;0.00;25
LM3451;;CONECTOR P/ PERFIL DE ALOJAMENTO TETO/PAREDE PT/BC COMP:130MM;19.60;0.00;25
LM3453;;CONECTOR P/ PERFIL DE ALOJAMENTO POSITIVO PT/BC COMP:130MM;19.60;0.00;25
LM3455;;KIT DE FIXACAO E ACABAMENTO DE PERFIL DE ALOJAMENTO PT;12.40;0.00;25
LM3583;;PERFIL ALOJAMENTO 50MM, BRANCO, TAM:1M;101.65;0.00;25
LM3585;;PERFIL ALOJAMENTO 50MM, BRANCO, TAM:2M;198.75;0.00;25
LM3587;;PERFIL ALOJAMENTO 50MM, BRANCO, TAM:3M;288.35;0.00;25
LM3589;;CONECTOR P/ PERFIL DE ALOJAMENTO 50MM PAREDE/PAREDE BC/BC;18.35;0.00;25
LM3591;;CONECTOR P/ PERFIL DE ALOJAMENTO 50MM TETO/PAREDE BC/BC;18.20;0.00;25
LM3593;;CONECTOR P/ PERFIL DE ALOJAMENTO 50MM POSITIVO BC/BC;18.35;0.00;25
LM3581;;KIT DE FIXACAO E ACABAMENTO DE PERFIL DE ALOJAMENTO 50MM BR;8.99;0.00;25
LM3584;;PERFIL ALOJAMENTO 50MM, PRETO, TAM:1M;101.35;0.00;25
LM3586;;PERFIL ALOJAMENTO 50MM, PRETO, TAM:2M;198.20;0.00;25
LM3588;;PERFIL ALOJAMENTO 50MM, PRETO, TAM:3M;294.99;0.00;25
LM3590;;CONECTOR P/ PERFIL DE ALOJAMENTO 50MM PAREDE/PAREDE PT/BC;18.35;0.00;26
LM3592;;CONECTOR P/ PERFIL DE ALOJAMENTO 50MM TETO/PAREDE PT/BC;18.20;0.00;26
LM3594;;CONECTOR P/ PERFIL DE ALOJAMENTO 50MM POSITIVO PT/BC;18.35;0.00;26
LM3582;;KIT DE FIXACAO E ACABAMENTO DE PERFIL DE ALOJAMENTO 50MM PT;8.15;0.00;26
LM982;;PERFIL DE SOBREPOR, CANTONEIRA, PARA FITAS DE LED COM LARGURA ATÉ 10MM, TAMANHO: 1M;28.65;0.00;26
LM983;;PERFIL DE SOBREPOR, CANTONEIRA, PARA FITAS DE LED COM LARGURA ATÉ 10MM, TAMANHO: 2M;53.65;0.00;26
LM1111;;PERFIL DE SOBREPOR, CANTONEIRA, PARA FITAS DE LED COM LARGURA ATÉ 10MM, TAMANHO: 3M;79.05;0.00;26
LM1101;;KIT PARA FIXAÇÃO E ACABAMENTO DE PERFIL DE SOBREPOR CANTONEIRA 10MM;4.25;0.00;26
LM3787;;DIFUSOR PARA PERFIL CANTONEIRA POLICARBONATO 1MT (1 PC);10.10;0.00;26
LM3788;;DIFUSOR PARA PERFIL CANTONEIRA POLICARBONATO 2MT (1 PC);20.10;0.00;26
LM3789;;DIFUSOR PARA PERFIL CANTONEIRA POLICARBONATO 3MT (1 PC);30.05;0.00;26
LM2242;;KIT PENDENTE CORDOALHO ELETRIFICADO PARA PERFIL DE SOBREPOR 1,5M;47.80;0.00;26
LM2243;;KIT PENDENTE CORDOALHO ELETRIFICADO PARA PERFIL DE SOBREPOR 3M;54.55;0.00;26
LM2244;;KIT PD CORDOALHO ELETRIFICADO P/ PERFIL SOBR C ALOJAMENTO P/ O DRIVER_CANOPLA 1,5M BRANCO;57.35;0.00;26
LM2245;;KIT PD CORDOALHO ELETRIFICADO P/ PERFIL SOBR C ALOJAMENTO P/ O DRIVER_CANOPLA 1,5M PRETO;57.20;0.00;26
LM2246;;KIT PD CORDOALHO ELETRIFICADO P/ PERFIL SOBR C ALOJAMENTO P/ O DRIVER_CANOPLA 1,5M OURO CHAMPAGNE;68.10;0.00;26
LM2249;;KIT PD CORDOALHO ELETRIFICADO P/ PERFIL SOBR C ALOJAMENTO P/ O DRIVER_CANOPLA 3M BRANCO;64.15;0.00;26
LM2250;;KIT PD CORDOALHO ELETRIFICADO P/ PERFIL SOBR C ALOJAMENTO P/ O DRIVER_CANOPLA 3M PRETO;63.95;0.00;26
LM2251;;KIT PD CORDOALHO ELETRIFICADO P/ PERFIL SOBR C ALOJAMENTO P/ O DRIVER_CANOPLA 3M OURO CHAMPAGNE;74.85;0.00;26
LM2767;;PERFIL DE EMBUTIR RIPADO, PARA FITAS DE LED COM LARG ATE 6MM, BRANCO, COM DIFUSOR BRANCO, TAM: 1M;15.25;0.00;26
LM2769;;PERFIL DE EMBUTIR RIPADO, PARA FITAS DE LED COM LARG ATE 6MM, BRANCO, COM DIFUSOR BRANCO, TAM: 2M;28.50;0.00;26
LM2771;;PERFIL DE EMBUTIR RIPADO, PARA FITAS DE LED COM LARG ATE 6MM, BRANCO, COM DIFUSOR BRANCO, TAM: 3M;40.45;0.00;26
LM3781;;DIFUSOR PARA PERFIL RIPADO NOVO POLICARBONATO 1MT (1 PC);4.85;0.00;26
LM3782;;DIFUSOR PARA PERFIL RIPADO NOVO POLICARBONATO 2MT (1 PC);9.55;0.00;26
LM3783;;DIFUSOR PARA PERFIL RIPADO NOVO POLICARBONATO 3MT (1 PC);14.30;0.00;26
LM3798;;DIFUSOR PARA PERFIL RIPADO NOVO POLICARBONATO 3MT (10 PCS);0.00;0.00;26
LM2768;;PERFIL DE EMBUTIR RIPADO, PARA FITAS DE LED COM LARG ATE 6MM, PRETO, COM DIFUSOR BRANCO, TAM: 1M;15.20;0.00;26
LM2770;;PERFIL DE EMBUTIR RIPADO, PARA FITAS DE LED COM LARG ATE 6MM, PRETO, COM DIFUSOR BRANCO, TAM: 2M;28.30;0.00;26
LM2772;;PERFIL DE EMBUTIR RIPADO, PARA FITAS DE LED COM LARG ATE 6MM, PRETO, COM DIFUSOR BRANCO, TAM: 3M;40.20;0.00;26
LM1987;;PERFIL DE EMBUTIR RIPADO, LARG: 10,6MM ALT: 9,9MM BC/BC, TAM:1M;11.45;0.00;26
LM1988;;PERFIL DE EMBUTIR RIPADO, LARG: 10,6MM ALT: 9,9MM BC/BC, TAM:2M;21.85;0.00;26
LM1989;;PERFIL DE EMBUTIR RIPADO, LARG: 10,6MM ALT: 9,9MM BC/BC, TAM:3M;32.45;0.00;26
LM3743;;KIT ACABAMENTO PERFIL RIPADO DIFUSOR (CAIXA COM 50 TAMPAS);5.35;0.00;26
LM1957;;PERFIL DE EMBUTIR MOVELARIA COM ABA LARGURA 12MM ALTURA 7MM, BRANCO, COM DIFUSOR BRANCO, TAM: 1M;22.05;0.00;26
LM1958;;PERFIL DE EMBUTIR MOVELARIA COM ABA LARGURA 12MM ALTURA 7MM, BRANCO, COM DIFUSOR BRANCO, TAM: 2M;43.45;0.00;26
LM1959;;PERFIL DE EMBUTIR MOVELARIA COM ABA LARGURA 12MM ALTURA 7MM, BRANCO, COM DIFUSOR BRANCO, TAM: 3M;63.10;0.00;26
LM1960;;PERFIL DE EMBUTIR MOVELARIA COM ABA LARGURA 12MM ALTURA 7MM, PRETO, COM DIFUSOR BRANCO, TAM: 1M;20.90;0.00;27
LM1961;;PERFIL DE EMBUTIR MOVELARIA COM ABA LARGURA 12MM ALTURA 7MM, PRETO, COM DIFUSOR BRANCO, TAM: 2M;43.50;0.00;27
LM1962;;PERFIL DE EMBUTIR MOVELARIA COM ABA LARGURA 12MM ALTURA 7MM, PRETO, COM DIFUSOR BRANCO, TAM: 3M;63.70;0.00;27
LM2580;;TAMPA CEGA SISTEMA PERFIL EMB/SOBR 30MM 0,10M BRANCO;3.15;0.00;27
LM2581;;TAMPA CEGA SISTEMA PERFIL EMB/SOBR 30MM 0,10M PRETO;3.05;0.00;27
LM2582;;TAMPA CEGA SISTEMA PERFIL EMB/SOBR 30MM 0,20M BRANCO;6.05;0.00;27
LM2583;;TAMPA CEGA SISTEMA PERFIL EMB/SOBR 30MM 0,20M PRETO;5.85;0.00;27
LM2054;;TAMPA CEGA SISTEMA PERFIL EMB/SOBR 30MM 0,50M BRANCO;15.35;0.00;27
LM2057;;TAMPA CEGA SISTEMA PERFIL EMB/SOBR 30MM 0,50M PRETO;14.90;0.00;27
LM2578;;TAMPA CEGA SISTEMA PERFIL EMB/SOBR 30MM 0,80M BRANCO;21.80;0.00;27
LM2579;;TAMPA CEGA SISTEMA PERFIL EMB/SOBR 30MM 0,80M PRETO;21.10;0.00;27
LM2055;;TAMPA CEGA SISTEMA PERFIL EMB/SOBR 30MM 1MT BRANCO;28.85;0.00;27
LM2058;;TAMPA CEGA SISTEMA PERFIL EMB/SOBR 30MM 1MT PRETO;27.95;0.00;27
LM2056;;TAMPA CEGA SISTEMA PERFIL EMB/SOBR 30MM 2MT BRANCO;57.30;0.00;27
LM2059;;TAMPA CEGA SISTEMA PERFIL EMB/SOBR 30MM 2MT PRETO;55.60;0.00;27
LM2586;;TAMPA CEGA SISTEMA PERFIL EMB/SOBR 50MM 0,10M BRANCO;3.20;0.00;27
LM2587;;TAMPA CEGA SISTEMA PERFIL EMB/SOBR 50MM 0,10M PRETO;3.10;0.00;27
LM2588;;TAMPA CEGA SISTEMA PERFIL EMB/SOBR 50MM 0,20M BRANCO;6.20;0.00;27
LM2589;;TAMPA CEGA SISTEMA PERFIL EMB/SOBR 50MM 0,20M PRETO;5.30;0.00;27
LM2060;;TAMPA CEGA SISTEMA PERFIL EMB/SOBR 50MM 0,50M BRANCO;15.50;0.00;27
LM2063;;TAMPA CEGA SISTEMA PERFIL EMB/SOBR 50MM 0,50M PRETO;14.99;0.00;27
LM2584;;TAMPA CEGA SISTEMA PERFIL EMB/SOBR 50MM 0,80M BRANCO;22.35;0.00;27
LM2585;;TAMPA CEGA SISTEMA PERFIL EMB/SOBR 50MM 0,80M PRETO;21.65;0.00;27
LM2061;;TAMPA CEGA SISTEMA PERFIL EMB/SOBR 50MM 1MT BRANCO;29.05;0.00;27
LM2064;;TAMPA CEGA SISTEMA PERFIL EMB/SOBR 50MM 1MT PRETO;28.10;0.00;27
LM2062;;TAMPA CEGA SISTEMA PERFIL EMB/SOBR 50MM 2MT BRANCO;56.30;0.00;27
LM2065;;TAMPA CEGA SISTEMA PERFIL EMB/SOBR 50MM 2MT PRETO;54.60;0.00;27
LM2345;;SYSTEM UNIVERSAL TAMPA C/FURO PARA SPOT USO PERFIL DE 30MM EBM./SOBR 10CM BRANCO;2.45;0.00;27
LM2346;;SYSTEM UNIVERSAL TAMPA C/FURO PARA SPOT USO PERFIL DE 30MM EBM./SOBR 10CM PRETO;3.99;0.00;27
LM2347;;SYSTEM UNIVERSAL TAMPA C/FURO PARA SPOT USO PERFIL DE 50MM EBM./SOBR 10CM BRANCO;3.25;0.00;27
LM2348;;SYSTEM UNIVERSAL TAMPA C/FURO PARA SPOT USO PERFIL DE 50MM EBM./SOBR 10CM PRETO;2.99;0.00;27
LM2575;;MODULO PENDENTE SLIM PARA MR11 ATÉ 4W USO PERFIL EMB/SOB DINAMIC PT;39.99;0.00;27
LM2574;;MODULO PENDENTE SLIM PARA MR11 ATÉ 4W USO PERFIL EMB/SOB DINAMIC BR;40.05;0.00;27
LM2573;;MODULO SPOT SLIM PARA MR11 ATÉ 4W USO PERFIL EMB/SOB DINAMIC PT;34.45;0.00;27
LM2572;;MODULO SPOT SLIM PARA MR11 ATÉ 4W USO PERFIL EMB/SOB DINAMIC BR;34.50;0.00;27
LM2577;;MODULO SPOT PARA MR11 ATÉ 4W USO PERFIL EMB/SOB DINAMIC PT;34.75;0.00;27
LM2576;;MODULO SPOT PARA MR11 ATÉ 4W USO PERFIL EMB/SOB DINAMIC BR;34.80;0.00;28
LM2351;;SYSTEM UNIVERSAL SPOT PARA DICROICA ATE 8W PRETO GU10 PARA USO TAMPA C/ FURO;38.99;0.00;28
LM2352;;SYSTEM UNIVERSAL SPOT PARA DICROICA ATE 8W BRANCO GU10 PARA USO TAMPA C/ FURO;39.15;0.00;28
LM2353;;SYSTEM UNIVERSAL SPOT PARA DICROICA ATE 8W OURO CHAMPGNE GU10 PARA USO TAMPA C/ FURO;42.80;0.00;28
LM2361;;SYSTEM UNIVERSAL SPOT PARA AR70 ATE 8W GU10 PRETO PARA USO TAMPA C/FURO;79.35;0.00;28
LM2362;;SYSTEM UNIVERSAL SPOT PARA AR70 ATE 8W GU10 BRANCO PARA USO TAMPA C/FURO;59.25;0.00;28
LM2356;;SYSTEM UNIVERSAL SPOT PARA PAR20 ATE 8W E 27 PRETO PARA USO TAMPA C/FURO;74.85;0.00;28
LM2357;;SYSTEM UNIVERSAL SPOT PARA PAR20 ATE 8W E 27 BRANCO PARA USO TAMPA C/FURO;76.50;0.00;28
LM2879;;MODULO SPOT DIRECIONAVEL C/ PROLONGADOR MR11 PARA NO FRAME BRANCO;36.60;0.00;28
LM2880;;MODULO SPOT DIRECIONAVEL C/ PROLONGADOR MR11 PARA NO FRAME PRETO;35.30;0.00;28
LM2881;;MODULO SPOT DIRECIONAVEL C/ PROLONGADOR MR11 PARA NO FRAME DOURADO;36.80;0.00;28
LM2934;;MODULO SPOT DIRECIONAVEL C/ PROLONGADOR PAR16 PARA NO FRAME BRANCO;38.75;0.00;28
LM2933;;MODULO SPOT DIRECIONAVEL C/ PROLONGADOR PAR16 PARA NO FRAME PRETO;34.50;0.00;28
LM2864;;MODULO SPOT DIRECIONAVEL C/ PROLONGADOR PAR16 PARA NO FRAME DOURADO;42.85;0.00;28
LM2331;;MAGNETO22 TRILHO DE SOBREPOR MAGNETICO PT 1M - MAX. 48V;64.20;9.75;28
LM2332;;MAGNETO22 TRILHO DE SOBREPOR MAGNETICO PT 2M - MAX. 48V;120.20;9.75;28
LM2333;;MAGNETO22 TRILHO DE SOBREPOR MAGNETICO PT 3M - MAX. 48V;179.10;9.75;28
LM2338;;MAGNETO22 CONECTOR DE ENERGIA DIRECIONAVEL PARA USO NO TRILHO MAGNETICO - MAX. 48V;29.30;9.75;28
LM2339;;MAGNETO22 CONECTOR PARA TRILHO DE SOBREPOR MAGNETICO PT CONEXAO JOELHO PAREDE PAREDE - MAX. 48V;27.80;9.75;28
LM2340;;MAGNETO22 CONECTOR PARA TRILHO DE SOBREPOR MAGNETICO PT CONEXAO JOELHO TETO PAREDE - MAX. 48V;32.30;9.75;28
LM2334;;MAGNETO22 TRILHO DE EMBUTIR NO FRAME MAGNETICO PT 1M - MAX. 48V;60.10;9.75;28
LM2335;;MAGNETO22 TRILHO DE EMBUTIR NO FRAME MAGNETICO PT 2M - MAX. 48V;127.10;9.75;28
LM2336;;MAGNETO22 TRILHO DE EMBUTIR NO FRAME MAGNETICO PT 3M - MAX. 48V;188.65;9.75;28
LM2341;;MAGNETO22 CONECTOR PARA TRILHO DE EMBUTIR NO FRAME MAGNETICO PT CONEXAO JOELHO PRD PRD - MAX. 4;27.80;9.75;28
LM2342;;MAGNETO22 CONECTOR PARA TRILHO DE EMBUTIR NO FRAME MAGNETICO PT CONEXAO JOELHO TETO PRD - MAX. 48;27.80;9.75;28
LM2942;;MAGNETO22 TRILHO DE EMBUTIR MAGNETICO PT 1M - MAX. 48V;67.80;9.75;28
LM2943;;MAGNETO22 TRILHO DE EMBUTIR MAGNETICO PT 2M - MAX. 48V;147.90;9.75;28
LM2944;;MAGNETO22 TRILHO DE EMBUTIR MAGNETICO PT 3M - MAX. 48V;236.40;9.75;28
LM2987;;MAGNETO22 MOLAS DE FIXAÇÃO PARA TRILHO DE EMBUTIR MAGNETICO (KIT COM 2 UNIDADES);15.35;9.75;28
LM2328;;MAGNETO22 SPOT MAGNETICO 12W 2700K 48V 115MM PT PARA USO NO TRILHO MAGNETICO;56.90;9.75;28
LM2329;;MAGNETO22 SPOT MAGNETICO 20W 2700K 48V 115MM PT PARA USO NO TRILHO MAGNETICO;64.65;9.75;28
LM2330;;MAGNETO22 SPOT PENDENTE MAGNETICO 6W 2700K 48V 115MM PT PARA USO NO TRILHO MAGNETICO;76.99;9.75;28
LM2325;;MAGNETO22 MODULO DIFUSO MAGNETICO 12W 2700K 48V 300MM PT PARA USO NO TRILHO MAGNETICO;23.80;9.75;28
LM2946;;MAGNETO22 MODULO DIFUSO MAGNETICO 24W 2700K 48V 600MM PT PARA USO NO TRILHO MAGNETICO;53.90;9.75;28
LM2326;;MAGNETO22 MODULO CONCENT MAGNETICO DIRECIONAVEL 6W 2700K 48V 120MM PT P/ USO NO TRILHO MAGNETICO;33.65;9.75;28
LM2327;;MAGNETO22 MODULO CONCENT MAGNETICO DIRECIONAVEL 12W 2700K 48V 222MM PT P/ USO NO TRILHO MAGNETICO;54.20;9.75;28
LM2322;;MAGNETO22 MODULO CONCENTRADO MAGNETICO 6W 2700K 48V 120MM PT PARA USO NO TRILHO MAGNETICO;15.45;9.75;28
LM2323;;MAGNETO22 MODULO CONCENTRADO MAGNETICO 12W 2700K 48V 222MM PT PARA USO NO TRILHO MAGNETICO;32.70;9.75;28
LM2324;;MAGNETO22 MODULO CONCENTRADO MAGNETICO 18W 2700K 48V 330MM PT PARA USO NO TRILHO MAGNETICO;42.60;9.75;28
LM2343;;MAGNETO22 DRIVER PARA TRILHO MAGNETICO 100W AC127-220V DC48V;94.20;3.75;28
LM2344;;MAGNETO22 DRIVER PARA TRILHO MAGNETICO 200W AC127-220V DC48V;115.35;3.75;28
LM1998;;SYSTEM MOLD 22 PERFIL NOFRAME MODULAR LARGURA 26,2MM ALTURA 46MM TAMANHO 1M BRANCO;132.35;0.00;28
LM1999;;SYSTEM MOLD 22 PERFIL NOFRAME MODULAR LARGURA 26,2MM ALTURA 46MM TAMANHO 2M BRANCO;252.05;0.00;28
LM2000;;SYSTEM MOLD 22 PERFIL NOFRAME MODULAR LARGURA 26,2MM ALTURA 46MM TAMANHO 3M BRANCO;371.75;0.00;29
LM2567;;SYSTEM MOLD 22 KIT MODULAR NO FRAME BRANCO;12.45;0.00;29
LM2001;;SYSTEM MOLD 22 PERFIL NOFRAME MODULAR LARGURA 26,2MM ALTURA 46MM TAMANHO 1M PRETO;131.70;0.00;29
LM2002;;SYSTEM MOLD 22 PERFIL NOFRAME MODULAR LARGURA 26,2MM ALTURA 46MM TAMANHO 2M PRETO;250.85;0.00;29
LM2003;;SYSTEM MOLD 22 PERFIL NOFRAME MODULAR LARGURA 26,2MM ALTURA 46MM TAMANHO 3M PRETO;369.95;0.00;29
LM2568;;SYSTEM MOLD 22 KIT MODULAR NO FRAME PRETO;12.40;0.00;29
LM2115;;SYSTEM MOLD 22 PERFIL DE SOBREPOR MODULAR LARGURA 33,8MM ALTURA 75,5MM TAMANHO 1M BRANCO;112.80;0.00;29
LM2116;;SYSTEM MOLD 22 PERFIL DE SOBREPOR MODULAR LARGURA 33,8MM ALTURA 75,5MM TAMANHO 2M BRANCO;211.75;0.00;29
LM2117;;SYSTEM MOLD 22 PERFIL DE SOBREPOR MODULAR LARGURA 33,8MM ALTURA 75,5MM TAMANHO 3M BRANCO;310.85;0.00;29
LM2480;;SYSTEM MOLD 22 CONECTOR P/ PERFIL SOBREPOR MOD CONCENTRADO CONEXAO PAREDE-PAREDE BCM;34.35;0.00;29
LM2478;;SYSTEM MOLD 22 CONECTOR P/ PERFIL SOBREPOR MOD CONCENTRADO CONEXAO PAREDE-TETO BCM;34.35;0.00;29
LM2565;;SYSTEM MOLD 22 KIT MODULAR SOBREPOR BRANCO;6.30;0.00;29
LM2118;;SYSTEM MOLD 22 PERFIL DE SOBREPOR MODULAR LARGURA 33,8MM ALTURA 75,5MM TAMANHO 1M PRETO;112.25;0.00;29
LM2119;;SYSTEM MOLD 22 PERFIL DE SOBREPOR MODULAR LARGURA 33,8MM ALTURA 75,5MM TAMANHO 2M PRETO;210.60;0.00;29
LM2120;;SYSTEM MOLD 22 PERFIL DE SOBREPOR MODULAR LARGURA 33,8MM ALTURA 75,5MM TAMANHO 3M PRETO;309.15;0.00;29
LM2481;;SYSTEM MOLD 22 CONECTOR P/ PERFIL SOBREPOR MOD CONCENTRADO CONEXAO PAREDE-PAREDE PTM;34.15;0.00;29
LM2479;;SYSTEM MOLD 22 CONECTOR P/ PERFIL SOBREPOR MOD CONCENTRADO CONEXAO PAREDE-TETO PTM;34.15;0.00;29
LM2566;;SYSTEM MOLD 22 KIT MODULAR SOBREPOR PRETO;6.30;0.00;29
LM2109;;SYSTEM MOLD 22 PERFIL DE EMBUTIR MODULAR LARGURA 33,8MM ALTURA 48,9MM TAM: 1M BRANCO;111.15;0.00;29
LM2110;;SYSTEM MOLD 22 PERFIL DE EMBUTIR MODULAR LARGURA 33,8MM ALTURA 48,9MM TAM: 2M BRANCO;207.60;0.00;29
LM2111;;SYSTEM MOLD 22 PERFIL DE EMBUTIR MODULAR LARGURA 33,8MM ALTURA 48,9MM TAM: 3M BRANCO;304.05;0.00;29
LM2476;;SYSTEM MOLD 22 CONECTOR P/ PERFIL EMBUTIR MOD CONCENTRADO CONEXAO PAREDE-PAREDE BCM;41.60;0.00;29
LM2474;;SYSTEM MOLD 22 CONECTOR P/ PERFIL EMBUTIR MOD CONCENTRADO CONEXAO PAREDE-TETO BCM;43.50;0.00;29
LM2563;;SYSTEM MOLD 22 KIT MODULAR EMBUTIR BRANCO;14.85;0.00;29
LM2112;;SYSTEM MOLD 22 PERFIL DE EMBUTIR MODULAR LARGURA 33,8MM ALTURA 48,9MM TAM: 1M PRETO;110.60;0.00;29
LM2113;;SYSTEM MOLD 22 PERFIL DE EMBUTIR MODULAR LARGURA 33,8MM ALTURA 48,9MM TAM: 2M PRETO;206.60;0.00;29
LM2114;;SYSTEM MOLD 22 PERFIL DE EMBUTIR MODULAR LARGURA 33,8MM ALTURA 48,9MM TAM: 3M PRETO;302.50;0.00;29
LM2477;;SYSTEM MOLD 22 CONECTOR P/ PERFIL EMBUTIR MOD CONCENTRADO CONEXAO PAREDE-PAREDE PTM;41.40;0.00;29
LM2475;;SYSTEM MOLD 22 CONECTOR P/ PERFIL EMBUTIR MOD CONCENTRADO CONEXAO PAREDE-TETO PTM;38.80;0.00;29
LM2564;;SYSTEM MOLD 22 KIT MODULAR EMBUTIR PRETO;14.85;0.00;29
LM2555;;SYSTEM MOLD 22 TAMPA CEGA SISTEMA PERFIL MODULAR 0,053M BRANCO;1.20;0.00;29
LM2558;;SYSTEM MOLD 22 TAMPA CEGA SISTEMA PERFIL MODULAR 0,053M PRETO;1.20;0.00;29
LM2556;;SYSTEM MOLD 22 TAMPA CEGA SISTEMA PERFIL MODULAR 0,100M BRANCO;1.85;0.00;29
LM2559;;SYSTEM MOLD 22 TAMPA CEGA SISTEMA PERFIL MODULAR 0,100M PRETO;1.85;0.00;29
LM2557;;SYSTEM MOLD 22 TAMPA CEGA SISTEMA PERFIL MODULAR 0,133M BRANCO;2.30;0.00;29
LM2560;;SYSTEM MOLD 22 TAMPA CEGA SISTEMA PERFIL MODULAR 0,133M PRETO;2.30;0.00;29
LM2004;;SYSTEM MOLD 22 TAMPA CEGA SISTEMA PERFIL MODULAR 0,50M BRANCO;8.25;0.00;29
LM2007;;SYSTEM MOLD 22 TAMPA CEGA SISTEMA PERFIL MODULAR 0,50M PRETO;8.20;0.00;29
LM2005;;SYSTEM MOLD 22 TAMPA CEGA SISTEMA PERFIL MODULAR 1M BRANCO;15.65;0.00;30
LM2008;;SYSTEM MOLD 22 TAMPA CEGA SISTEMA PERFIL MODULAR 1M PRETO;14.80;0.00;30
LM2006;;SYSTEM MOLD 22 TAMPA CEGA SISTEMA PERFIL MODULAR 2M BRANCO;29.55;0.00;30
LM2009;;SYSTEM MOLD 22 TAMPA CEGA SISTEMA PERFIL MODULAR 2M PRETO;29.05;0.00;30
LM2561;;SYSTEM MOLD 22 TAMPA CEGA COM FURO SISTEMA PERFIL MODULAR 0,133M BRANCO;2.75;0.00;30
LM2562;;SYSTEM MOLD 22 TAMPA CEGA COM FURO SISTEMA PERFIL MODULAR 0,133M PRETO;2.75;0.00;30
LM2026;;SYSTEM MOLD 22 MODULO DIFUSO PARA FITA LED 132MM PARA USO NO PERFIL MODULAR BRANCO/BRANCO;11.70;0.00;30
LM2270;;SYSTEM MOLD 22 MODULO DIFUSO DUPLO(2) PARA FITA LED 264MM PARA USO NO PERFIL MODULAR BRANCO;26.60;0.00;30
LM2271;;SYSTEM MOLD 22 MODULO DIFUSO TRIPLO(3) PARA FITA LED 396MM PARA USO NO PERFIL MODULAR BRANCO;33.85;0.00;30
LM2272;;SYSTEM MOLD 22 MODULO DIFUSO QUADUPLO(4) PARA FITA LED 528MM PARA USO NO PERFIL MODULAR BRANCO;40.70;0.00;30
LM2273;;SYSTEM MOLD 22 MODULO DIFUSO Q(5) PARA FITA LED 660MM PARA USO NO PERFIL MODULAR BRANCO;47.55;0.00;30
LM2274;;SYSTEM MOLD 22 MODULO DIFUSO TOTAL PARA FITA LED 1MT PARA USO NO PERFIL MODULAR BRANCO;65.30;0.00;30
LM2275;;SYSTEM MOLD 22 MODULO DIFUSO TOTAL PARA FITA LED 2MT PARA USO NO PERFIL MODULAR BRANCO;120.25;0.00;30
LM2168;;SYSTEM MOLD 22 MODULO CONCENTRADO 3W 2700K ÅNGULO 34° 80MM PT PARA USO NO PERFIL MODULAR;89.25;0.00;30
LM2169;;SYSTEM MOLD 22 MODULO CONCENTRADO 3W 4000K ÅNGULO 34° 80MM PT PARA USO NO PERFIL MODULAR;76.40;0.00;30
LM2022;;SYSTEM MOLD 22 MODULO CONCENTRADO 5W 100LM 2700K ÅNGULO 34° 132MM PT PARA USO NO PERFIL MODULAR;106.20;0.00;30
LM2023;;SYSTEM MOLD 22 MODULO CONCENTRADO 5W 100LM 4000K ÅNGULO 34° 132MM PT PARA USO NO PERFIL MODULAR;106.20;0.00;30
LM928;;SPOT PARA TRILHO, COM LED INTEGRADO, BRANCO, 5W, 3000K, 127V/220V;14.60;9.75;30
LM929;;SPOT PARA TRILHO, COM LED INTEGRADO, PRETO, 5W, 3000K, 127V/220V;14.60;9.75;30
LM1206;;SPOT PARA TRILHO, COM LED INTEGRADO, BRANCO, 5W, 4000K, 127V/220V;14.60;9.75;30
LM1207;;SPOT PARA TRILHO, COM LED INTEGRADO, PRETO, 5W, 4000K, 127V/220V;14.60;9.75;30
LM1036;;SPOT PARA TRILHO 2 FIOS, COM LED INTEGRADO,BRANCO, 5W, 6000K, 127V/220V, REDONDO;15.45;9.75;30
LM1035;;SPOT PARA TRILHO 2 FIOS, COM LED INTEGRADO,PRETO, 5W, 6000K, 127V/220V, REDONDO;15.90;9.75;30
LM930;;SPOT PARA TRILHO, COM LED INTEGRADO, BRANCO, 10W, 3000K, 127V/220V;15.90;9.75;30
LM931;;SPOT PARA TRILHO, COM LED INTEGRADO, PRETO, 10W, 3000K, 127V/220V;15.90;9.75;30
LM1208;;SPOT PARA TRILHO, COM LED INTEGRADO, BRANCO, 10W, 4000K, 127V/220V;15.90;9.75;30
LM1209;;SPOT PARA TRILHO, COM LED INTEGRADO, PRETO, 10W, 4000K, 127V/220V;15.90;9.75;30
LM1038;;SPOT PARA TRILHO 2 FIOS, COM LED INTEGRADO,BRANCO, 10W, 6000K, 127V/220V, REDONDO;15.90;9.75;30
LM1037;;SPOT PARA TRILHO 2 FIOS, COM LED INTEGRADO,PRETO, 10W, 6000K, 127V/220V, REDONDO;15.90;9.75;30
LM932;;SPOT PARA TRILHO, COM LED INTEGRADO, BRANCO, 18W, 3000K, 127V/220V;20.90;9.75;31
LM933;;SPOT PARA TRILHO, COM LED INTEGRADO, PRETO, 18W, 3000K, 127V/220V;20.90;9.75;31
LM1040;;SPOT PARA TRILHO 2 FIOS, COM LED INTEGRADO,BRANCO, 18W, 6000K, 127V/220V, REDONDO;34.45;9.75;31
LM1039;;SPOT PARA TRILHO 2 FIOS, COM LED INTEGRADO,PRETO, 18W, 6000K, 127V/220V, REDONDO;34.45;9.75;31
LM1041;;SPOT PARA TRILHO 2 FIOS, COM LED INTEGRADO, BRANCO, 10W, 3000K, 127V/220V, QUADRADO;33.60;9.75;31
LM1048;;SPOT PARA TRILHO 2 FIOS, COM LED INTEGRADO, PRETO, 10W, 6000K, 127V/220V, QUADRADO;35.35;9.75;31
LM1053;;KIT TRES SPOTS PARA TRILHO DE SOBREPOR LED, CORPO BRANCO, 5W, 3000K, 127V/220V, CONECTOR MODELO I;66.55;9.75;31
LM1055;;KIT TRES SPOTS PARA TRILHO DE SOBREPOR LED, CORPO PRETO, 5W, 3000K, 127V/220V, COM CONECTOR MODELO I;66.55;9.75;31
LM1054;;KIT TRES SPOTS PARA TRILHO DE SOBREPOR LED, CORPO BRANCO, 5W, 6000K, 127V/220V, CONECTOR MODELO I;66.55;9.75;31
LM1056;;KIT TRES SPOTS PARA TRILHO DE SOBREPOR LED, CORPO PRETO, 5W, 6000K, 127V/220V, COM CONECTOR MODELO I;66.55;9.75;31
LM2856;;KIT TRES SPOTS PARA TRILHO DE SOBREPOR LED, CORPO BRANCO, 10W, 3000K, 127V/220V, CONECTOR MODELO I;79.05;9.75;31
LM2858;;KIT TRES SPOTS PARA TRILHO DE SOBREPOR LED, CORPO PRETO, 10W, 3000K, 127V/220V, CONECTOR MODELO I;79.05;9.75;31
LM2857;;KIT TRES SPOTS PARA TRILHO DE SOBREPOR LED, CORPO BRANCO, 10W, 6000K, 127V/220V, CONECTOR MODELO I;79.05;9.75;31
LM2859;;KIT TRES SPOTS PARA TRILHO DE SOBREPOR LED, CORPO PRETO, 10W, 6000K, 127V/220V, CONECTOR MODELO I;79.05;9.75;31
LM1068;;LUMINARIA SPOT DICROICA PARA TRILHO BASE GU10 CORPO ALUMINIO BRANCO;21.70;15.00;31
LM1069;;LUMINARIA SPOT DICROICA PARA TRILHO BASE GU10 CORPO ALUMINIO PRETO;21.70;15.00;31
LM1072;;LUMINARIA SPOT AR70 PARA TRILHO BASE GU10 CORPO ALUMINIO BRANCO;29.35;15.00;31
LM1073;;LUMINARIA SPOT AR70 PARA TRILHO BASE GU10 CORPO ALUMINIO PRETO;29.35;15.00;31
LM1070;;LUMINARIA SPOT PAR20 PARA TRILHO BASE E27 CORPO ALUMINIO BRANCO;28.15;15.00;31
LM1071;;LUMINARIA SPOT PAR20 PARA TRILHO BASE E27 CORPO ALUMINIO PRETO;29.35;15.00;31
LM1076;;LUMINARIA SPOT AR11 PARA TRILHO BASE GU10 CORPO ALUMINIO BRANCO;45.10;15.00;31
LM1077;;LUMINARIA SPOT AR111 PARA TRILHO BASE GU10 CORPO ALUMINIO PRETO;45.10;15.00;31
LM1074;;LUMINARIA SPOT PAR30 PARA TRILHO BASE E27 CORPO ALUMINIO BRANCO;41.90;15.00;31
LM1075;;LUMINARIA SPOT PAR30 PARA TRILHO BASE E27 CORPO ALUMINIO PRETO;41.90;15.00;31
LM942;;CONECTOR MODELO L, PARA TRILHOS DE SOBREPOR, BRANCO;6.80;9.75;31
LM943;;CONECTOR MODELO L, PARA TRILHOS DE SOBREPOR, PRETO;6.80;9.75;31
LM944;;CONECTOR MODELO X, PARA TRILHOS DE SOBREPOR, BRANCO;12.55;9.75;31
LM945;;CONECTOR MODELO X, PARA TRILHOS DE SOBREPOR, PRETO;12.55;9.75;31
LM946;;CONECTOR MODELO I, PARA TRILHOS DE SOBREPOR, BRANCO;4.80;9.75;31
LM947;;CONECTOR MODELO I, PARA TRILHOS DE SOBREPOR, PRETO;4.80;9.75;31
LM940;;CONECTOR MODELO T , PARA TRILHOS DE SOBREPOR, BRANCO;9.45;9.75;31
LM941;;CONECTOR MODELO T, PARA TRILHOS DE SOBREPOR, PRETO;9.45;9.75;31
LM934;;TRILHO DE SOBREPOR, BRANCO - 1 METRO;12.99;9.75;31
LM935;;TRILHO DE SOBREPOR, PRETO - 1 METRO;12.99;9.75;31
LM936;;TRILHO DE SOBREPOR, BRANCO - 1,5 METRO;19.45;9.75;31
LM937;;TRILHO DE SOBREPOR, PRETO - 1,5 METRO;19.45;9.75;31
LM938;;TRILHO DE SOBREPOR, BRANCO - 2,0 METROS;24.40;9.75;31
LM939;;TRILHO DE SOBREPOR, PRETO - 2,0 METROS;25.45;9.75;31
LM948;;BASE DE SOBREPOR PARA LUMINARIA DE TRILHO, OVAL, BRANCO;6.65;9.75;31
LM949;;BASE DE SOBREPOR PARA LUMINARIA DE TRILHO, OVAL, PRETO;6.65;9.75;31
LM950;;BASE DE SOBREPOR PARA LUMINARIA DE TRILHO, REDONDO, BRANCO;6.75;9.75;31
LM951;;BASE DE SOBREPOR PARA LUMINARIA DE TRILHO, REDONDO, PRETO;6.75;9.75;31
LM952;;BASE DE SOBREPOR PARA LUMINARIA DE TRILHO, RETANGULAR , BRANCO;10.10;9.75;31
LM953;;BASE DE SOBREPOR PARA LUMINARIA DE TRILHO, RETANGULAR , PRETO;10.10;9.75;31
LM1478;;PERFIL FLEXIVEL 50W 2700K 12V, 10W/M, 5M, IP65;62.85;9.75;32
LM2991;;PERFIL FLEXIVEL 50W 3000K 12V, 10W/M, 5M, IP65;62.85;9.75;32
LM2378;;PERFIL FLEXIVEL 50W 4000K 12V, 10W/M, 5M, IP65;62.85;9.75;32
LM2379;;PERFIL FLEXIVEL 50W 6000K 12V, 10W/M, 5M, IP65;62.85;9.75;32
LM2855;;PERFIL FLEXIVEL 500W 2700K 12V, 10W/M, 50M, IP65;587.45;9.75;32
LM3211;;PERFIL FLEXIVEL 500W 4000K 12V, 10W/M, 50M, IP65;527.10;9.75;32
LM3827;;FITA LED BABY COB 30W 3000K 12V, 6W/M, 5M, IP20, IRC90, 5MM;47.50;9.75;32
LM2027;;FITA LED 50W 2700K 12V, 10W/M, COB, 5M, IP20, IRC 90;53.80;9.75;32
LM3512;;FITA LED 50W 3000K 12V, 10W/M, COB, 5M, IP20, IRC 90;56.45;9.75;32
LM3514;;FITA LED 50W 4000K 12V, 10W/M, COB, 5M, IP20, IRC 90;53.80;9.75;32
LM1360;;FITA LED 90W 2700K 12V, 18W/M, COB, 5M, IP20;51.99;9.75;32
LM2449;;FITA LED 90W 3000K 12V, 18W/M, COB, 5M, IP20;52.20;9.75;32
LM2380;;FITA LED 90W 4000K 12V, 18W/M, COB, 5M, IP20;51.99;9.75;32
LM2381;;FITA LED 90W 6000K 12V, 18W/M, COB, 5M, IP20;52.10;9.75;32
LM2292;;FITA LED 500W 2700K 12V, 10W/M, COB, 50M, IP20, IRC 90;508.15;9.75;32
LM3513;;FITA LED 500W 3000K 12V, 10W/M, COB, 50M, IP20, IRC 90;547.99;9.75;32
LM3515;;FITA LED 500W 4000K 12V, 10W/M, COB, 50M, IP20, IRC 90;547.99;9.75;32
LM2233;;FITA LED 900W 2700K 12V, 18W/M, COB, 50M, IP20;562.20;9.75;32
LM2450;;FITA LED 900W 3000K 12V, 18W/M, COB, 50M, IP20;562.20;9.75;32
LM2382;;FITA LED 900W 4000K 12V, 18W/M, COB, 50M, IP20;562.20;9.75;32
LM2383;;FITA LED 900W 6000K 12V, 18W/M, COB, 50M, IP20;562.20;9.75;32
LM1400;;FITA LED 90W 2700K 24V, 18W/M, COB, 5M, IP20;49.25;9.75;32
LM3506;;FITA LED 75W 2700K 24V, 15W/M, COB, 5M, IP20, IRC 90;53.80;9.75;32
LM3508;;FITA LED 75W 3000K 24V, 15W/M, COB, 5M, IP20, IRC 90;53.80;9.75;32
LM3510;;FITA LED 75W 4000K 24V, 15W/M, COB, 5M, IP20, IRC 90;53.80;9.75;32
LM3507;;FITA LED 750W 2700K 24V, 15W/M, COB, 50M, IP20, IRC 90;508.15;9.75;32
LM3509;;FITA LED 750W 3000K 24V, 15W/M, COB, 50M, IP20, IRC 90;508.15;9.75;32
LM3511;;FITA LED 750W 4000K 24V, 15W/M, COB, 50M, IP20, IRC 90;508.15;9.75;32
LM1897;;FITA LED 50W 3000K 12V, 10W/M, 120 LEDS/M, 5M, IP20, IRC 70;18.85;9.75;32
LM1898;;FITA LED 50W 4000K 12V, 10W/M, 120 LEDS/M, 5M, IP20, IRC 70;18.85;9.75;32
LM2376;;FITA LED 50W 6000K 12V, 10W/M, 120 LEDS/M, 5M, IP20, IRC 70;18.85;9.75;32
LM2028;;FITA LED 55W 2700K 12V, 11W/M, 120 LEDS/M, 5M, IP20, IRC 80;25.60;9.75;32
LM2443;;FITA LED 55W 3000K 12V, 11W/M, 120 LEDS/M, 5M, IP20, IRC 80;25.60;9.75;32
LM2030;;FITA LED 55W 4000K 12V, 11W/M, 120 LEDS/M, 5M, IP20, IRC 80;25.60;9.75;32
LM2032;;FITA LED 55W 6000K 12V, 11W/M, 120 LEDS/M, 5M, IP20, IRC 80;25.60;9.75;32
LM2040;;FITA LED 55W 2700K 24V, 11W/M, 120 LEDS/M, 5M, IP20, IRC 80;25.60;9.75;32
LM2947;;FITA LED 55W 3000K 24V, 11W/M, 120 LEDS/M, 5M, IP20, IRC 80;25.60;9.75;32
LM2042;;FITA LED 55W 4000K 24V, 11W/M, 120 LEDS/M, 5M, IP20, IRC 80;25.60;9.75;32
LM1909;;FITA LED 55W, 2700K, 12V, 11W/M, 120 LEDS/M, 5M, IP20, IRC 90;41.40;9.75;32
LM2447;;FITA LED 55W, 3000K, 12V, 11W/M, 120 LEDS/M, 5M, IP20, IRC 90;41.40;9.75;32
LM1911;;FITA LED 55W, 4000K, 12V, 11W/M, 120 LEDS/M, 5M, IP20, IRC 90;41.40;9.75;32
LM3496;;FITA LED 55W, 3000K, 24V, 11W/M, 120 LEDS/M, 5M, IP20, IRC 90;33.20;9.75;32
LM3498;;FITA LED 55W, 4000K, 24V, 11W/M, 120 LEDS/M, 5M, IP20, IRC 90;28.80;9.75;32
LM2602;;FITA LED 500W 3000K 12V, 10W/M, 120 LEDS/M, 50M, IP20, IRC 70;175.05;9.75;32
LM2603;;FITA LED 500W 4000K 12V, 10W/M, 120 LEDS/M, 50M, IP20, IRC 70;175.05;9.75;32
LM2604;;FITA LED 500W 6000K 12V, 10W/M, 120 LEDS/M, 50M, IP20, IRC 70;175.05;9.75;32
LM2034;;FITA LED 550W 2700K 12V, 11W/M, 120 LEDS/M, 50M, IP20, IRC 80;282.10;9.75;32
LM2444;;FITA LED 550W 3000K 12V, 11W/M, 120 LEDS/M, 50M, IP20, IRC 80;276.55;9.75;33
LM2036;;FITA LED 550W 4000K 12V, 11W/M, 120 LEDS/M, 50M, IP20, IRC 80;266.55;9.75;33
LM2038;;FITA LED 550W 6000K 12V, 11W/M, 120 LEDS/M, 50M, IP20, IRC 80;276.55;9.75;33
LM2044;;FITA LED 550W 2700K 24V, 11W/M, 120 LEDS/M, 50M, IP20, IRC 80;276.55;9.75;33
LM2948;;FITA LED 550W 3000K 24V, 11W/M, 120 LEDS/M, 50M, IP20, IRC 80;276.55;9.75;33
LM2046;;FITA LED 550W 4000K 24V, 11W/M, 120 LEDS/M, 50M, IP20, IRC 80;276.55;9.75;33
LM3495;;FITA LED 550W, 2700K, 24V, 11W/M, 120 LEDS/M, 50M, IP20, IRC 90;275.75;9.75;33
LM3497;;FITA LED 550W, 3000K, 24V, 11W/M, 120 LEDS/M, 50M, IP20, IRC 90;275.75;9.75;33
LM3499;;FITA LED 550W, 4000K, 24V, 11W/M, 120 LEDS/M, 50M, IP20, IRC 90;275.75;9.75;33
LM2792;;FITA LED 60W 6000K 12V, 12W/M, 120 LEDS/M, 5M, IP65, IRC 80;41.99;9.75;33
LM3425;;FITA LED 50W 3000K 12V, 10W/M, 120 LEDS/M, 5M, IP68, IRC 80;59.55;9.75;33
LM1899;;FITA LED 80W 3000K 12V, 16W/M, 240 LEDS/M, 5M, IP20, IRC 70;33.75;9.75;33
LM1900;;FITA LED 80W 4000K 12V, 16W/M, 240 LEDS/M, 5M, IP20, IRC 70;33.75;9.75;33
LM2377;;FITA LED 80W 6000K 12V, 16W/M, 240 LEDS/M, 5M, IP20, IRC 70;33.75;9.75;33
LM2029;;FITA LED 90W 2700K 12V, 18W/M, 240 LEDS/M, 5M, IP20, IRC 80;42.55;9.75;33
LM2445;;FITA LED 90W 3000K 12V, 18W/M, 240 LEDS/M, 5M, IP20, IRC 80;42.55;9.75;33
LM2031;;FITA LED 90W 4000K 12V, 18W/M, 240 LEDS/M, 5M, IP20, IRC 80;42.55;9.75;33
LM2033;;FITA LED 90W 6000K 12V, 18W/M, 240 LEDS/M, 5M, IP20, IRC 80;42.55;9.75;33
LM2041;;FITA LED 90W 2700K 24V, 18W/M, 240 LEDS/M, 5M, IP20, IRC 80;42.55;9.75;33
LM2949;;FITA LED 90W 3000K 24V, 18W/M, 240 LEDS/M, 5M, IP20, IRC 80;42.55;9.75;33
LM2043;;FITA LED 90W 4000K 24V, 18W/M, 240 LEDS/M, 5M, IP20, IRC 80;42.55;9.75;33
LM1910;;FITA LED 100W, 2700K, 12V, 20W/M, 240 LEDS/M, 5M, IP20, IRC 90;56.35;9.75;33
LM2448;;FITA LED 100W, 3000K, 12V, 20W/M, 240 LEDS/M, 5M, IP20, IRC 90;56.35;9.75;33
LM1912;;FITA LED 100W, 4000K, 12V, 20W/M, 240 LEDS/M, 5M, IP20, IRC 90;56.35;9.75;33
LM3500;;FITA LED 100W, 2700K, 24V, 20W/M, 240 LEDS/M, 5M, IP20, IRC 90;55.80;9.75;33
LM3502;;FITA LED 100W, 3000K, 24V, 20W/M, 240 LEDS/M, 5M, IP20, IRC 90;56.35;9.75;33
LM3504;;FITA LED 100W, 4000K, 24V, 20W/M, 240 LEDS/M, 5M, IP20, IRC 90;56.35;9.75;33
LM2035;;FITA LED 900W 2700K 12V, 18W/M, 240 LEDS/M, 50M, IP20, IRC 80;543.55;9.75;33
LM2446;;FITA LED 900W 3000K 12V, 18W/M, 240 LEDS/M, 50M, IP20, IRC 80;503.40;9.75;33
LM2037;;FITA LED 900W 4000K 12V, 18W/M, 240 LEDS/M, 50M, IP20, IRC 80;503.40;9.75;33
LM2039;;FITA LED 900W 6000K 12V, 18W/M, 240 LEDS/M, 50M, IP20, IRC 80;543.55;9.75;33
LM2045;;FITA LED 900W 2700K 24V, 18W/M, 240 LEDS/M, 50M, IP20, IRC 80;543.55;9.75;33
LM2950;;FITA LED 900W 3000K 24V, 18W/M, 240 LEDS/M, 50M, IP20, IRC 80;543.55;9.75;33
LM2047;;FITA LED 900W 4000K 24V, 18W/M, 240 LEDS/M, 50M, IP20, IRC 80;543.55;9.75;33
LM3501;;FITA LED 1000W, 2700K, 24V, 20W/M, 240 LEDS/M, 50M, IP20, IRC 90;488.80;9.75;33
LM825;;FITA DE LED, 5W/M, 4000K, 12V, 5M - IP20;19.50;9.75;33
LM269;;FITA LED 25W 6000K 12V - IP20;19.45;9.75;33
LM286;;FITA LED 25W VERDE 12V - IP20;21.15;9.75;33
LM287;;FITA LED 25W AZUL 12V - IP20;21.15;9.75;33
LM288;;FITA LED 25W AMBAR 12V - IP20;21.15;9.75;33
LM289;;FITA LED 25W RGB 12V 5M - IP20;66.25;9.75;33
LM1249;;FITA LED 25W 2700K 12V 5M - IP20 - ACOMPANHA FONTE;42.95;9.75;33
LM1251;;FITA LED 25W 4000K 12V 5M - IP20 - ACOMPANHA FONTE;42.95;9.75;33
LM1250;;FITA LED 25W 6000K 12V 5M - IP20 - ACOMPANHA FONTE;42.95;9.75;33
LM1057;;FITA LED 25W RGB 12V 5M - IP20 COM ADAPTADOR E KIT CONTROLADOR;51.10;9.75;33
LM464;;FITA LED 45W 2700K DC12V - IP65;34.95;9.75;33
LM465;;FITA LED 45W 6000K DC12V - IP65;34.95;9.75;33
LM290;;FITA LED 25W RGB 12V - IP65;34.95;9.75;33
LM1479;;FITA LED 50W 2700K 12V, 10W/M, 120 LEDS/M, 5M, IP20, 5MM;24.05;9.75;34
LM3665;;FITA LED DIRECT COB 50W 2700K 127V, 10W/M, 5M, IP65, IRC 80;71.99;9.75;34
LM3666;;FITA LED DIRECT COB 50W 3000K 127V, 10W/M, 5M, IP65, IRC 80;71.99;9.75;34
LM3667;;FITA LED DIRECT COB 50W 4000K 127V, 10W/M, 5M, IP65, IRC 80;71.99;9.75;34
LM3668;;FITA LED DIRECT COB 500W 2700K 127V, 10W/M, 50M, IP65, IRC 80;681.40;9.75;34
LM3669;;FITA LED DIRECT COB 500W 3000K 127V, 10W/M, 50M, IP65, IRC 80;681.40;9.75;34
LM3670;;FITA LED DIRECT COB 500W 4000K 127V, 10W/M, 50M, IP65, IRC 80;681.40;9.75;34
LM3671;;CONECTOR FITA-REDE ELETRICA PARA FITA LED DIRECT COB 127V OU 220V IP65 (PACOTE COM 5PCS);12.25;9.75;34
LM3672;;KIT JUNCAO, ACABAMENTO E FIXACAO PARA FITA LED DIRECT COB;4.80;9.75;34
LM3470;;CONECTOR FITA-REDE ELETRICA PARA FITA LED DIRECT 240LEDS/M 127V OU 220V IP65 (PACOTE COM 5PCS);23.90;9.75;34
LM3430;;FITA LED DIRECT 90W 2700K 127V, 18W/M, 240LEDS/M, 5M, IP65, IRC 80;92.65;9.75;34
LM3431;;FITA LED DIRECT 90W 3000K 127V, 18W/M, 240LEDS/M, 5M, IP65, IRC 80;96.45;9.75;34
LM3432;;FITA LED DIRECT 90W 4000K 127V, 18W/M, 240LEDS/M, 5M, IP65, IRC 80;92.65;9.75;34
LM3433;;FITA LED DIRECT 90W 6000K 127V, 18W/M, 240LEDS/M, 5M, IP65, IRC 80;92.65;9.75;34
LM3426;;FITA LED DIRECT 90W 2700K 220V, 18W/M, 240LEDS/M, 5M, IP65, IRC 80;92.65;9.75;34
LM3427;;FITA LED DIRECT 90W 3000K 220V, 18W/M, 240LEDS/M, 5M, IP65, IRC 80;92.65;9.75;34
LM3428;;FITA LED DIRECT 90W 4000K 220V, 18W/M, 240LEDS/M, 5M, IP65, IRC 80;92.65;9.75;34
LM3429;;FITA LED DIRECT 90W 6000K 220V, 18W/M, 240LEDS/M, 5M, IP65, IRC 80;92.65;9.75;34
LM3438;;FITA LED DIRECT 900W 2700K 127V, 18W/M, 240LEDS/M, 50M, IP65, IRC 80;790.70;9.75;34
LM3434;;FITA LED DIRECT 900W 2700K 220V, 18W/M, 240LEDS/M, 50M, IP65, IRC 80;790.70;9.75;34
LM3436;;FITA LED DIRECT 900W 4000K 220V, 18W/M, 240LEDS/M, 50M, IP65, IRC 80;790.70;9.75;34
LM3437;;FITA LED DIRECT 900W 6000K 220V, 18W/M, 240LEDS/M, 50M, IP65, IRC 80;790.70;9.75;34
LM3634;;FITA LED DIRECT 50W 3000K 127V, 10W/M, 120LEDS/M, 5M, IP65, IRC 80;75.80;9.75;34
LM3637;;FITA LED DIRECT 50W 4000K 127V, 10W/M, 120LEDS/M, 5M, IP65, IRC 80.;38.35;9.75;34
LM2442;;FITA LED DIRECT 50W 4000K 127V, 10W/M, 120LEDS/M, 5M, IP65, IRC 80;71.85;9.75;34
LM3635;;FITA LED DIRECT 50W 6000K 127V, 10W/M, 120LEDS/M, 5M, IP65, IRC 80;75.80;9.75;34
LM2801;;FITA LED DIRECT 50W 3000K 220V, 10W/M, 120LEDS/M, 5M, IP65, IRC 80;71.85;9.75;34
LM3206;;FITA LED DIRECT 50W 4000K 220V, 10W/M, 120LEDS/M, 5M, IP65, IRC 80;71.85;9.75;34
LM3208;;FITA LED DIRECT 50W 6000K 220V, 10W/M, 120LEDS/M, 5M, IP65, IRC 80;71.85;9.75;34
LM2441;;FITA LED DIRECT 500W 4000K 127V, 10W/M, 120LEDS/M, 50M, IP65, IRC 80;759.45;9.75;34
LM2569;;FITA LED DIRECT 500W 6000K 127V, 10W/M, 120LEDS/M, 50M, IP65, IRC 80;759.45;9.75;34
LM3638;;FITA LED DIRECT 500W 6000K 127V, 10W/M, 120LEDS/M, 50M, IP65, IRC 80.;383.35;9.75;34
LM3636;;FITA LED DIRECT 500W 3000K 220V, 10W/M, 120LEDS/M, 50M, IP65, IRC 80.;333.35;9.75;34
LM3205;;FITA LED DIRECT 500W 4000K 220V, 10W/M, 120LEDS/M, 50M, IP65, IRC 80;759.45;9.75;34
LM3207;;FITA LED DIRECT 500W 6000K 220V, 10W/M, 120LEDS/M, 50M, IP65, IRC 80;688.80;9.75;34
LM3629;;CONECTOR FITA-REDE ELETRICA PARA FITA LED DIRECT 127V OU 220V IP65 (PACOTE COM 5PCS);23.90;9.75;34
LM2473;;KIT JUNCAO, ACABAMENTO E FIXACAO PARA FITA LED DIRECT;3.90;9.75;34
LM3631;;KIT JUNCAO, ACABAMENTO E FIXACAO PARA FITA LED DIRECT;3.90;9.75;34
LM522;;FITA LED 10W 6000K 127V 2M - IP65 - ACOMPANHA PLUG;17.20;9.75;34
LM523;;FITA LED 10W 2700K 220V 2M - IP65 - ACOMPANHA PLUG;17.20;9.75;34
LM524;;FITA LED 10W 6000K 220V 2M - IP65 - ACOMPANHA PLUG;17.20;9.75;34
LM266;;FITA LED 25W 2700K 127V 5M - IP65;34.95;9.75;34
LM267;;FITA LED 25W 6000K 127V 5M - IP65;34.95;9.75;34
LM458;;FITA LED 25W 2700K 220V 5M - IP65;28.80;9.75;34
LM459;;FITA LED 25W 6000K 220V 5M - IP65;30.30;9.75;34
LM823;;FITA DE LED, 5W/M, 4000K, 127V, 100M - IP65 - ACOMPANHA PLUG;302.90;9.75;34
LM824;;FITA DE LED, 5W/M, 4000K, 220V, 100M - IP65 - ACOMPANHA PLUG;317.10;9.75;34
LM528;;FITA LED 500W 6000K 127V 100M - IP65;287.80;9.75;34
LM530;;FITA LED 500W 6000K 220V 100M- IP65;302.90;9.75;35
LM3524;;FITA LED 72W 14,4W/M 120LEDS/M 2700K 127V 5M - IP65;51.40;9.75;35
LM3525;;FITA LED 72W 14,4W/M 120LEDS/M 6000K 127V 5M - IP65;51.40;9.75;35
LM3528;;FITA LED 72W 14,4W/M 120LEDS/M 2700K 220V 5M - IP65;54.50;9.75;35
LM3529;;FITA LED 72W 14,4W/M 120LEDS/M 6000K 220V 5M - IP65;54.50;9.75;35
LM3526;;FITA LED 1440W 14,4W/M 120LEDS/M 2700K 127V 100M - IP65;919.05;9.75;35
LM3527;;FITA LED 1440W 14,4W/M 120LEDS/M 6000K 127V 100M - IP65;919.05;9.75;35
LM3530;;FITA LED 1440W 14,4W/M 120LEDS/M 2700K 220V 100M - IP65;675.55;9.75;35
LM3531;;FITA LED 1440W 14,4W/M 120LEDS/M 6000K 220V 100M - IP65;919.05;9.75;35
LM531;;FITA LED 1440W 2700K 127V 100M - IP65;1076.95;9.75;35
LM819;;FITA DE LED, 14,4W/M, 4000K, 127V, 100M - IP65 - ACOMPANHA PLUG;817.55;9.75;35
LM532;;FITA LED 1440W 6000K 127V 100M - IP65;1076.95;9.75;35
LM820;;FITA LED 1440W 4000K 220V 14,4W/M 100M IP65 ACOMPANHA PLUG;466.65;9.75;35
LM535;;FITA LED 1440W 6000K 220V 100M - IP65;665.55;9.75;35
LM2774;;FITA LED 40W 4000K AC 127V, 8W/M, COB, 5M, IP65 - ACOMPANHA PLUG;77.85;9.75;35
LM2775;;FITA LED 40W 6000K AC 127V, 8W/M, COB, 5M, IP65 - ACOMPANHA PLUG;77.85;9.75;35
LM927;;FITA LED NEON 40W VERMELHO 220V, 8W/M, 5M, IP65, ACOMPANHA PLUG;64.55;9.75;35
LM293;;PLUG BIVOLT 4A PARA FITA LED 127V OU 220V LED 2835 EXCETO RGB;10.45;9.75;35
LM689;;PLUG BIVOLT 4A PARA FITA LED 127V OU 220V LED 5050 EXCETO RGB;12.30;9.75;35
LM3532;;PLUG BIVOLT 4A PARA FITA LED 127V OU 220V 120LEDS/M LED 2835 EXCETO RGB IP;9.05;9.75;35
LM669;;PLUG RGB AC 220V - COM CONTROLE REMOTO;17.55;9.75;35
LM1155;;PLUG RGB AC 220V - COM CONTROLE REMOTO, PARA FITA LED;42.70;9.75;35
LM803;;PLUG PARA FITA DE LED DOUBLE LINE 14,8W/M - LED 2835, EXCETO RGB;5.80;9.75;35
LM2776;;PLUG BIVOLT 4A PARA FITA LED COB 127V OU 220V EXCETO RGB;10.15;9.75;35
LM694;;KIT CONECTOR PARA JUNÇÃO DAS FITAS DE LED 127V OU 220V LED 2835 - EXCETO RGB;6.75;9.75;35
LM695;;KIT CONECTOR JUNÇÃO FITAS LED 127V OU 220V LED 5050 - EXCETO RGB;5.85;9.75;35
LM3533;;KIT CONECTOR PARA JUNÇÃO DAS FITAS DE LED 127V OU 220V 120LEDSM LED 2835 - EXCETO RGB IP;4.80;9.75;35
LM2848;;CONECTOR FITA-REDE ELETRICA PARA FITA LED DIRECT 127V OU 220V IP65 (PACOTE COM 5PCS);23.90;9.75;35
LM1156;;KIT CONECTOR PARA JUNÇÃO DAS FITAS DE LED 127V OU 220V LED 5050 RGB;4.90;9.75;35
LM697;;KIT FIXAÇÃO PARA FITAS IP65 - 127V OU 220V;14.20;9.75;35
LM3561;;MR11 LED 4W 2700K 127V/220V IRC 90;7.25;6.50;35
LM3463;;MR11 LED 3,5W 3000K 127-220V IRC 90;7.25;6.50;35
LM3464;;MR11 LED 3,5W 4000K 127-220V IRC 90;7.25;6.50;35
LM3562;;MR11 LED 4W 2700K 127V/220V IRC 90 DIMERIZAVEL;17.65;6.50;35
LM2621;;MR11 LED 3,5W 3000K 127-220V IRC 90 - DIMERIZAVEL;23.90;6.50;35
LM2516;;DICROICA GU10 LED 6W 2700K 127/220V 10° IRC90;7.65;6.50;35
LM2517;;DICROICA GU10 LED 6W 3000K 127/220V 10° IRC90;7.65;6.50;35
LM3563;;DICROICA GU10 LED 7W 2700K 127V/220V IRC 90;7.45;6.50;35
LM2482;;DICROICA GU10 LED 7W 3000K 127V/220V IRC 90;7.45;6.50;35
LM3465;;DICROICA GU10 LED 7W 4000K 127V/220V IRC 90;7.45;6.50;35
LM3564;;DICROICA GU10 LED 7W 2700K 127V/220V IRC 90 DIMERIZAVEL;25.85;6.50;35
LM2622;;DICROICA GU10 LED 7W 3000K 127V/220V IRC 90 - DIMERIZAVEL;30.10;6.50;35
LM3567;;AR70 LED 4,8W 2700K 127V/220V IRC 90;16.75;6.50;35
LM2628;;AR70 LED 4,8W 3000K 127V/220V IRC 90;17.30;6.50;35
LM3466;;AR70 LED 4,8W 4000K 127V/220V IRC 90;17.30;6.50;35
LM2625;;AR70 LED 4,8W 3000K 127/220V IRC 90 - DIMERIZAVEL;26.55;6.50;36
LM3568;;AR70 LED 4,8W 2700K 127V/220V IRC 90 DIMERIZAVEL;26.55;6.50;36
LM2484;;AR111 LED 12W 3000K BASE GU10 127/220V REFLETORA IRC90;33.55;6.50;36
LM3467;;AR111 LED 12W 4000K BASE GU10 127/220V REFLETORA IRC90;33.45;6.50;36
LM3545;;AR111 LED 15W 2700K BASE GU10 127/220V REFLETORA 15° IRC90;31.75;6.50;36
LM3546;;AR111 LED 15W 3000K BASE GU10 127/220V REFLETORA 15° IRC90;32.05;6.50;36
LM3547;;AR111 LED 15W 4000K BASE GU10 127/220V REFLETORA 15° IRC90;31.75;6.50;36
LM2626;;AR111 LED 12W 3000K 127/220V IRC 90 - DIMERIZAVEL;43.20;6.50;36
LM3565;;PAR20 LED 7W 2700K 127V/220V IRC 90;9.55;6.50;36
LM2489;;PAR20 LED 7W 3000K 127/220V IRC 90;9.80;6.50;36
LM3536;;PAR20 LED 7W 4000K 127/220V IRC 90;9.60;6.50;36
LM3566;;PAR20 LED 7W 2700K 127V/220V IRC 90 DIMERIZAVEL;27.50;6.50;36
LM2623;;PAR20 LED 7W 3000K 127/220V IRC 90 - DIMERIZAVEL;28.80;6.50;36
LM3552;;PAR30 LED 10W 3000K 127V/220V IRC90;14.15;6.50;36
LM3468;;PAR30 LED 10W 2700K 127V/220V IRC 90;15.45;6.50;36
LM3469;;PAR30 LED 10W 4000K 127V/220V IRC90;14.15;6.50;36
LM2624;;PAR30 LED 9,8W 3000K 127/220V IRC 90 - DIMERIZAVEL;38.80;6.50;36
LM561;;MR11 4W 2700K 127/220V;6.20;6.50;36
LM2121;;MR11 4W 3000K 127/220V;6.20;6.50;36
LM962;;MR11 4W 4000K 127/220V;6.20;6.50;36
LM564;;MR11 4W 6000K 127/220V;6.20;6.50;36
LM562;;MR11 4W 2700K 127V - DIMERIZAVEL;11.50;6.50;36
LM563;;MR11 4W 2700K 220V - DIMERIZAVEL;11.50;6.50;36
LM040;;DICROICA GU10 LED 4,5W 2700K 127V/220V;5.30;6.50;36
LM2122;;DICROICA GU10 LED 4,5W 3000K 127V/220V;5.30;6.50;36
LM609;;DICROICA GU10 LED 4,5W 4000K 127V/220V;5.30;6.50;36
LM041;;DICROICA GU10 LED 4,5W 6000K 127V/220V;5.30;6.50;36
LM1423;;DICROICA LED GU10 4,9W 2700K 127/220V;7.25;6.50;36
LM1424;;DICROICA LED GU10 4,9W 4000K 127/220V;7.25;6.50;36
LM1425;;DICROICA LED GU10 4,9W 6000K 127/220V;7.05;6.50;36
LM2487;;DICROICA GU10 LED 6W 2700K 127/220V 10°;7.65;6.50;36
LM2488;;DICROICA GU10 LED 6W 3000K 127/220V 10°;7.65;6.50;36
LM1180;;DICROICA GU10 LED 6,5W 2700K 127/220V;5.95;6.50;36
LM2123;;DICROICA LED GU10 6,5W 3000K 127V/220V;5.95;6.50;36
LM1181;;DICROICA GU10 LED 6,5W 4000K 127/220V;5.95;6.50;36
LM414;;GU10 LED 6,5W 6500K127V/220V;5.90;6.50;36
LM173;;DICROICA GU10 LED 7W 2700K 127V/220V;5.90;6.50;36
LM2627;;DICROICA GU10 LED 7W 3000K 127V/220V IRC 80;6.10;6.50;36
LM1426;;DICROICA GU10 LED 7W 4000K 127V/220V;5.90;6.50;36
LM174;;DICROICA GU10 LED 7W 6000K 127V/220V;5.90;6.50;36
LM149;;DICROICA LED GU10 8W 2700K 127V/220V;7.70;6.50;36
LM1427;;DICROICA LED GU10 8W 4000K 127/220V;7.70;6.50;36
LM076;;DICROICA LED GU10 8W 6000K 127V/220V;7.70;6.50;36
LM150;;DICROICA LED GU10 8W 2700K 127V - DIMERIZAVEL;11.60;6.50;36
LM503;;DICROICA GU10 LED 8W 2700K 220V - DIMERIZAVEL;11.60;6.50;36
LM713;;GU10 LED 3,5W RGB 127/220V - COM CONTROLE REMOTO;40.99;6.50;36
LM486;;AR70 LED, DRIVER EXTERNO SEM BASE 7W 2700K 127-220V;11.60;9.75;37
LM655;;AR70 LED REFLETORA 4,8W 2700K BASE GU10 127/220V;14.20;6.50;37
LM1420;;AR70 REFLATORA GU10 4,8W 127-220V 4000K 24°;13.90;6.50;37
LM1413;;AR70 LED REFLETORA 7W 2700K BASE GU10 127V/220V 12°;16.20;6.50;37
LM381;;AR70 LED REFLETORA 7W 2700K BASE GU10 127V/220V;14.20;6.50;37
LM1437;;AR70 LED REFLETORA 7W 4000K BASE GU10 127/220V 24°;14.20;6.50;37
LM659;;AR70 LED REFLETORA 4,8W 2700K BASE GU10 127/220V- DIMERIZAVEL;33.20;6.50;37
LM487;;AR111 LED, DRIVER EXTERNO SEM BASE 10W 2700K 127-220V;25.45;9.75;37
LM513;;AR111 LED 12W 2700K BASE GU10 127V/220V;17.20;6.50;37
LM3548;;AR111 LED 15W 2700K BASE GU10 127/220V REFLETORA 15°;29.60;6.50;37
LM3549;;AR111 LED 15W 3000K BASE GU10 127/220V REFLETORA 15°;30.50;6.50;37
LM3550;;AR111 LED 15W 4000K BASE GU10 127/220V REFLETORA 15°;30.50;6.50;37
LM1415;;AR111 LED 12W 2700K BASE GU10 127/220V REFLETORA 8°;28.95;6.50;37
LM307;;AR111 LED 12W 2700K BASE GU10 127/220V REFLETORA;28.95;6.50;37
LM1440;;AR111 LED 12W 4000K BASE GU10 127/220V REFLETORA 24°;32.65;6.50;37
LM1441;;AR111 LED 12W 6000K BASE GU10 127/220V REFLETORA 24°;32.65;6.50;37
LM661;;AR111 REFLATORA GU10 12W 127-220V 2700K 12 DIMERIZÁVEL;32.10;6.50;37
LM1433;;PAR20 4,9W 2700K 127/220V;10.10;6.50;37
LM1434;;PAR20 4,9W 4000K 127/220V;10.10;6.50;37
LM1435;;PAR20 4,9W 6000K 127/220V;10.70;6.50;37
LM501;;PAR20 6W 2700K 127/220V IP65;8.50;6.50;37
LM2125;;PAR20 6W 3000K 127/220V IP65;8.50;6.50;37
LM624;;PAR20 6W 4000K 127/220V;8.50;6.50;37
LM502;;PAR20 6W 6000K 127V/220 IP65;8.50;6.50;37
LM622;;PAR20 6,5W 2700K 127/220V;8.99;6.50;37
LM2124;;PAR20 6,5W 3000K 127/220V;8.40;6.50;37
LM1430;;PAR20 6,5W 4000K 127/220V;8.40;6.50;37
LM1429;;PAR20 7W 2700K 127/220V DIMERIZÁVEL;28.45;6.50;37
LM161;;PAR20 LED 6W GREEN 127/220V IP65;9.25;6.50;37
LM162;;PAR20 LED 6W BLUE 127/220V IP65;9.25;6.50;37
LM163;;PAR20 LED 6W AMBAR 127/220V IP65;9.25;6.50;37
LM2485;;PAR30 LED 9,8W 3000K 127/220V IRC 80;14.70;6.50;37
LM170;;PAR30 LED 10W 2700K 127V/220V IP65;14.70;6.50;37
LM1029;;PAR 30 LED 10W 4000K 127/220V;14.70;6.50;37
LM277;;PAR30 LED 10W 6000K 127/220V IP65;14.70;6.50;37
LM1417;;PAR30 CDMR LED 20W 2700K 127/220V;61.90;6.50;37
LM1418;;PAR30 CDMR LED 20W 4000K 127/220V;61.90;6.50;37
LM3543;;PAR30 CDMR LED 35W 2700K 127/220V;77.50;6.50;37
LM3544;;PAR30 CDMR LED 35W 4000K 127/220V;77.50;6.50;37
LM171;;PAR30 LED 10W GREEN 127/220V IP65;16.20;6.50;37
LM552;;PAR30 LED 10W BLUE 127/220V IP65;16.20;6.50;37
LM553;;PAR30 LED 10W AMBAR 127/220V IP65;14.35;6.50;37
LM186;;PAR38 LED 15W 2700K 127/220V IP65;28.95;6.50;37
LM2486;;PAR38 LED 15W 3000K 127/220V IRC 80;28.95;6.50;37
LM1030;;PAR 38 LED 15W 4000K 127/220V;23.20;6.50;38
LM278;;PAR38 LED 15W 6000K 127/220V IP65;29.85;6.50;38
LM172;;PAR38 LED 15W GREEN 127/220V IP65;27.20;6.50;38
LM554;;PAR38 LED 15W BLUE 127/220V IP65;27.20;6.50;38
LM555;;PAR38 LED 15W AMBAR 127/220V IP65;29.25;6.50;38
LM1449;;BOLINHA LED 1,5W 2700K 127V/220V;4.80;6.50;38
LM1450;;BOLINHA LED 1,5W 4000K 127V/220V;4.80;6.50;38
LM1451;;BOLINHA LED 1,5W 6000K 127V/220V;4.80;6.50;38
LM168;;BOLINHA LED 6W 2700K 127V/220V;7.65;6.50;38
LM965;;BOLINHA LED 6W 4000K 127V/220V;7.65;6.50;38
LM169;;BOLINHA LED 6W 6000K 127V/220V;7.65;6.50;38
LM2101;;BOLINHA LED 1W VERMELHA 127V/220V;5.25;6.50;38
LM2103;;BOLINHA LED 1W VERDE 127V/220V;5.25;6.50;38
LM2102;;BOLINHA LED 1W AZUL 127V/220V;5.25;6.50;38
LM2105;;BOLINHA LED 1W ROSA 127V/220V;5.25;6.50;38
LM2104;;BOLINHA LED 1W AMBAR 127V/220V;5.25;6.50;38
LM2106;;BOLINHA LED 1W ROXA 127V/220V;5.25;6.50;38
LM279;;BOLINHA LED 6W VERMELHA 127V/220V;8.20;6.50;38
LM280;;BOLINHA LED 6W VERDE 127V/220V;8.20;6.50;38
LM281;;BOLINHA LED 6W AZUL 127V/220V;8.20;6.50;38
LM754;;BOLINHA LED 6W ROSA 127V/220V;8.20;6.50;38
LM282;;BOLINHA LED 6W AMBAR 127V/220V;8.20;6.50;38
LM509;;G9 LED 2W 2700K 127V;7.90;6.50;38
LM511;;G9 LED 2W 6000K 127V;7.90;6.50;38
LM510;;G9 LED 2W 2700K 220V;7.90;6.50;38
LM512;;G9 LED 2W 6000K 220V;7.90;6.50;38
LM177;;G9 LED 3W 2700K 127V;13.90;6.50;38
LM2989;;G9 LED 3W 3000K 127V;13.25;6.50;38
LM1193;;G9 LED 3W 4000K 127V;13.15;6.50;38
LM178;;G9 LED 3W 6000K 127V;13.15;6.50;38
LM175;;G9 LED 3W 2700K 220V;13.15;6.50;38
LM2988;;G9 LED 3W 3000K 220V;13.25;6.50;38
LM1194;;G9 LED 3W 4000K 220V;13.15;6.50;38
LM176;;G9 LED 3W 6000K 220V;13.15;6.50;38
LM1452;;G9 LED 4,8W 2700K 127/220V;12.10;6.50;38
LM2990;;G9 LED 4,8W 3000K 127/220V;12.10;6.50;38
LM1453;;G9 LED 4,8W 4000K 127/220V;12.10;6.50;38
LM1454;;G9 LED 4,8W 6000K 127/220V;12.10;6.50;38
LM1464;;G9 COB LED 2,5W 127V 2700K;10.20;6.50;38
LM1466;;G9 COB LED 2,5W 127V 6500K;10.20;6.50;38
LM1465;;G9 COB LED 2,5W 220V 2700K;10.60;6.50;38
LM1467;;G9 COB LED 2,5W 220V 6500K;5.20;6.50;38
LM1468;;G9 COB LED 4W 127V 2700K;12.20;6.50;38
LM1470;;G9 COB LED 4W 127V 6500K;12.20;6.50;38
LM1469;;G9 COB LED 4W 220V 2700K;12.20;6.50;38
LM1471;;G9 COB LED 4W 220V 6500K;7.65;6.50;38
LM305;;R7S PALITO LED 5W 2700K 127/220V;17.75;6.50;39
LM306;;R7S PALITO LED 8W 2700K 127/220V;25.55;6.50;39
LM698;;VELA LED LEITOSA B35 E14 4,5W 3000K 127/220V;7.85;6.50;39
LM1455;;VELA LED LEITOSA E14 4,5W 4000K 127/220V;7.70;6.50;39
LM644;;VELA LED LEITOSA E14 4,5W 6000K 127/220V;7.85;6.50;39
LM968;;VELA LED CRISTAL E14 4,5W 2700K 127/220V;7.85;6.50;39
LM969;;VELA LED CRISTAL E14 4,5W 4000K 127/220V;7.85;6.50;39
LM970;;VELA LED CRISTAL E14 4,5W 6000K 127/220V;7.70;6.50;39
LM185;;VELA LED LEITOSA E14 E27 6W 2700K 127/220V;8.65;6.50;39
LM964;;VELA LED E14+E27 6W 4000K LEITOSO 127/220V;8.65;6.50;39
LM296;;VELA LED LEITOSA E14+E27 6W 6000K 127/220V;8.65;6.50;39
LM082;;VELA LED E14+E27 6W 2700K 127/220V;8.65;6.50;39
LM963;;VELA LED E14+E27 6W 4000K CRISTAL 127/220V;8.65;6.50;39
LM167;;VELA LED E14+E27 6W 6000K 127/220V;8.65;6.50;39
LM181;;MINI BALLOON LED 8W 2700K 127/220V;11.95;6.50;39
LM966;;MINI BALLOON LED 8W 4000K 127/220V;11.95;6.50;39
LM182;;MINI BALLOON LED 8W 6000K 127/220V;11.95;6.50;39
LM1446;;BALLOON LED 11W 2700K 127/220V;15.40;6.50;39
LM1447;;BALLOON LED 11W 4000K 127/220V;15.40;6.50;39
LM1448;;BALLOON LED 11W 6000K 127/220V;15.40;6.50;39
LM083;;BALLOON LED 14W 2700K 127V/220V;20.60;6.50;39
LM967;;BALLOON LED 14W 4000K 127V/220V;20.60;6.50;39
LM084;;BALLOON LED 14W 6000K 127V/220V;20.60;6.50;39
LM165;;PL LED 10W 2700K 127/220V;25.05;6.50;39
LM1406;;PL LED 9W 4000K 127/220V;25.05;6.50;39
LM166;;PL LED 10W 6000K 127V/220V;25.05;6.50;39
LM517;;G9 LED FILAMENTO 2,5W 2700K 127V;8.80;6.50;39
LM518;;G9 LED FILAMENTO 2,5W 2700K 220V;8.80;6.50;39
LM665;;BOLINHA LED FILAMENTO E27 4W 2700K 127/220V;11.80;6.50;39
LM668;;BULBO LED FILAMENTO E27 4W 127/220V 2700K;13.80;6.50;39
LM1092;;VELA LED FILAMENTO CRISTAL E27 4W 2700K 127/220V;9.25;6.50;39
LM903;;VELA LED FILAMENTO E14 4W 2700K 127/220V;10.80;6.50;39
LM901;;MINI BALLOON LED FILAMENTO E27 4W 127-220V 2700K;15.85;6.50;39
LM902;;BALLOON LED FILAMENTO E27 4W 127-220V 2700K;18.55;6.50;39
LM954;;BOLINHA LED FILAMENTO E27 2W, AMBAR, 127/220V;8.25;6.50;39
LM557;;BULBO LED FILAMENTO 4W AMBAR 127V/220V;10.65;6.50;39
LM858;;BULBO LED FILAMENTO 6W AMBAR 127V DIMERIZAVEL;15.30;6.50;39
LM556;;VELA LED FILAMENTO E14+E27 2W AMBAR 127/220V;11.70;6.50;39
LM559;;MINI BALLOON LED FILAMENTO 4W AMBAR 127/220V;13.45;6.50;39
LM560;;BALLOON LED FILAMENTO 4W AMBAR 127/220V;18.70;6.50;39
LM558;;PERA LED FILAMENTO 4W AMBAR 127V/220V;11.95;6.50;39
LM1062;;BULBO LED FILAMENTO DEFLETORA DOURADA 4W LUZ AMBAR 127/220V E27;15.10;6.50;39
LM1063;;BULBO LED FILAMENTO DEFLETORA ROSE 4W LUZ AMBAR 127/220V E27;16.55;6.50;39
LM1064;;BALLOON LED FILAMENTO DEFLETORA CROMADA 4W LUZ AMBAR 127/220V E27;19.75;6.50;40
LM1065;;BALLON LED FILAMENTO DEFLETORA DOURADA 4W LUZ AMBAR 127/220V E27;17.45;6.50;40
LM1067;;BALLOON LED FILAMENTO FUME 4W LUZ AMBAR 127/220V E27;16.15;6.50;40
LM1085;;LÂMPADA LED FLINT FILAMENTO 4W CORPO FUMÊ LUZ ÂMBAR 127/220V;59.35;6.50;40
LM1086;;LÂMPADA LED LAB FILAMENTO 8W CORPO ÂMBAR LUZ ÂMBAR 127/220V;59.25;6.50;40
LM583;;BULBO LED 9W 3000K 127V/220V;3.25;6.50;40
LM571;;BULBO LED 9W 4000K 127V/220V;3.25;6.50;40
LM584;;BULBO LED 9W 6500K 127V/220V;3.25;6.50;40
LM391;;BULBO LED A60 12W 3000K 127V/220V;3.85;6.50;40
LM887;;BULBO LED A60 12W 4000K 127V/220V;3.85;6.50;40
LM743;;BULBO LED A60 E27 12W 6500K 127/220V;3.85;6.50;40
LM786;;BULBO LED 15W 3000K 127/220V;4.45;6.50;40
LM758;;BULBO LED 15W 4000K 127-220V E27;4.45;6.50;40
LM744;;BULBO LED A60 E27 15W 6500K 127-220V;4.45;6.50;40
LM1402;;BULBO LED 9W 4000K 220V - DIMERIZAVEL;12.90;6.50;40
LM256;;BULBO LED 10W 2700K 127V - DIMERIZAVEL;12.90;6.50;40
LM257;;BULBO LED 10W 6000K 127V - DIMERIZAVEL;12.90;6.50;40
LM258;;BULBO LED 10W 2700K 220V - DIMERIZAVEL;12.90;6.50;40
LM259;;BULBO LED 10W 6000K 220V - DIMERIZAVEL;12.90;6.50;40
LM210;;BULBO LED 10W VERMELHA 127V/220V;9.45;6.50;40
LM211;;BULBO LED 10W VERDE 127V/220V;9.45;6.50;40
LM212;;BULBO LED 10W AZUL 127V/220V;9.45;6.50;40
LM755;;BULBO LED 10W ROSA 127V/220V;9.45;6.50;40
LM213;;BULBO LED 10W AMBAR 127V/220V;9.45;6.50;40
LM340;;BULBO LED 3,5W 127V/220V RGB - COM CONTROLE REMOTO;31.65;6.50;40
LM778;;LÂMPADA LED HIGH POWER 20W 6500K 127-220V E27;5.10;6.50;40
LM782;;LÂMPADA LED HIGH POWER 30W 6500K 127-220V E27;7.99;6.50;40
LM677;;HIGH POWER LED E27 42W 127/220V 6500K;11.40;6.50;40
LM785;;LÂMPADA LED HIGH POWER 50W 6500K 127-220V E27;13.55;6.50;40
LM1235;;HIGH POWER LED 70W 6500K 127/220V;40.99;6.50;40
LM2554;;HIGH POWER LED 100W 6500K 127/220V;50.99;6.50;40
LM3474;;SUPORTE PARA LÂMPADA BUCAL E27 (CX25);33.05;9.75;40
LM1264;;SUPORTE PARA LÂMPADA BUCAL GU10 (CX 1000 PCS);1225.35;9.75;40
LM708;;T5 LED G5 10W 3000K 127V/220V;12.75;6.50;40
LM1031;;T5 LED G5 10W 4000K 127-220V;12.75;6.50;40
LM709;;T5 LED G5 10W 6500K 127/220V;12.75;6.50;40
LM710;;T5 LED G5 20W 3000K 127/220V;16.60;6.50;40
LM711;;T5 LED G5 20W 4000K 127/220V;16.60;6.50;40
LM712;;T5 LED G5 20W 6500K 127/220V;16.60;6.50;40
LM3289;;T5 LED G5 26W 4000K 127/220V;36.85;6.50;40
LM3290;;T5 LED G5 26W 6500K 127/220V;36.85;6.50;40
LM437;;T8 LED 10W 3000K 127/220V;6.95;6.50;40
LM575;;T8 LED 10W 4000K 127/220V;6.95;6.50;41
LM438;;T8 LED 10W 6500K 127/220V;6.95;6.50;41
LM596;;T8 LED 20W 3000K 127/220V;7.80;6.50;41
LM577;;T8 LED TUBE 20W 4000K 127V/220V;7.80;6.50;41
LM579;;T8 LED 20W 6500K 127/220V;8.15;6.50;41
LM3056;;T8 HO LED 2,4M 65W 6500K 127/220V;39.99;6.50;41
LM2693;;MODULO INTERRUPTOR 1 CIRCUITO POT. MAX 250W 127/220V LINHA SMART;52.90;9.75;41
LM2694;;MODULO INTERRUPTOR 2 CIRCUITOS POT. MAX 2X250W 127/220V LINHA SMART;69.10;9.75;41
LM2695;;MODULO DIMMER LED 2 CIRCUITOS POT. 10W A 150W 127/220V LINHA SMART;104.10;9.75;41
LM2699;;MODULO CONTROLADOR 5 CIRCUITOS POT. MAX 72W PARA FITAS LED 12/24V LINHA SMART;49.65;9.75;41
OR1209;;PD QUADRA LED 34W - 3000K - BRANCO FOSCO;529.99;9.75;41
OR1993;;ARANDELA TÉGOLA 16W - LED - BRANCO E PRETO - 3000K;421.30;9.75;41
OR1994;;PENDENTE TENDA 21W - LED - BRANCO E PRETO - 3000K;553.70;9.75;41
OR1503;;PENDENTE ANELLI - 49W - LED - COBRE - 3000K;976.10;9.75;41
OR2102;;PENDENTE ANNE 32W - LED - DOURADO - 3000K;1516.65;9.75;41
OR1997;;PENDENTE ARENA 53W - LED - DOURADO - 3000K;830.55;9.75;41
OR1186;;PD ASTRO 10XG9 FUMÊ - DOURADO;529.99;15.00;41
OR1991;;PENDENTE AUREA 54W - LED - DOURADO - 3000K;1322.85;9.75;41
OR1822;;PENDENTE BASILISCO 60W - LED - ROSÉ GOLD - 3000K;480.30;9.75;41
OR1265;;LS BLOW 12XG9 ACETINADO - PTF - BZ;430.10;15.00;41
OR1241;;PD BOLLA LED 20W - 3000K - ÂMBAR - CR;322.30;9.75;41
OR1242;;PD BOLLA LED 30W - 3000K - FUMÊ - CR;377.30;9.75;41
OR1986;;PENDENTE RAGNO 15W - LED - PRETO E DOURADO - 3000K;1202.50;9.75;41
OR2108;;PENDENTE EVA 10W - LED - BRANCO/COBRE - 3000K;337.05;9.75;42
OR1244;;PD BUBBLE 6P LED 24W - OPALINO - CR;377.30;9.75;42
OR1246;;AR BUBBLE 3A LED 12W - OPALINO - CR;214.50;9.75;42
OR1820;;PENDENTE CABLATA 36W - LED - ROSÉ GOLD - 3000K;485.10;9.75;42
OR1983;;PENDENTE CASSENA 34W - LED - DOURADO - 3000K;961.75;9.75;42
OR1495;;PENDENTE DIAGON - 1XE27 - 200MM DIÂMETRO;183.25;15.00;42
OR1497;;PENDENTE DIAGON - 1XE27 - 300MM DIÂMETRO;379.15;15.00;42
OR2105;;PENDENTE GAIL 5W - LED - COBRE/PRETO - 3000K;312.95;9.75;42
OR1763;;PENDENTE KING III 12W - LED - DOURADO - 3000K;106.70;9.75;42
OR1778;;PLAFON MATITA 9XG9 - CROMADO/TRANSPARENTE;842.60;15.00;42
OR2115;;PENDENTE NINA 7W - LED - DOURADO - 3000K;239.55;9.75;42
OR2116;;PENDENTE NINA 7W - LED - MARINHO - 3000K;239.55;9.75;42
OR1640;;PENDENTE OCCHIO ROSE GOLD - 1XG9 - 200MM DIÂMETRO;179.55;15.00;42
OR1642;;COLUNA OCCHIO DOURADO- 1XG9 - D200XH1500MM - BASE MARMORE;409.25;9.75;42
OR1192;;PD PAN 4XG9 ROSÊ GOLD - PTF;317.55;15.00;42
OR2144;;PENDENTE PASSANT I - 44W - LED - PRETO E DOURADO - BRANCO QUENTE;1624.99;9.75;42
OR2145;;PENDENTE PASSANT II - 26W - LED - PRETO E DOURADO - BRANCO QUENTE;902.80;9.75;43
OR2131;;PENDENTE PEI 48W - LED - DOURADO - 3000K;589.80;9.75;43
OR1984;;PENDENTE PICCI 46W - LED - DOURADO - 3000K;782.40;9.75;43
OR1992;;PENDENTE PIOVERE 51W - LED - DOURADO - 3000K;1202.50;9.75;43
OR1502;;PENDENTE PROFILLO - 40W - LED - DOURADO - 3000K;529.65;9.75;43
OR1774;;PENDENTE SOGNO 47W - LED - BRANCO - 3000K;842.60;9.75;43
OR1771;;PENDENTE RINGUER 102W - LED - DOURADO - 3000K - 1000MM;1685.20;9.75;43
OR1506;;PENDENTE SCRIBBLE CONO 80W - LED - DOURADO - 3000K;841.40;9.75;43
OR1637;;LUSTRE SCRIBBLE LINEA 80W - LED - DOURADO - 3000K;841.40;9.75;43
OR1764;;ARANDELA SORELLE 38W - LED - PRETO/DOURADO - 3000K;547.70;9.75;43
OR1221;;PD TAZZA25 1XE27 ROSÊ GOLD;214.50;15.00;43
OR1222;;PD TAZZA18 1XE27 ROSÊ GOLD;161.70;15.00;43
OR1223;;PD TAZZA22 1XE27 FUME - DOURADO - DOU;214.50;15.00;43
OR1232;;PD VINO200 1XE27 FUMÊ - PT - PTF;239.55;15.00;43
OR1234;;PD VINO200 1XE27 ROSÊ GOLD - PT - PTF;295.20;15.00;43
OR1210;;PD WING LED 32W - 3000K - CROMADO;537.90;9.75;44
OR1638;;PENDENTE CAVUTTI - 20W - LED - PRETO FOSCO - 3000K;391.20;9.75;44
OR1639;;PENDENTE CROTTA - 30W - LED - PRETO FOSCO - 3000K;524.10;9.75;44
OR1202;;PD CUPOLA 2XG9 PTF;214.50;15.00;44
OR1203;;PD CUPOLA 4XG9 PTF;430.10;15.00;44
OR1196;;PD ELLI 1XE27 OPALINO - PTF;423.80;15.00;44
LM2980;;LUMINARIA LED PENDENTE HIVE 9W 3000K 127-220V PRETO;77.65;9.75;44
OR2109;;PENDENTE ISA 80W - LED - PRETO - 3000K;480.30;9.75;44
OR2129;;ARANDELA LIZ 7W - LED - BRANCO - 3000K;204.65;9.75;44
OR2130;;ARANDELA LIZ 7W - LED - PRETO - 3000K;204.65;9.75;44
LM3831;;LUMINARIA DE LED 3 SPOTS DE EMBUTIR DIRECIONÁVEL 6W 3000K PT/PT DOT-LIGHT CONCENTRADO;0.00;0.00;2
LM3832;;LUMINARIA DE LED 3 SPOTS DE EMBUTIR DIRECIONÁVEL 6W 3000K BC/BC DOT-LIGHT CONCENTRADO;0.00;0.00;2
