referencia;variante;descricao;preco_unitario;porcentagem_imposto;pagina
LM3654;;LED DE EMBUTIR DOT INFINITE 3 SPOTS 6W 2700K BC/BC;45.10;9.75;1
LM3653;;LED DE EMBUTIR DOT INFINITE 3 SPOTS 6W 2700K PT/PT;45.10;9.75;1
LM3656;;LED DE EMBUTIR DOT INFINITE 3 SPOTS 6W 3000K BC/BC;45.10;9.75;1
LM3655;;LED DE EMBUTIR DOT INFINITE 3 SPOTS 6W 3000K PT/PT;45.10;9.75;1
LM3658;;LED DE EMBUTIR DOT INFINITE 3 SPOTS 6W 4000K BC/BC;45.10;9.75;1
LM3657;;LED DE EMBUTIR DOT INFINITE 3 SPOTS 6W 4000K PT/PT;45.10;9.75;1
LM3660;;LED DE EMBUTIR DOT INFINITE 5 SPOTS 10W 2700K BC/BC;55.25;9.75;1
LM3659;;LED DE EMBUTIR DOT INFINITE 5 SPOTS 10W 2700K PT/PT;55.25;9.75;1
LM3662;;LED DE EMBUTIR DOT INFINITE 5 SPOTS 10W 3000K BC/BC;55.25;9.75;1
LM3661;;LED DE EMBUTIR DOT INFINITE 5 SPOTS 10W 3000K PT/PT;55.25;9.75;1
LM3664;;LED DE EMBUTIR DOT INFINITE 5 SPOTS 10W 4000K BC/BC;55.25;9.75;1
LM3663;;LED DE EMBUTIR DOT INFINITE 5 SPOTS 10W 4000K PT/PT;55.25;9.75;1
LM2156;;DE LED 1 SPOT DE EMBUTIR 2W 2700K BC/PT DOT-LIGHT CONCENTRADO;23.65;9.75;1
LM2161;;DE LED 1 SPOT DE EMBUTIR 2W 2700K PT/PT DOT-LIGHT CONCENTRADO;23.65;9.75;1
LM2850;;DE LED 1 SPOT DE EMBUTIR 2W 3000K BC/BC DOT-LIGHT CONCENTRADO;23.65;9.75;1
LM2818;;DE LED 1 SPOT DE EMBUTIR 2W 3000K BC/PT DOT-LIGHT CONCENTRADO;23.65;9.75;1
LM2823;;DE LED 1 SPOT DE EMBUTIR 2W 3000K PT/PT DOT-LIGHT CONCENTRADO;23.65;9.75;1
LM3377;;DE LED 1 SPOT DE EMBUTIR 2W 4000K BC/BC DOT-LIGHT CONCENTRADO;23.65;9.75;1
LM2590;;DE LED 1 SPOT DE EMBUTIR 2W 4000K BC/PT DOT-LIGHT CONCENTRADO;23.65;9.75;1
LM2595;;DE LED 1 SPOT DE EMBUTIR 2W 4000K PT/PT DOT-LIGHT CONCENTRADO;23.65;9.75;1
LM2157;;DE LED 3 SPOTS DE EMBUTIR 6W 2700K BC/PT DOT-LIGHT CONCENTRADO;31.75;9.75;1
LM2162;;DE LED 3 SPOTS DE EMBUTIR 6W 2700K PT/PT DOT-LIGHT CONCENTRADO;31.40;9.75;1
LM2851;;DE LED 3 SPOTS DE EMBUTIR 6W 3000K BC/BC DOT-LIGHT CONCENTRADO;34.20;9.75;1
LM2819;;DE LED 3 SPOTS DE EMBUTIR 6W 3000K BC/PT DOT-LIGHT CONCENTRADO;34.20;9.75;1
LM2824;;DE LED 3 SPOTS DE EMBUTIR 6W 3000K PT/PT DOT-LIGHT CONCENTRADO;31.40;9.75;1
LM3378;;DE LED 3 SPOTS DE EMBUTIR 6W 4000K BC/BC DOT-LIGHT CONCENTRADO;34.20;9.75;1
LM2591;;DE LED 3 SPOTS DE EMBUTIR 6W 4000K BC/PT DOT-LIGHT CONCENTRADO;31.40;9.75;1
LM2596;;DE LED 3 SPOTS DE EMBUTIR 6W 4000K PT/PT DOT-LIGHT CONCENTRADO;31.40;9.75;1
LM2158;;DE LED 5 SPOTS DE EMBUTIR 10W 2700K BC/PT DOT-LIGHT CONCENTRADO;37.25;9.75;1
LM2163;;DE LED 5 SPOTS DE EMBUTIR 10W 2700K PT/PT DOT-LIGHT CONCENTRADO;37.25;9.75;1
LM2852;;DE LED 5 SPOTS DE EMBUTIR 10W 3000K BC/BC DOT-LIGHT CONCENTRADO;37.25;9.75;1
LM2820;;DE LED 5 SPOTS DE EMBUTIR 10W 3000K BC/PT DOT-LIGHT CONCENTRADO;37.25;9.75;1
LM2825;;DE LED 5 SPOTS DE EMBUTIR 10W 3000K PT/PT DOT-LIGHT CONCENTRADO;37.25;9.75;1
LM3379;;DE LED 5 SPOTS DE EMBUTIR 10W 4000K BC/BC DOT-LIGHT CONCENTRADO;37.25;9.75;1
LM2592;;DE LED 5 SPOTS DE EMBUTIR 10W 4000K BC/PT DOT-LIGHT CONCENTRADO;37.25;9.75;1
LM2597;;DE LED 5 SPOTS DE EMBUTIR 10W 4000K PT/PT DOT-LIGHT CONCENTRADO;37.25;9.75;1
LM2159;;DE LED 10 SPOTS DE EMBUTIR 20W 2700K BC/PT DOT-LIGHT CONCENTRADO;65.20;9.75;1
LM2164;;DE LED 10 SPOTS DE EMBUTIR 20W 2700K PT/PT DOT-LIGHT CONCENTRADO;65.20;9.75;1
LM2853;;DE LED 10 SPOTS DE EMBUTIR 20W 3000K BC/BC DOT-LIGHT CONCENTRADO;65.20;9.75;1
LM2821;;DE LED 10 SPOTS DE EMBUTIR 20W 3000K BC/PT DOT-LIGHT CONCENTRADO;65.20;9.75;1
LM2826;;DE LED 10 SPOTS DE EMBUTIR 20W 3000K PT/PT DOT-LIGHT CONCENTRADO;65.20;9.75;1
LM3380;;DE LED 10 SPOTS DE EMBUTIR 20W 4000K BC/BC DOT-LIGHT CONCENTRADO;65.20;9.75;1
LM2593;;DE LED 10 SPOTS DE EMBUTIR 20W 4000K BC/PT DOT-LIGHT CONCENTRADO;65.20;9.75;1
LM2598;;DE LED 10 SPOTS DE EMBUTIR 20W 4000K PT/PT DOT-LIGHT CONCENTRADO;65.20;9.75;1
LM2160;;DE LED 15 SPOTS DE EMBUTIR 30W 2700K BC/PT DOT-LIGHT CONCENTRADO;90.55;9.75;2
LM2165;;DE LED 15 SPOTS DE EMBUTIR 30W 2700K PT/PT DOT-LIGHT CONCENTRADO;90.55;9.75;2
LM2854;;DE LED 15 SPOTS DE EMBUTIR 30W 3000K BC/BC DOT-LIGHT CONCENTRADO;90.55;9.75;2
LM2822;;DE LED 15 SPOTS DE EMBUTIR 30W 3000K BC/PT DOT-LIGHT CONCENTRADO;90.55;9.75;2
LM2827;;DE LED 15 SPOTS DE EMBUTIR 30W 3000K PT/PT DOT-LIGHT CONCENTRADO;90.55;9.75;2
LM3381;;DE LED 15 SPOTS DE EMBUTIR 30W 4000K BC/BC DOT-LIGHT CONCENTRADO;102.60;9.75;2
LM2594;;DE LED 15 SPOTS DE EMBUTIR 30W 4000K BC/PT DOT-LIGHT CONCENTRADO;90.55;9.75;2
LM2599;;DE LED 15 SPOTS DE EMBUTIR 30W 4000K PT/PT DOT-LIGHT CONCENTRADO;90.55;9.75;2
LM2915;;DE LED 3 SPOTS DE SOBREPOR 6W 3000K BC/PT DOT-LIGHT CONCENTRADO;34.20;9.75;2
LM2916;;DE LED 3 SPOTS DE SOBREPOR 6W 3000K PT/PT DOT-LIGHT CONCENTRADO;34.20;9.75;2
LM2917;;DE LED 5 SPOTS DE SOBREPOR 10W 3000K BC/PT DOT-LIGHT CONCENTRADO;54.30;9.75;2
LM2918;;DE LED 5 SPOTS DE SOBREPOR 10W 3000K PT/PT DOT-LIGHT CONCENTRADO;54.30;9.75;2
LM2919;;DE LED 10 SPOTS DE SOBREPOR 20W 3000K BC/PT DOT-LIGHT CONCENTRADO;82.30;9.75;2
LM2920;;DE LED 10 SPOTS DE SOBREPOR 20W 3000K PT/PT DOT-LIGHT CONCENTRADO;82.30;9.75;2
LM3383;;DE LED 5 SPOTS DE EMBUTIR DIRECIONÁVEL 10W 3000K PT/PT DOT-LIGHT CONCENTRADO;51.50;9.75;2
LM3384;;DE LED 5 SPOTS DE EMBUTIR DIRECIONÁVEL 10W 3000K BC/BC DOT-LIGHT CONCENTRADO;51.50;9.75;2
LM3386;;DE LED 10 SPOTS DE EMBUTIR DIRECIONÁVEL 20W 3000K BC/BC DOT-LIGHT CONCENTRADO;79.30;9.75;2
LM3385;;DE LED 10 SPOTS DE EMBUTIR DIRECIONÁVEL 20W 3000K PT/PT DOT-LIGHT CONCENTRADO;76.99;9.75;2
LM3193;;FLUX 28W 3000K 127-220V BC;430.85;9.75;2
LM3192;;FLUX 28W 3000K 127-220V PT;430.85;9.75;2
LM3535;;FLUX 28W 4000K 127-220V BC;407.95;9.75;2
LM3534;;FLUX 28W 4000K 127-220V PT;407.95;9.75;2
LM3191;;FLUX MOVI LUZ DIR. E IND. COM SENSOR PARA DIMERIZAÇÃO 30W 3000K 127-220V BC;545.80;9.75;2
LM3190;;FLUX MOVI LUZ DIR. E IND. COM SENSOR PARA DIMERIZAÇÃO 30W 3000K 127-220V PT;545.80;9.75;2
LM3210;;P/ INSTALAÇAO NO FORRO PD FLUX;20.35;9.75;2
LM3558;;SPOT DE SOBREPOR REDONDO 1W 3000K 24V IRC 90 PT;36.05;9.75;2
LM3559;;SPOT DE SOBREPOR REDONDO 1W 3000K 24V IRC 90 BC;36.05;9.75;2
LM3178;;SPOT DE EMBUTIR QUADRADO 1W 3000K 24V IRC 90 PT;47.85;9.75;2
LM3179;;SPOT DE EMBUTIR QUADRADO 1W 3000K 24V IRC 90 BC;47.85;9.75;2
LM3176;;SPOT DE EMBUTIR REDONDO 1W 3000K 24V IRC 90 PT;45.55;9.75;2
LM3177;;SPOT DE EMBUTIR REDONDO 1W 3000K 24V IRC 90 BC;45.55;9.75;2
LM3180;;SPOT DE EMBUTIR REDONDO COM HASTE 2W 3000K 24V IRC 90 PT;98.35;9.75;2
LM3181;;SPOT DE EMBUTIR REDONDO COM HASTE 2W 3000K 24V IRC 90 BC;98.35;9.75;2
LM3182;;SPOT DE EMBUTIR REDONDO COM HASTE 5W 3000K 24V IRC 90 PT;114.60;9.75;3
LM3183;;SPOT DE EMBUTIR REDONDO COM HASTE 5W 3000K 24V IRC 90 BC;121.75;9.75;3
LM3184;;SPOT DE EMBUTIR REDONDO COM HASTE 5W 3000K 24V IRC 90 DOURADO;120.35;9.75;3
LM3185;;SPOT DE EMBUTIR REDONDO COM HASTE LONGA 5W 3000K 24V IRC 90 PT;120.35;9.75;3
LM3186;;SPOT DE EMBUTIR REDONDO COM HASTE LONGA 5W 3000K 24V IRC 90 BC;125.35;9.75;3
LM3187;;SPOT DE SOBREPOR REDONDO COM HASTE LONGA 5W 3000K 24V IRC 90 PT;125.55;9.75;3
LM3188;;SPOT DE SOBREPOR REDONDO COM HASTE LONGA 5W 3000K 24V IRC 90 BC;125.55;9.75;3
LM3145;;MAG TRILHO DE SOBREPOR MAGNETICO PT 1M MAX. 24V;54.45;9.75;3
LM3146;;MAG TRILHO DE SOBREPOR MAGNETICO PT 2M MAX. 24V;112.75;9.75;3
LM3147;;MAG TRILHO DE SOBREPOR MAGNETICO PT 3M MAX. 24V;173.05;9.75;3
LM3168;;MAG CONECTOR DE DRIVER P/ TRILHO MAGNETICO PT - MAX 24V;18.15;9.75;3
LM3151;;MAG KIT SOBREPOR PAREDE-PAREDE CONECTOR/CONDUTOR/HASTE PT - MAX 24V;77.15;9.75;3
LM3153;;MAG KIT SOBREPOR TETO-PAREDE CONECTOR/CONDUTOR/HASTE PT - MAX 24V;77.15;9.75;3
LM3148;;MAG TRILHO DE SOBREPOR MAGNETICO BC 1M MAX. 24V;54.45;9.75;3
LM3149;;MAG TRILHO DE SOBREPOR MAGNETICO BC 2M MAX. 24V;112.75;9.75;3
LM3150;;MAG TRILHO DE SOBREPOR MAGNETICO BC 3M MAX. 24V;173.05;9.75;3
LM3169;;MAG CONECTOR DE DRIVER P/ TRILHO MAGNETICO BC - MAX 24V;18.15;9.75;3
LM3152;;MAG KIT SOBREPOR PAREDE-PAREDE CONECTOR/CONDUTOR/HASTE BC - MAX 24V;82.20;9.75;3
LM3154;;MAG KIT SOBREPOR TETO-PAREDE CONECTOR/CONDUTOR/HASTE BC - MAX 24V;77.15;9.75;3
LM3155;;MAG KIT PENDENTE PARA TRILHO DE SOBREPOR MAGNETICO CABO: 2M;93.60;9.75;3
LM3156;;MAG TRILHO DE EMBUTIR MAGNETICO PT 1M MAX. 24V;66.85;9.75;3
LM3157;;MAG TRILHO DE EMBUTIR MAGNETICO PT 2M MAX. 24V;134.30;9.75;3
LM3158;;MAG TRILHO DE EMBUTIR MAGNETICO PT 3M MAX. 24V;205.65;9.75;3
LM3162;;MAG KIT EMBUTIR PAREDE-PAREDE CONECTOR/CONDUTOR/HASTE PT - MAX 24V;77.15;9.75;3
LM3164;;MAG KIT EMBUTIR TETO-PAREDE CONECTOR/CONDUTOR/HASTE PT - MAX 24V;77.15;9.75;3
LM3159;;MAG TRILHO DE EMBUTIR MAGNETICO BC 1M MAX. 24V;66.85;9.75;3
LM3160;;MAG TRILHO DE EMBUTIR MAGNETICO BC 2M MAX. 24V;134.30;9.75;3
LM3161;;MAG TRILHO DE EMBUTIR MAGNETICO BC 3M MAX. 24V;205.65;9.75;3
LM3163;;MAG KIT EMBUTIR PAREDE-PAREDE CONECTOR/CONDUTOR/HASTE BC - MAX 24V;77.15;9.75;3
LM3165;;MAG KIT EMBUTIR TETO-PAREDE CONECTOR/CONDUTOR/HASTE BC - MAX 24V;77.15;9.75;3
LM3170;;MAG TRILHO PENDENTE CILINDRICO DUPLO 1M PT - MAX 24V;183.40;9.75;3
LM3171;;MAG TRILHO PENDENTE CILINDRICO DUPLO 2M PT - MAX 24V;271.25;9.75;3
LM3172;;MAG TRILHO PENDENTE CILINDRICO DUPLO 3M PT - MAX 24V;361.05;9.75;3
LM3173;;MAG TRILHO PENDENTE CILINDRICO DUPLO 1M BC - MAX 24V;183.40;9.75;3
LM3174;;MAG TRILHO PENDENTE CILINDRICO DUPLO 2M BC - MAX 24V;271.25;9.75;3
LM3175;;MAG TRILHO PENDENTE CILINDRICO DUPLO 3M BC - MAX 24V;361.05;9.75;3
LM3555;;MAG LUMINARIA BALL P/ TRILHO MAGNÉTICO 5W 3000K 24V IRC90 PT;128.80;9.75;3
LM3556;;MAG SPOT DIFUSOR LIGHT P/ TRILHO MAGNÉTICO 10W 36° 3000K 24V IRC90 PT;174.75;9.75;3
LM3557;;MAG SPOT DIFUSOR LIGHT P/ TRILHO MAGNÉTICO 10W 36° 3000K 24V IRC90 BC;174.75;9.75;3
LM3166;;"MAG CONECTOR DE ENERGIA ""I"" P/ TRILHO MAGNETICO PT - MAX 24V";22.55;9.75;4
LM3167;;"MAG CONECTOR DE ENERGIA ""I"" P/ TRILHO MAGNETICO BC - MAX 24V";22.55;9.75;4
LM3119;;MAG SPOT P/ TRILHO MAGNETICO 1W 24° 3000K 24V IRC 90 PT;63.25;9.75;4
LM3120;;MAG SPOT P/ TRILHO MAGNETICO 1W 24° 3000K 24V IRC 90 BC;63.25;9.75;4
LM3121;;MAG SPOT P/ TRILHO MAGNETICO 2W 15° 3000K 24V IRC 90 PT;89.40;9.75;4
LM3122;;MAG SPOT P/ TRILHO MAGNETICO 2W 15° 3000K 24V IRC 90 BC;89.40;9.75;4
LM3123;;MAG SPOT P/ TRILHO MAGNETICO 5W 15° 3000K 24V IRC 90 DOURADO;112.70;9.75;4
LM3126;;MAG SPOT P/ TRILHO MAGNETICO 9W 15° 3000K 24V IRC 90 PT;179.55;9.75;4
LM3127;;MAG SPOT P/ TRILHO MAGNETICO 9W 15° 3000K 24V IRC 90 BC;189.99;9.75;4
LM3128;;MAG SPOT P/ TRILHO MAGNETICO 9W 15° 3000K 24V IRC 90 DOURADO;183.40;9.75;4
LM3124;;MAG SPOT P/ TRILHO MAGNETICO ÂNGULO AJUSTAVEL 15°/55° 5W 3000K 24V IRC 90 PT;115.30;9.75;4
LM3125;;MAG SPOT P/ TRILHO MAGNETICO ÂNGULO AJUSTAVEL 15°/55° 5W 3000K 24V IRC 90 BC;115.30;9.75;4
LM3129;;MAG SPOT LATERAL P/ TRILHO MAGNETICO 15W 15° 3000K 24V IRC 90 PT;227.15;9.75;4
LM3130;;MAG SPOT LATERAL P/ TRILHO MAGNETICO 15W 15° 3000K 24V IRC 90 BC;227.15;9.75;4
LM3143;;MAG SPOT PENDENTE P/ TRILHO MAGNETICO 5W 15° 3000K 24V IRC 90 PT CABO: 1M;101.45;9.75;4
LM3144;;MAG SPOT PENDENTE P/ TRILHO MAGNETICO 5W 15° 3000K 24V IRC 90 BC CABO: 1M;101.45;9.75;4
LM3131;;MAG SPOT FLEXIVEL P/ TRILHO MAGNETICO 2W 15° 3000K 24V IRC 90 PT;107.85;9.75;4
LM3132;;MAG SPOT FLEXIVEL P/ TRILHO MAGNETICO 2W 15° 3000K 24V IRC 90 BC;107.85;9.75;4
LM3133;;MAG MODULO CONCENTRADO P/ TRILHO MAGNETICO 5W 15° 3000K 24V IRC 90 100MM PT;103.95;9.75;4
LM3134;;MAG MODULO CONCENTRADO P/ TRILHO MAGNETICO 5W 15° 3000K 24V IRC 90 100MM BC;103.95;9.75;4
LM3135;;MAG MODULO CONCENTRADO P/ TRILHO MAGNETICO 10W 15° 3000K 24V IRC 90 196MM PT;146.50;9.75;4
LM3136;;MAG MODULO CONCENTRADO P/ TRILHO MAGNETICO 10W 15° 3000K 24V IRC 90 196MM BC;146.50;9.75;4
LM3137;;MAG MODULO DIFUSO P/ TRILHO MAGNETICO 10W 3000K 24V IRC 90 300MM PT;87.45;9.75;4
LM3138;;MAG MODULO DIFUSO P/ TRILHO MAGNETICO 10W 3000K 24V IRC 90 300MM BC;87.45;9.75;4
LM3139;;MAG MODULO DIFUSO P/ TRILHO MAGNETICO 20W 3000K 24V IRC 90 600MM PT;133.35;9.75;4
LM3140;;MAG MODULO DIFUSO P/ TRILHO MAGNETICO 20W 3000K 24V IRC 90 600MM BC;138.95;9.75;4
LM3141;;MAG MODULO DIFUSO RECUADO P/ TRILHO MAGNETICO 6W 3000K 24V IRC 90 666MM PT;114.25;9.75;4
LM3142;;MAG MODULO DIFUSO RECUADO P/ TRILHO MAGNETICO 6W 3000K 24V IRC 90 666MM BC;102.35;9.75;4
LM3097;;DE JARDIM LED ROD 7W 3000K 127/220V BLS;38.50;9.75;4
LM3387;;DE JARDIM LED ROD 7W 3000K 127/220V VERDE BLS;37.05;9.75;4
LM3098;;SPOT ROD, COM BASE, LED 7W 3000K 127/220V BLS;37.05;9.75;4
LM3388;;SPOT ROD, COM BASE, LED 7W 3000K 127/220V VERDE BLS;37.05;9.75;4
LM3189;;DE JARDIM LED QAD 7W 3000K 127/220V BLS;23.70;9.75;4
LM3371;;DE JARDIM LED FLUSH 0,5W 3000K 24V PRETO (KIT COM 2 UNIDADES) BLS;108.90;9.75;4
LM3372;;5W AC127V-220V, PARA ESPETO DE JARDIM LED EFEITO FLUSH 24V, IP65 BLS;88.80;9.75;4
LM3054;;LED ARANDELA EMBUTIDA MICRO BORDA BRANCA, 3W, 3000K, 127V/220V IP65;44.35;9.75;4
LM3473;;LED ARANDELA EMBUTIDA MICRO BORDA PRETA, 3W, 3000K, 127V/220V IP65;41.99;9.75;4
LM3099;;DETECT SENSOR PARA MOBILIA ATÉ 2 PORTAS DE SOBREPOR P LED 12V/24V BLS;44.05;9.75;4
LM3100;;TOUCH BOTÃO DE EMBUTIR P LED 12V/24V DIM/LIGA/DESLIGA BLS;27.30;9.75;4
LM3101;;HID INTERRUPTOR OCULTO C SENSOR DE PRESENÇA P LED 12V/24V DIM/LIGA/DESLIGA BLS;30.90;9.75;4
LM2464;;DE PRESENCA PARA FITAS LED COM DIMERIZACAO;30.45;9.75;5
LM2685;;HUB LED RECUADO REDONDO 3W 3000K 127/220V BRANCO;20.80;9.75;5
LM2686;;HUB LED RECUADO REDONDO 3W 3000K 127/220V PRETO;20.80;9.75;5
LM2681;;HUB LED RECUADO REDONDO 7W 3000K 127/220V BRANCO;51.15;9.75;5
LM2682;;HUB LED RECUADO REDONDO 7W 3000K 127/220V PRETO;51.15;9.75;5
LM2683;;HUB LED RECUADO REDONDO 12W 3000K 127/220V BRANCO;75.95;9.75;5
LM2684;;HUB LED RECUADO REDONDO 12W 3000K 127/220V PRETO;75.95;9.75;5
LM3833;;HUB LED RECUADO REDONDO 16W 3000K 127/220V BRANCO;83.20;9.75;5
LM3834;;HUB LED RECUADO REDONDO 16W 3000K 127/220V PRETO;83.20;9.75;5
LM2635;;HUB MICRO BORDA RECUADO REDONDO PARA LAMPADA DICROICA MR16, BASE GU10 BRANCO - POT MAX. 10W;20.30;15.00;5
LM2636;;HUB MICRO BORDA RECUADO REDONDO PARA LAMPADA DICROICA MR16, BASE GU10 PRETO - POT MAX. 10W;20.30;15.00;5
LM2700;;HUB NO FRAME RECUADO REDONDO PARA LAMPADA DICROICA MR16, BASE GU10 BRANCO - POT MAX. 10W;19.85;15.00;5
LM2701;;HUB NO FRAME RECUADO REDONDO PARA LAMPADA DICROICA MR16, BASE GU10 PRETO - POT MAX. 10W;19.85;15.00;5
LM2828;;PINO HUB COM LED INTEGRADO 6W 3000K BRANCO PARA SPOT HUB MICRO BORDA E NO FRAME MR16;24.35;9.75;5
LM2829;;PINO HUB COM LED INTEGRADO 6W 3000K PRETO PARA SPOT HUB MICRO BORDA E NO FRAME MR16;24.35;9.75;5
LM3625;;HUB MICRO BORDA RECUADO REDONDO PARA LAMP MINI DICROICA MR11, BASE GU10 BRANCO - POT MAX. 10W;16.10;15.00;5
LM3626;;HUB MICRO BORDA RECUADO REDONDO PARA LAMP MINI DICROICA MR11, BASE GU10 PRETO - POT MAX. 10W;16.10;15.00;5
LM2639;;HUB MICRO BORDA RECUADO REDONDO PARA LAMPADA AR70, BASE GU10 BRANCO - POT MAX. 15W;26.90;15.00;5
LM2640;;HUB MICRO BORDA RECUADO REDONDO PARA LAMPADA AR70, BASE GU10 PRETO - POT MAX. 15W;26.90;15.00;5
LM2637;;HUB MICRO BORDA RECUADO REDONDO PARA LAMPADA PAR20, BASE E27 BRANCO - POT MAX. 15W;26.90;15.00;5
LM2638;;HUB MICRO BORDA RECUADO REDONDO PARA LAMPADA PAR20, BASE E27 PRETO - POT MAX. 15W;26.90;15.00;5
LM2641;;HUB MICRO BORDA RECUADO REDONDO PARA LAMPADA AR111, BASE GU10 BRANCO - POT MAX. 20W;36.25;15.00;5
LM2642;;HUB MICRO BORDA RECUADO REDONDO PARA LAMPADA AR111, BASE GU10 PRETO - POT MAX. 20W;36.25;15.00;5
LM2643;;HUB MICRO BORDA RECUADO REDONDO PARA LAMPADA PAR30, BASE E27 BRANCO - POT MAX. 20W;36.25;15.00;5
LM2644;;HUB MICRO BORDA RECUADO REDONDO PARA LAMPADA PAR30, BASE E27 PRETO - POT MAX. 20W;36.25;15.00;5
LM2702;;HUB NO FRAME RECUADO REDONDO PARA LAMPADA AR70, BASE GU10 BRANCO - POT MAX. 15W;25.15;15.00;5
LM2703;;HUB NO FRAME RECUADO REDONDO PARA LAMPADA AR70, BASE GU10 PRETO - POT MAX. 15W;25.15;15.00;5
LM2704;;HUB NO FRAME RECUADO REDONDO PARA LAMPADA PAR20, BASE E27 BRANCO - POT MAX. 15W;25.15;15.00;5
LM2705;;HUB NO FRAME RECUADO REDONDO PARA LAMPADA PAR20, BASE E27 PRETO - POT MAX. 15W;25.15;15.00;5
LM2706;;HUB NO FRAME RECUADO REDONDO PARA LAMPADA AR111, BASE GU10 BRANCO - POT MAX. 20W;32.90;15.00;5
LM2707;;HUB NO FRAME RECUADO REDONDO PARA LAMPADA AR111, BASE GU10 PRETO - POT MAX. 20W;32.90;15.00;5
LM2708;;HUB NO FRAME RECUADO REDONDO PARA LAMPADA PAR30, BASE E27 BRANCO - POT MAX. 20W;32.90;15.00;5
LM2709;;HUB NO FRAME RECUADO REDONDO PARA LAMPADA PAR30, BASE E27 PRETO - POT MAX. 20W;32.90;15.00;5
LM3627;;HUB MICRO BORDA RECUADO QUADRADO PARA LAMP MINI DICROICA MR11, BASE GU10 BRANCO - POT MAX. 10W;17.35;15.00;5
LM3628;;HUB MICRO BORDA RECUADO QUADRADO PARA LAMP MINI DICROICA MR11, BASE GU10 PRETO - POT MAX. 10W;17.35;15.00;5
LM3329;;HUB MICRO BORDA RECUADO QUADRADO PARA LAMPADA DICR MR16, BASE GU10 BRANCO - POT MAX. 10W;22.45;15.00;5
LM3330;;HUB MICRO BORDA RECUADO QUADRADO PARA LAMPADA DICR MR16, BASE GU10 PRETO - POT MAX. 10W;22.45;15.00;5
LM3333;;HUB MICRO BORDA RECUADO QUADRADO PARA LAMPADA AR70, BASE GU10 BRANCO - POT MAX. 15W;30.55;15.00;5
LM3334;;HUB MICRO BORDA RECUADO QUADRADO PARA LAMPADA AR70, BASE GU10 PRETO - POT MAX. 15W;29.60;15.00;5
LM3331;;HUB MICRO BORDA RECUADO QUADRADO PARA LAMPADA PAR20, BASE E27 BRANCO - POT MAX. 15W;29.60;15.00;5
LM3332;;HUB MICRO BORDA RECUADO QUADRADO PARA LAMPADA PAR20, BASE E27 PRETO - POT MAX. 15W;29.60;15.00;5
LM3335;;HUB MICRO BORDA RECUADO QUADRADO PARA LAMPADA AR111, BASE GU10 BRANCO - POT MAX. 20W;47.90;15.00;5
LM3336;;HUB MICRO BORDA RECUADO QUADRADO PARA LAMPADA AR111, BASE GU10 PRETO - POT MAX. 20W;47.90;15.00;5
LM3337;;HUB MICRO BORDA RECUADO QUADRADO PARA LAMPADA PAR30, BASE E27 BRANCO - POT MAX. 20W;47.90;15.00;5
LM3338;;HUB MICRO BORDA RECUADO QUADRADO PARA LAMPADA PAR30, BASE E27 PRETO - POT MAX. 20W;47.90;15.00;6
LM3339;;HUB MICRO BORDA RECUADO RETANGULAR PARA 2 LAMPADAS DICR MR16, BASE GU10 BRANCO - POT MAX. 20W;46.45;15.00;6
LM3340;;HUB MICRO BORDA RECUADO RETANGULAR PARA 2 LAMPADAS DICR MR16, BASE GU10 PRETO - POT MAX. 20W;44.60;15.00;6
LM3347;;HUB MICRO BORDA RECUADO RETANGULAR PARA 2 LAMPADAS AR70, BASE GU10 BRANCO - POT MAX. 30W;65.20;15.00;6
LM3348;;HUB MICRO BORDA RECUADO RETANGULAR PARA 2 LAMPADAS AR70, BASE GU10 PRETO - POT MAX. 30W;61.30;15.00;6
LM3345;;HUB MICRO BORDA RECUADO RETANGULAR PARA 2 LAMPADAS PAR20, BASE E27 BRANCO - POT MAX. 30W;60.70;15.00;6
LM3346;;HUB MICRO BORDA RECUADO RETANGULAR PARA 2 LAMPADAS PAR20, BASE E27 PRETO - POT MAX. 30W;61.30;15.00;6
LM3357;;HUB MICRO BORDA RECUADO RETANGULAR PARA 2 LAMPADAS AR111, BASE GU10 BRANCO - POT MAX. 40W;80.70;15.00;6
LM3358;;HUB MICRO BORDA RECUADO RETANGULAR PARA 2 LAMPADAS AR111, BASE GU10 PRETO - POT MAX. 40W;77.95;15.00;6
LM3359;;HUB MICRO BORDA RECUADO RETANGULAR PARA 2 LAMPADAS PAR30, BASE E27 BRANCO - POT MAX. 40W;77.95;15.00;6
LM3360;;HUB MICRO BORDA RECUADO RETANGULAR PARA 2 LAMPADAS PAR30, BASE E27 PRETO - POT MAX. 40W;77.95;15.00;6
LM3341;;HUB MICRO BORDA RECUADO RETANGULAR PARA 3 LAMPADAS DICR MR16, BASE GU10 BRANCO - POT MAX. 30W;63.55;15.00;6
LM3342;;HUB MICRO BORDA RECUADO RETANGULAR PARA 3 LAMPADAS DICR MR16, BASE GU10 PRETO - POT MAX. 30W;65.99;15.00;6
LM3351;;HUB MICRO BORDA RECUADO RETANGULAR PARA 3 LAMPADAS AR70, BASE GU10 BRANCO - POT MAX. 45W;77.55;15.00;6
LM3352;;HUB MICRO BORDA RECUADO RETANGULAR PARA 3 LAMPADAS AR70, BASE GU10 PRETO - POT MAX. 45W;69.80;15.00;6
LM3349;;HUB MICRO BORDA RECUADO RETANGULAR PARA 3 LAMPADAS PAR20, BASE E27 BRANCO - POT MAX. 45W;80.95;15.00;6
LM3350;;HUB MICRO BORDA RECUADO RETANGULAR PARA 3 LAMPADAS PAR20, BASE E27 PRETO - POT MAX. 45W;81.80;15.00;6
LM3361;;HUB MICRO BORDA RECUADO RETANGULAR PARA 3 LAMPADAS AR111, BASE GU10 BRANCO - POT MAX. 60W;103.25;15.00;6
LM3362;;HUB MICRO BORDA RECUADO RETANGULAR PARA 3 LAMPADAS AR111, BASE GU10 PRETO - POT MAX. 60W;91.55;15.00;6
LM3363;;HUB MICRO BORDA RECUADO RETANGULAR PARA 3 LAMPADAS PAR30, BASE E27 BRANCO - POT MAX. 60W;90.45;15.00;6
LM3364;;HUB MICRO BORDA RECUADO RETANGULAR PARA 3 LAMPADAS PAR30, BASE E27 PRETO - POT MAX. 60W;91.75;15.00;6
LM3343;;HUB MICRO BORDA RECUADO QUADRADO PARA 4 LAMPADAS DICR MR16, BASE GU10 BRANCO - POT MAX. 40W;84.80;15.00;6
LM3344;;HUB MICRO BORDA RECUADO QUADRADO PARA 4 LAMPADAS DICR MR16, BASE GU10 PRETO - POT MAX. 40W;81.15;15.00;6
LM3355;;HUB MICRO BORDA RECUADO QUADRADO PARA 4 LAMPADAS AR70, BASE GU10 BRANCO - POT MAX. 60W;104.10;15.00;6
LM3356;;HUB MICRO BORDA RECUADO QUADRADO PARA 4 LAMPADAS AR70, BASE GU10 PRETO - POT MAX. 60W;104.10;15.00;6
LM3353;;HUB MICRO BORDA RECUADO QUADRADO PARA 4 LAMPADAS PAR20, BASE E27 BRANCO - POT MAX. 60W;103.05;15.00;6
LM3354;;HUB MICRO BORDA RECUADO QUADRADO PARA 4 LAMPADAS PAR20, BASE E27 PRETO - POT MAX. 60W;104.10;15.00;6
LM3365;;HUB MICRO BORDA RECUADO QUADRADO PARA 4 LAMPADAS AR111, BASE GU10 BRANCO - POT MAX. 80W;141.55;15.00;6
LM3366;;HUB MICRO BORDA RECUADO QUADRADO PARA 4 LAMPADAS AR111, BASE GU10 PRETO - POT MAX. 80W;141.55;15.00;6
LM3367;;HUB MICRO BORDA RECUADO QUADRADO PARA 4 LAMPADAS PAR30, BASE E27 BRANCO - POT MAX. 80W;141.55;15.00;6
LM3368;;HUB MICRO BORDA RECUADO QUADRADO PARA 4 LAMPADAS PAR30, BASE E27 PRETO - POT MAX. 80W;141.55;15.00;6
LM2710;;NO FRAME RECUADO QUADRADO PARA LAMPADA DICROICA MR16, BASE GU10 BRANCO - POT MAX. 10W;31.45;15.00;6
LM2711;;NO FRAME RECUADO QUADRADO PARA LAMPADA DICROICA MR16, BASE GU10 PRETO - POT MAX. 10W;31.45;15.00;6
LM2720;;NO FRAME RECUADO QUADRADO PARA LAMPADA AR70, BASE GU10 BRANCO - POT MAX. 15W;35.25;15.00;6
LM2721;;NO FRAME RECUADO QUADRADO PARA LAMPADA AR70, BASE GU10 PRETO - POT MAX. 15W;35.25;15.00;6
LM2718;;NO FRAME RECUADO QUADRADO PARA LAMPADA PAR20, BASE E27 BRANCO - POT MAX. 15W;35.25;15.00;6
LM2719;;NO FRAME RECUADO QUADRADO PARA LAMPADA PAR20, BASE E27 PRETO - POT MAX. 15W;35.25;15.00;6
LM2734;;NO FRAME RECUADO QUADRADO PARA LAMPADA AR111, BASE GU10 BRANCO - POT MAX. 20W;51.50;15.00;6
LM2735;;NO FRAME RECUADO QUADRADO PARA LAMPADA AR111, BASE GU10 PRETO - POT MAX. 20W;51.50;15.00;6
LM2736;;NO FRAME RECUADO QUADRADO PARA LAMPADA PAR30, BASE E27 BRANCO - POT MAX. 20W;51.50;15.00;6
LM2712;;NO FRAME RECUADO RETANGULAR PARA 2 LAMPADAS DICROICA MR16, BASE GU10 BRANCO - POT MAX. 20W;43.25;15.00;6
LM2713;;NO FRAME RECUADO RETANGULAR PARA 2 LAMPADAS DICROICA MR16, BASE GU10 PRETO - POT MAX. 20W;43.25;15.00;6
LM2724;;NO FRAME RECUADO RETANGULAR PARA 2 LAMPADAS AR70, BASE GU10 BRANCO - POT MAX. 30W;59.05;15.00;6
LM2725;;NO FRAME RECUADO RETANGULAR PARA 2 LAMPADAS AR70, BASE GU10 PRETO - POT MAX. 30W;59.05;15.00;6
LM2722;;NO FRAME RECUADO RETANGULAR PARA 2 LAMPADAS PAR20, BASE E27 BRANCO - POT MAX. 30W;59.05;15.00;6
LM2723;;NO FRAME RECUADO RETANGULAR PARA 2 LAMPADAS PAR20, BASE E27 PRETO - POT MAX. 30W;59.05;15.00;6
LM2738;;NO FRAME RECUADO RETANGULAR PARA 2 LAMPADAS AR111, BASE GU10 BRANCO - POT MAX. 40W;78.15;15.00;7
LM2739;;NO FRAME RECUADO RETANGULAR PARA 2 LAMPADAS AR111, BASE GU10 PRETO - POT MAX. 40W;72.65;15.00;7
LM2740;;NO FRAME RECUADO RETANGULAR PARA 2 LAMPADAS PAR30, BASE E27 BRANCO - POT MAX. 40W;78.15;15.00;7
LM2741;;NO FRAME RECUADO RETANGULAR PARA 2 LAMPADAS PAR30, BASE E27 PRETO - POT MAX. 40W;78.15;15.00;7
LM2714;;NO FRAME RECUADO RETANGULAR PARA 3 LAMPADAS DICROICA MR16, BASE GU10 BRANCO - POT MAX. 30W;55.45;15.00;7
LM2715;;NO FRAME RECUADO RETANGULAR PARA 3 LAMPADAS DICROICA MR16, BASE GU10 PRETO - POT MAX. 30W;55.45;15.00;7
LM2728;;NO FRAME RECUADO RETANGULAR PARA 3 LAMPADAS AR70, BASE GU10 BRANCO - POT MAX. 45W;78.15;15.00;7
LM2729;;NO FRAME RECUADO RETANGULAR PARA 3 LAMPADAS AR70, BASE GU10 PRETO - POT MAX. 45W;78.15;15.00;7
LM2726;;NO FRAME RECUADO RETANGULAR PARA 3 LAMPADAS PAR20, BASE E27 BRANCO - POT MAX. 45W;78.15;15.00;7
LM2742;;NO FRAME RECUADO RETANGULAR PARA 3 LAMPADAS AR111, BASE GU10 BRANCO - POT MAX. 60W;90.45;15.00;7
LM2743;;NO FRAME RECUADO RETANGULAR PARA 3 LAMPADAS AR111, BASE GU10 PRETO - POT MAX. 60W;91.75;15.00;7
LM2744;;NO FRAME RECUADO RETANGULAR PARA 3 LAMPADAS PAR30, BASE E27 BRANCO - POT MAX. 60W;90.45;15.00;7
LM2745;;NO FRAME RECUADO RETANGULAR PARA 3 LAMPADAS PAR30, BASE E27 PRETO - POT MAX. 60W;91.55;15.00;7
LM2716;;NO FRAME RECUADO QUADRADO PARA 4 LAMPADAS DICROICA MR16, BASE GU10 BRANCO - POT MAX. 40W;73.90;15.00;7
LM2717;;NO FRAME RECUADO QUADRADO PARA 4 LAMPADAS DICROICA MR16, BASE GU10 PRETO - POT MAX. 40W;82.65;15.00;7
LM2732;;NO FRAME RECUADO QUADRADO PARA 4 LAMPADAS AR70, BASE GU10 BRANCO - POT MAX. 60W;90.45;15.00;7
LM2733;;NO FRAME RECUADO QUADRADO PARA 4 LAMPADAS AR70, BASE GU10 PRETO - POT MAX. 60W;91.55;15.00;7
LM2731;;NO FRAME RECUADO QUADRADO PARA 4 LAMPADAS PAR20, BASE E27 PRETO - POT MAX. 60W;97.20;15.00;7
LM2746;;NO FRAME RECUADO QUADRADO PARA 4 LAMPADAS AR111, BASE GU10 BRANCO - POT MAX. 80W;134.99;15.00;7
LM2747;;NO FRAME RECUADO QUADRADO PARA 4 LAMPADAS AR111, BASE GU10 PRETO - POT MAX. 80W;121.99;15.00;7
LM2748;;NO FRAME RECUADO QUADRADO PARA 4 LAMPADAS PAR30, BASE E27 BRANCO - POT MAX. 80W;134.99;15.00;7
LM2749;;NO FRAME RECUADO QUADRADO PARA 4 LAMPADAS PAR30, BASE E27 PRETO - POT MAX. 80W;121.99;15.00;7
LM3805;;LIT DE SOBREPOR RECUADO LED 18W 3000K 127/220V BRANCO QUADRADO;26.05;9.75;7
LM3808;;LIT DE SOBREPOR RECUADO LED 18W 4000K 127/220V BRANCO QUADRADO;26.05;9.75;7
LM3811;;LIT DE SOBREPOR RECUADO LED 18W 6500K 127/220V BRANCO QUADRADO;26.05;9.75;7
LM3806;;LIT DE SOBREPOR RECUADO LED 24W 3000K 127/220V BRANCO QUADRADO;39.80;9.75;7
LM3809;;LIT DE SOBREPOR RECUADO LED 24W 4000K 127/220V BRANCO QUADRADO;39.80;9.75;7
LM3812;;LIT DE SOBREPOR RECUADO LED 24W 6500K 127/220V BRANCO QUADRADO;39.80;9.75;7
LM3807;;LIT DE SOBREPOR RECUADO LED 36W 3000K 127/220V BRANCO QUADRADO;81.95;9.75;7
LM3810;;LIT DE SOBREPOR RECUADO LED 36W 4000K 127/220V BRANCO QUADRADO;81.95;9.75;7
LM3813;;LIT DE SOBREPOR RECUADO LED 36W 6500K 127/220V BRANCO QUADRADO;81.95;9.75;7
LM3814;;LIT DE SOBREPOR RECUADO LED 18W 3000K 127/220V PRETO QUADRADO;27.70;9.75;7
LM3817;;LIT DE SOBREPOR RECUADO LED 18W 4000K 127/220V PRETO QUADRADO;27.70;9.75;7
LM3820;;LIT DE SOBREPOR RECUADO LED 18W 6500K 127/220V PRETO QUADRADO;27.70;9.75;7
LM3815;;LIT DE SOBREPOR RECUADO LED 24W 3000K 127/220V PRETO QUADRADO;43.05;9.75;7
LM3818;;LIT DE SOBREPOR RECUADO LED 24W 4000K 127/220V PRETO QUADRADO;43.05;9.75;7
LM3821;;LIT DE SOBREPOR RECUADO LED 24W 6500K 127/220V PRETO QUADRADO;43.05;9.75;7
LM3816;;LIT DE SOBREPOR RECUADO LED 36W 3000K 127/220V PRETO QUADRADO;88.35;9.75;7
LM3819;;LIT DE SOBREPOR RECUADO LED 36W 4000K 127/220V PRETO QUADRADO;88.35;9.75;7
LM3822;;LIT DE SOBREPOR RECUADO LED 36W 6500K 127/220V PRETO QUADRADO;88.35;9.75;7
LM2605;;HIDE DE EMBUTIR RECUADO LED 12W 3000K 127/220V REDONDO;19.85;9.75;7
LM3249;;HIDE DE EMBUTIR RECUADO LED 12W 4000K 127/220V REDONDO;19.85;9.75;7
LM2606;;HIDE DE EMBUTIR RECUADO LED 12W 6500K 127/220V REDONDO;19.85;9.75;7
LM2607;;HIDE DE EMBUTIR RECUADO LED 18W 3000K 127/220V REDONDO;24.10;9.75;7
LM3250;;HIDE DE EMBUTIR RECUADO LED 18W 4000K 127/220V REDONDO;25.65;9.75;7
LM2608;;HIDE DE EMBUTIR RECUADO LED 18W 6500K 127/220V REDONDO;24.10;9.75;8
LM2609;;HIDE DE EMBUTIR RECUADO LED 24W 3000K 127/220V REDONDO;33.20;9.75;8
LM3251;;HIDE DE EMBUTIR RECUADO LED 24W 4000K 127/220V REDONDO;33.90;9.75;8
LM2610;;HIDE DE EMBUTIR RECUADO LED 24W 6500K 127/220V REDONDO;33.20;9.75;8
LM2611;;HIDE DE EMBUTIR RECUADO LED 36W 3000K 127/220V REDONDO;45.20;9.75;8
LM3252;;HIDE DE EMBUTIR RECUADO LED 36W 4000K 127/220V REDONDO;45.20;9.75;8
LM2612;;HIDE DE EMBUTIR RECUADO LED 36W 6500K 127/220V REDONDO;44.35;9.75;8
LM2613;;HIDE DE EMBUTIR RECUADO LED 12W 3000K 127/220V QUADRADO;20.99;9.75;8
LM3253;;HIDE DE EMBUTIR RECUADO LED 12W 4000K 127/220V QUADRADO;21.85;9.75;8
LM2614;;HIDE DE EMBUTIR RECUADO LED 12W 6500K 127/220V QUADRADO;20.99;9.75;8
LM2615;;HIDE DE EMBUTIR RECUADO LED 18W 3000K 127/220V QUADRADO;28.20;9.75;8
LM3254;;HIDE DE EMBUTIR RECUADO LED 18W 4000K 127/220V QUADRADO;28.20;9.75;8
LM2616;;HIDE DE EMBUTIR RECUADO LED 18W 6500K 127/220V QUADRADO;28.20;9.75;8
LM2617;;HIDE DE EMBUTIR RECUADO LED 24W 3000K 127/220V QUADRADO;32.50;9.75;8
LM3255;;HIDE DE EMBUTIR RECUADO LED 24W 4000K 127/220V QUADRADO;32.50;9.75;8
LM2618;;HIDE DE EMBUTIR RECUADO LED 24W 6500K 127/220V QUADRADO;32.50;9.75;8
LM2619;;HIDE DE EMBUTIR RECUADO LED 36W 3000K 127/220V QUADRADO;53.45;9.75;8
LM3256;;HIDE DE EMBUTIR RECUADO LED 36W 4000K 127/220V QUADRADO;53.45;9.75;8
LM2620;;HIDE DE EMBUTIR RECUADO LED 36W 6500K 127/220V QUADRADO;53.45;9.75;8
LM3225;;HIDE DE EMBUTIR RECUADO LED 12W 3000K 127/220V PRETO REDONDO;19.85;9.75;8
LM3226;;HIDE DE EMBUTIR RECUADO LED 12W 4000K 127/220V PRETO REDONDO;19.85;9.75;8
LM3227;;HIDE DE EMBUTIR RECUADO LED 12W 6500K 127/220V PRETO REDONDO;19.85;9.75;8
LM3228;;HIDE DE EMBUTIR RECUADO LED 18W 3000K 127/220V PRETO REDONDO;24.10;9.75;8
LM3229;;HIDE DE EMBUTIR RECUADO LED 18W 4000K 127/220V PRETO REDONDO;25.65;9.75;8
LM3230;;HIDE DE EMBUTIR RECUADO LED 18W 6500K 127/220V PRETO REDONDO;24.10;9.75;8
LM3231;;HIDE DE EMBUTIR RECUADO LED 24W 3000K 127/220V PRETO REDONDO;33.20;9.75;8
LM3232;;HIDE DE EMBUTIR RECUADO LED 24W 4000K 127/220V PRETO REDONDO;33.90;9.75;8
LM3233;;HIDE DE EMBUTIR RECUADO LED 24W 6500K 127/220V PRETO REDONDO;33.20;9.75;8
LM3234;;HIDE DE EMBUTIR RECUADO LED 36W 3000K 127/220V PRETO REDONDO;45.20;9.75;8
LM3235;;HIDE DE EMBUTIR RECUADO LED 36W 4000K 127/220V PRETO REDONDO;45.20;9.75;8
LM3236;;HIDE DE EMBUTIR RECUADO LED 36W 6500K 127/220V PRETO REDONDO;44.35;9.75;8
LM3237;;HIDE DE EMBUTIR RECUADO LED 12W 3000K 127/220V PRETO QUADRADO;21.85;9.75;8
LM3238;;HIDE DE EMBUTIR RECUADO LED 12W 4000K 127/220V PRETO QUADRADO;20.99;9.75;8
LM3239;;HIDE DE EMBUTIR RECUADO LED 12W 6500K 127/220V PRETO QUADRADO;20.99;9.75;8
LM3240;;HIDE DE EMBUTIR RECUADO LED 18W 3000K 127/220V PRETO QUADRADO;28.20;9.75;8
LM3241;;HIDE DE EMBUTIR RECUADO LED 18W 4000K 127/220V PRETO QUADRADO;28.20;9.75;8
LM3242;;HIDE DE EMBUTIR RECUADO LED 18W 6500K 127/220V PRETO QUADRADO;28.20;9.75;8
LM3243;;HIDE DE EMBUTIR RECUADO LED 24W 3000K 127/220V PRETO QUADRADO;32.50;9.75;8
LM3244;;HIDE DE EMBUTIR RECUADO LED 24W 4000K 127/220V PRETO QUADRADO;32.50;9.75;8
LM3245;;HIDE DE EMBUTIR RECUADO LED 24W 6500K 127/220V PRETO QUADRADO;32.50;9.75;8
LM3246;;HIDE DE EMBUTIR RECUADO LED 36W 3000K 127/220V PRETO QUADRADO;53.45;9.75;8
LM3247;;HIDE DE EMBUTIR RECUADO LED 36W 4000K 127/220V PRETO QUADRADO;53.45;9.75;8
LM3248;;HIDE DE EMBUTIR RECUADO LED 36W 6500K 127/220V PRETO QUADRADO;53.45;9.75;8
LM3087;;YAEL, 25W, LED, DOURADO E BRANCO, 3000-4000-6500K, 127-220V, 40CM, REDONDO;131.60;9.75;8
LM3088;;YAEL, 36W, LED, DOURADO E BRANCO, 3000-4000-6500K, 127-220V, 50CM, REDONDO;218.80;9.75;8
LM3089;;YAEL, 25W, LED, DOURADO E BRANCO, 3000-4000-6500K, 127-220V, 40CM, QUADRADO;154.10;9.75;8
LM3090;;YAEL, 36W, LED, DOURADO E BRANCO, 3000-4000-6500K, 127-220V, 50CM, QUADRADO;223.60;9.75;8
LM3091;;TAMAR, 25W, LED, BRANCO, 3000-4000-6500K, 127-220V, 40CM;148.55;9.75;8
LM3093;;TAMAR, 25W, LED, PRETO, 3000-4000-6500K, 127-220V, 40CM;148.55;9.75;8
LM3095;;TAMAR, 25W, LED, WOOD, 3000-4000-6500K, 127-220V, 40CM;174.70;9.75;8
LM3092;;TAMAR, 36W, LED, BRANCO, 3000-4000-6500K, 127-220V, 50CM;235.65;9.75;8
LM3094;;TAMAR, 36W, LED, PRETO, 3000-4000-6500K, 127-220V, 50CM;235.65;9.75;8
LM3096;;TAMAR, 36W, LED, WOOD, 3000-4000-6500K, 127-220V, 50CM;255.35;9.75;9
LM2978;;LED DE SOBREPOR SLIPT PRETO 7W 3000K 127/220V;29.35;9.75;9
LM3052;;LED DE SOBREPOR SLIPT BRANCO 7W 3000K 127/220V;29.35;9.75;9
LM2979;;LED DE SOBREPOR SLIPT PRETO 15W 3000K 127/220V;40.65;9.75;9
LM3053;;LED DE SOBREPOR SLIPT BRANCO 15W 3000K 127/220V;40.65;9.75;9
LM2689;;PINO LED DE EMBUTIR 2W 3000K 127/220V BRANCO;54.99;9.75;9
LM2690;;PINO LED DE EMBUTIR 2W 3000K 127/220V PRETO;53.45;9.75;9
LM2687;;PINO LED DE SOBREPOR 2W 3000K 127/220V BRANCO;51.75;9.75;9
LM2688;;PINO LED DE SOBREPOR 2W 3000K 127/220V PRETO;53.30;9.75;9
LM2981;;KINO PLUS LED, BRANCA, 8W, 3000K, 127/220V, 18CM;127.99;9.75;9
LM2982;;KINO PLUS LED, PRETA, 8W, 3000K, 127/220V, 18CM;127.99;9.75;9
LM2983;;KINO PLUS LED, BRANCA, 12W, 3000K, 127/220V, 30CM;183.20;9.75;9
LM2984;;KINO PLUS LED, PRETA, 12W, 3000K, 127/220V, 30CM;183.20;9.75;9
LM2691;;LED NO FRAME 3W 3000K 127/220V QUADRADA BRANCA;44.35;9.75;9
LM2692;;LED NO FRAME 3W 3000K 127/220V QUADRADA PRETA;44.35;9.75;9
LM1216;;LED ARANDELA EMBUTIDA PRETO, 3W, 3000K, 127V/220V IP20;40.95;9.75;9
LM878;;LED BALIZADOR BRANCO, 1W, 3000K, 127V/220V IP20;46.60;9.75;9
LM1214;;LED BALIZADOR PRETO, 1W, 3000K, 127V/220V IP20;46.60;9.75;9
LM879;;LED BALIZADOR BRANCO, 3W, 3000K, 127V/220V;39.10;9.75;9
LM1215;;LED BALIZADOR PRETO, 3W, 3000K, 127V/220V;38.99;9.75;9
LM2663;;PIT LED QUADRADA BRANCA, 2W, 3000K, 127/220V, IP65;33.20;9.75;9
LM2664;;PIT LED QUADRADA PRETA, 2W, 3000K, 127/220V, IP65;34.20;9.75;9
LM2661;;PIT LED RETANGULAR BRANCA, 5W, 3000K, 127/220V, IP65;41.75;9.75;9
LM2662;;PIT LED RETANGULAR PRETA, 5W, 3000K, 127/220V, IP65;41.75;9.75;9
LM958;;LED BRANCA 4W 2700K 127V/220V;34.20;9.75;9
LM956;;LED, PRETA. 4W, 2700K, 127V/220V;34.20;9.75;9
LM959;;LED BRANCA. 4W 6000K 127V/220V;34.20;9.75;9
LM957;;LED, PRETA 4W 6000K 127V/220V;34.20;9.75;9
LM831;;LED XBOX 6W, 3000K, 127/220V;79.80;9.75;9
LM880;;LED XBOX PRETO, 6W, 3000K, 127/220V;91.65;9.75;9
LM1236;;LED XBOX SLIM BRANCO 4W, 3000K, 127/220V;65.20;9.75;9
LM1238;;LED XBOX SLIM PRETO 4W, 3000K, 127/220V;64.90;9.75;9
LM1237;;LED XBOX SLIM BRANCO 4W, 6500K, 127/220V;33.20;9.75;9
LM1239;;LED XBOX SLIM PRETO 4W, 6500K, 127/220V;33.20;9.75;9
LM3102;;VERT LED 6W 3000K 127/220V IP65 PT;67.99;9.75;9
LM621;;LED ARANDELA DE SOBREPOR BRANCA 2W 2700K 127/220V MATERIAL: PLASTICO;30.35;9.75;9
LM876;;LED ARANDELA DE SOBREPOR PRETA 2W 3000K 127/220V MATERIAL: PLASTICO;30.35;9.75;9
LM2665;;GLOW LED BRANCO, 1W, 3000K, 127/220V, IP67;45.20;9.75;10
LM2666;;GLOW LED PRETO, 1W, 3000K, 127/220V, IP67;43.90;9.75;10
LM2679;;FLOW DE EMBUTIR LED, BRANCA 3W, 3000K, 127V/220V, IP54;29.55;9.75;10
LM2680;;FLOW DE EMBUTIR LED, PRETA 3W, 3000K, 127V/220V, IP54;28.55;9.75;10
LM2659;;FLOW DE SOBREPOR LED, BRANCA 2W, 3000K, 127V/220V, IP65;36.55;9.75;10
LM2660;;FLOW DE SOBREPOR LED, PRETO 2W, 3000K, 127V/220V, IP65;36.55;9.75;10
LM961;;DE PAREDE LED, BRANCO 2W 6000K 127V/220V;37.40;9.75;10
LM2657;;DE JUNCAO PARA SPOT CONNECT NO FRAME PARA LAMPADAS MR111, MR16, AR70, PAR20;3.15;9.75;10
LM2658;;DE JUNCAO PARA SPOT CONNECT NO FRAME PARA LAMPADAS AR111, PAR30;3.90;9.75;10
LM2645;;CONNECT NO FRAME QUADRADO PARA LAMPADA MINI DICROICA MR11, BASE GU10 BRANCO - POT MAX. 10W;12.65;15.00;10
LM2646;;CONNECT NO FRAME QUADRADO PARA LAMPADA MINI DICROICA MR11, BASE GU10 PRETO - POT MAX. 10W;12.65;15.00;10
LM2647;;CONNECT NO FRAME QUADRADO PARA LAMPADA DICROICA MR16, BASE GU10 BRANCO - POT MAX. 10W;13.15;15.00;10
LM2648;;CONNECT NO FRAME QUADRADO PARA LAMPADA DICROICA MR16, BASE GU10 PRETO - POT MAX. 10W;14.55;15.00;10
LM2649;;CONNECT NO FRAME QUADRADO PARA LAMPADA AR70, BASE GU10 BRANCO - POT MAX. 15W;18.10;15.00;10
LM2650;;CONNECT NO FRAME QUADRADO PARA LAMPADA AR70, BASE GU10 PRETO - POT MAX. 15W;18.10;15.00;10
LM2651;;CONNECT NO FRAME QUADRADO PARA LAMPADA PAR20, BASE E27 BRANCO - POT MAX. 15W;18.10;15.00;10
LM2652;;CONNECT NO FRAME QUADRADO PARA LAMPADA PAR20, BASE E27 PRETO - POT MAX. 15W;18.10;15.00;10
LM2655;;CONNECT NO FRAME QUADRADO PARA LAMPADA AR111, BASE GU10 BRANCO - POT MAX. 20W;22.30;15.00;10
LM2653;;CONNECT NO FRAME QUADRADO PARA LAMPADA PAR30, BASE E27 BRANCO - POT MAX. 20W;22.30;15.00;10
LM2654;;CONNECT NO FRAME QUADRADO PARA LAMPADA PAR30, BASE E27 PRETO - POT MAX. 20W;20.45;15.00;10
LM1231;;DE JUNÇÃO PARA SPOT LM1227 E LM1226;3.35;9.75;10
LM1232;;DE JUNÇÃO PARA SPOT LM1228 E LM1229;4.10;9.75;10
LM1224;;QUADRADO DE EMBUTIR RECUADO PARA LED MR11 MINI DICRÓICA - POT MAX. 10W;8.35;15.00;10
LM1407;;QUADRADO DE EMBUTIR RECUADO PRETO PARA LED MR11 MINI DICRÓICA - POT MAX. 10W;8.35;15.00;10
LM3369;;QUADRADO DE EMBUTIR RECUADO PARA LED MR16 DICRÓICA - POT MAX. 10W;7.90;15.00;10
LM3370;;QUADRADO DE EMBUTIR RECUADO PRETO PARA LED MR16 DICRÓICA - POT MAX. 10W;7.90;15.00;10
LM1226;;QUADRADO DE EMBUTIR RECUADO PARA LED AR70 - POT MAX. 15W;11.65;15.00;10
LM1410;;QUADRADO DE EMBUTIR RECUADO PRETO PARA LED AR70 - POT MAX. 15W;11.75;15.00;10
LM1227;;QUADRADO DE EMBUTIR RECUADO PARA LED PAR20 - POT MAX. 15W;10.40;15.00;10
LM1409;;QUADRADO DE EMBUTIR RECUADO PRETO PARA LED PAR20 - POT MAX. 15W;9.90;15.00;10
LM1229;;QUADRADO DE EMBUTIR RECUADO PARA LED AR111 - POT MAX. 20W;18.50;15.00;10
LM1412;;QUADRADO DE EMBUTIR RECUADO PRETO PARA LED AR111 - POT MAX. 20W;17.70;15.00;10
LM1228;;QUADRADO DE EMBUTIR RECUADO PARA LED PAR30 - POT MAX. 20W;14.30;15.00;10
LM1411;;QUADRADO DE EMBUTIR RECUADO PRETO PARA LED PAR30 - POT MAX. 20W;14.50;15.00;10
LM1233;;LED MINI EMBUTIDO BRANCO 3W 2700K 127/220V ANEL BRANCO;11.85;9.75;10
LM1457;;LED MINI EMBUTIDO PRETO 3W 2700K 127/220V;11.85;9.75;10
LM1234;;LED MINI EMBUTIDO BRANCO 3W 6500K 127/220V ANEL BRANCO;11.85;9.75;10
LM1458;;LED MINI EMBUTIDO PRETO 3W 6000K 127/220V;5.25;9.75;10
LM618;;LED MINI EMBUTIDO BRANCO 1W 2700K 127/220V;17.30;9.75;10
LM619;;LED MINI EMBUTIDO PRATA 1W 2700K 127/220V;17.30;9.75;10
LM620;;LED MINI EMBUTIDO PRETO 1W 2700K 127/220V;17.30;9.75;10
LM325;;SPOT LED 3W 3000K 127/220V QUADRADO;5.55;9.75;10
LM3538;;SPOT LED 3W 3000K 127/220V QUADRADO;5.55;9.75;10
LM3483;;SPOT LED, PRETO, 3W 3000K 127/220V QUADRADO;4.35;9.75;10
LM3633;;SPOT LED 3W 4000K 127/220V QUADRADO;4.80;9.75;10
LM748;;SPOT LED 3W 4000K 127/220V QUADRADO;4.80;9.75;10
LM2532;;SPOT LED, PRETO, 3W 4000K 127/220V QUADRADO;4.80;9.75;10
LM302;;SPOT LED 3W 6500K 127/220V QUADRADO;5.55;9.75;10
LM3540;;SPOT LED 3W 6500K 127/220V QUADRADO;5.55;9.75;10
LM3458;;SPOT LED, PRETO, 3W 6500K 127/220V QUADRADO;5.55;9.75;11
LM303;;LED 5W 3000K 127V/220V QUADRADO;5.40;9.75;11
LM2050;;LED, PRETO, 5W 3000K 127V/220V QUADRADO;5.20;9.75;11
LM750;;LED 5W 4000K 127/220V QUADRADO;5.20;9.75;11
LM2533;;LED, PRETO, 5W 4000K 127V/220V QUADRADO;5.20;9.75;11
LM304;;LED 5W 6500K 127V/220V QUADRADO;5.20;9.75;11
LM2051;;LED, PRETO, 5W 6500K 127V/220V QUADRADO;5.20;9.75;11
LM3214;;LED 7W 3000K 127/220V QUADRADO;10.15;9.75;11
LM2052;;LED, PRETO, 7W 3000K 127/220V QUADRADO;10.91;9.75;11
LM3541;;LED, PRETO, 7W 3000K 127/220V QUADRADO;9.40;9.75;11
LM3107;;LED 7W 4000K 127/220V QUADRADO;10.15;9.75;11
LM2534;;LED, PRETO, 7W 4000K 127/220V QUADRADO;9.40;9.75;11
LM787;;LED 7W 6500K 127/220V QUADRADO;10.15;9.75;11
LM3108;;LED 7W 6500K 127/220V QUADRADO;10.15;9.75;11
LM2053;;LED, PRETO, 7W 6500K 127/220V QUADRADO;9.40;9.75;11
LM3542;;LED, PRETO, 7W 6500K 127/220V QUADRADO;9.40;9.75;11
LM300;;SPOT LED 3W 3000K 127/220V REDONDO;4.80;9.75;11
LM749;;SPOT LED 3W 4000K 127/220V REDONDO;4.80;9.75;11
LM301;;SPOT LED 3W 6500K 127/220V REDONDO;5.55;9.75;11
LM3539;;SPOT LED 3W 6500K 127/220V REDONDO;5.55;9.75;11
LM326;;LED 5W 3000K 127V/220V REDONDO;5.20;9.75;11
LM751;;LED 5W 4000K 127/220V REDONDO;5.20;9.75;11
LM327;;LED 5W 6500K 127V/220V REDONDO;5.40;9.75;11
LM3215;;LED 7W 3000K 127/220V REDONDO;10.15;9.75;11
LM753;;LED 7W 4000K 127/220V REDONDO;10.15;9.75;11
LM3213;;LED 7W 4000K 127/220V REDONDO;10.15;9.75;11
LM3216;;LED 7W 6500K 127/220V REDONDO;10.15;9.75;11
LM2465;;LED RECUADO 5W 3000K 127/220V QUADRADO;9.75;9.75;11
LM2469;;LED RECUADO PRETO 5W 3000K 127/220V QUADRADO;9.75;9.75;11
LM2466;;LED RECUADO 5W 6500K 127/220V QUADRADO;9.75;9.75;11
LM2470;;LED RECUADO PRETO 5W 6500K 127/220V QUADRADO;9.75;9.75;11
LM2467;;LED RECUADO 7W 3000K 127/220V QUADRADO;14.45;9.75;11
LM2471;;LED RECUADO PRETO 7W 3000K 127/220V QUADRADO;14.45;9.75;11
LM2468;;LED RECUADO 7W 6500K 127/220V QUADRADO;14.45;9.75;11
LM2472;;LED RECUADO PRETO 7W 6500K 127/220V QUADRADO;14.45;9.75;11
LM3197;;LED RECUADO BC 5W 3000K 127/220V REDONDO;9.75;9.75;11
LM3201;;LED RECUADO PRETO 5W 3000K 127/220V REDONDO;9.75;9.75;11
LM3198;;LED RECUADO BC 5W 6500K 127/220V REDONDO;9.75;9.75;11
LM3202;;LED RECUADO PRETO 5W 6500K 127/220V REDONDO;9.75;9.75;11
LM3199;;LED RECUADO BC 7W 3000K 127/220V REDONDO;14.45;9.75;11
LM3203;;LED RECUADO PRETO 7W 3000K 127/220V REDONDO;14.45;9.75;11
LM3200;;LED RECUADO BC 7W 6500K 127/220V REDONDO;14.45;9.75;11
LM3204;;LED RECUADO PRETO 7W 6500K 127/220V REDONDO;14.45;9.75;11
LM1000;;EMBUTIR BORDA BRANCA E INTERNO BRANCO QUADRADO WALL WASHER;4.60;15.00;11
LM1247;;LED SOBREPOR PRETO, 5W, 3000K, 127/220V;45.35;9.75;11
LM917;;LED SOBREPOR SLIM, BRANCO, 2W, 6500K, 127/220V, QUADRADO;19.45;9.75;11
LM3595;;EMBUTIR LED DAL 12W 6000K 127/220V QUADRADA;9.90;9.75;11
LM3615;;EMBUTIR LED DAL 18W 2700K 127/220V QUADRADA;10.45;9.75;11
LM3597;;EMBUTIR LED DAL 18W 4000K 127/220V QUADRADA;11.90;9.75;11
LM3596;;EMBUTIR LED DAL 18W 6000K 127/220V QUADRADA;11.90;9.75;11
LM3605;;EMBUTIR LED DAL 24W 2700K 127/220V QUADRADA;16.70;9.75;11
LM3599;;EMBUTIR LED DAL 24W 4000K 127/220V QUADRADA;14.99;9.75;11
LM3598;;EMBUTIR LED DAL 24W 6000K 127/220V QUADRADA;16.70;9.75;12
LM3604;;EMBUTIR LED DAL 32W 4000K 127/220V QUADRADA;34.15;9.75;12
LM3603;;EMBUTIR LED DAL 32W 6000K 127/220V QUADRADA;34.15;9.75;12
LM3600;;SOBREPOR LED DAL 15W 2700K 127/220V QUADRADA;9.90;9.75;12
LM3606;;SOBREPOR LED DAL 15W 4000K 127/220V QUADRADA;9.90;9.75;12
LM3601;;SOBREPOR LED DAL 15W 6000K 127/220V QUADRADA;9.90;9.75;12
LM3602;;SOBREPOR LED DAL 20W 2700K 127/220V QUADRADA;12.85;9.75;12
LM3608;;SOBREPOR LED DAL 20W 4000K 127/220V QUADRADA;12.85;9.75;12
LM3607;;SOBREPOR LED DAL 20W 6000K 127/220V QUADRADA;12.85;9.75;12
LM3609;;SOBREPOR LED DAL 24W 4000K 127/220V QUADRADA;19.35;9.75;12
LM3610;;SOBREPOR LED DAL 24W 6000K 127/220V QUADRADA;19.35;9.75;12
LM3614;;SOBREPOR LED DAL 30W 4000K 127/220V QUADRADA;42.65;9.75;12
LM3611;;SOBREPOR LED DAL 30W 6000K 127/220V QUADRADA;39.65;9.75;12
LM1083;;PAINEL LED RETANGULAR DE EMBUTIR 20W 2700K 127/220V MEDIDA 10X60;66.85;9.75;12
LM1081;;PAINEL LED RETANGULAR DE EMBUTIR 20W 4000K 127/220V MEDIDA 10X60;66.85;9.75;12
LM1079;;PAINEL LED RETANGULAR DE EMBUTIR 20W 6000K 127/220V MEDIDA 10X60;66.85;9.75;12
LM1082;;PAINEL LED RETANGULAR DE EMBUTIR 40W 2700K 127/220V MEDIDA 10X120;101.05;9.75;12
LM1080;;PAINEL LED RETANGULAR DE EMBUTIR 40W 4000K 127/220V MEDIDA 10X120;101.05;9.75;12
LM1078;;PAINEL LED RETANGULAR DE EMBUTIR 40W 6000K 127/220V MEDIDA 10X120;101.05;9.75;12
LM220;;LED 45W 2700K 127/220V RETANGULAR;112.50;9.75;12
LM1255;;LED 45W 4000K 127/220V RETANGULAR;112.50;9.75;12
LM221;;LED RETANGULAR 45W 6000K 127V/220V;112.50;9.75;12
LM1203;;PAINEL LED RETANGULAR DE SOBREPOR 20W 6000K 127/220V MEDIDA 10X60X3,8;103.65;9.75;12
LM1204;;PAINEL LED RETANGULAR DE SOBREPOR 40W 6000K 127/220V MEDIDA 10X120X3,8;102.10;9.75;12
LM446;;K8 LED 18W 2700K 127/220V;14.25;9.75;12
LM722;;K8 LED 18W 4000K 127/220V;14.25;9.75;12
LM447;;K8 LED 18W 6000K 127/220V;14.25;9.75;12
LM448;;K8 LED 36W 2700K 127/220V;22.35;9.75;12
LM723;;K8 LED 36W 4000K 127/220V;22.35;9.75;12
LM449;;K8 LED 36W 6000K 127/220V;22.35;9.75;12
LM3373;;DE MESA LED LUMA 5W 3000/4000/6000K 127-220V;96.40;9.75;12
LM3376;;DE MESA LED NARA 5W 3000K 127-220V;51.99;9.75;12
LM3374;;DE MESA LED LITE 5W 3000K 127-220V PRETA;99.50;9.75;12
LM3375;;DE MESA LED LITE 5W 3000K 127-220V BRANCA;99.50;9.75;12
LM1246;;DE MESA ARTICULÁVEL, COM BASE, E27, VERMELHA;54.45;9.75;12
LM1244;;DE MESA ARTICULÁVEL, COM BASE, E27, PRETA;54.45;9.75;12
LM1245;;DE MESA ARTICULÁVEL, COM BASE, E27, BRANCA;54.45;9.75;12
LM406;;DE MESA VIKING PRETA 127/220V;25.15;9.75;12
LM407;;DE MESA VIKING BRANCA 127/220V;25.15;9.75;12
LM408;;DE MESA VIKING VERMELHA 127/220V;25.15;9.75;12
LM904;;DE MESA VIKING AMARELA 127/220V;25.15;9.75;13
LM905;;DE MESA VIKING AZUL 127/220V;25.15;9.75;13
LM906;;DE MESA VIKING ROSA 127/220V;25.15;9.75;13
LM1210;;DE MESA VIKING CLIP PRETA 127/220V;22.50;9.75;13
LM1211;;DE MESA VIKING CLIP BRANCA 127/220V;22.50;9.75;13
LM1213;;DE MESA VIKING CLIP VERMELHA 127/220V;22.50;9.75;13
LM1212;;DE MESA VIKING CLIP AZUL 127/220V;22.50;9.75;13
LM3618;;DE JARDIM LED FARETTO 3W 3000K 127-220V;58.80;9.75;13
LM2755;;DE JARDIM LED DAL 7W 3000K 127/220V;13.40;9.75;13
LM2756;;DE JARDIM LED DAL 7W 6500K 127/220V;13.40;9.75;13
LM2757;;DE JARDIM LED DAL 7W VERDE 127/220V;14.15;9.75;13
LM443;;DE JARDIM LED 7W 3000K 127/220V;15.45;9.75;13
LM444;;DE JARDIM LED 7W 6500K 127/220V;15.45;9.75;13
LM445;;DE JARDIM LED 7W VERDE 127/220V;17.60;9.75;13
LM1456;;DE JARDIM LED 7W AMBAR 127/220V;17.60;9.75;13
LM3612;;BALIZADOR GABBIA SLIM 6W 3000K 127-220V IP65 PT 30CM;153.95;9.75;13
LM3613;;BALIZADOR GABBIA 6W 3000K 127-220V IP65 PT 60CM;171.75;9.75;13
LM3104;;BALIZADOR RET 7W 3000K 127-220V IP65 PT;159.25;9.75;13
LM3103;;BALIZADOR SPOT 5W 3000K 127-220V IP65 PT;225.20;9.75;13
LM3105;;BALIZADOR SLIM 7W 3000K 127-220V IP65 PT;176.05;9.75;13
LM2633;;BALIZADOR JOY 5W 3000K 127-220V;286.55;9.75;13
LM2634;;BALIZADOR FAE 5W 3000K 127-220V;299.90;9.75;13
LM2847;;VISION 5W 2700K 127/220V IP65;32.90;9.75;13
LM2384;;VISION 8W 2700K 127/220V IP65;43.50;9.75;13
LM2673;;BOLD LED, QUADRADA, 8W, 3000K, 127/220V, IP65;73.45;9.75;13
LM2674;;BOLD LED, RETANGULAR, 10W, 3000K, 127/220V, IP65;85.20;9.75;13
LM3110;;TARTARUGA LED 7W 2700K 127/220V IP65 BRANCO;15.85;9.75;13
LM1442;;TARTARUGA LED 7W 2700K 127/220V IP65 PRETA;15.85;9.75;13
LM3109;;TARTARUGA LED 7W 2700K 127/220V IP65 PRETA;15.85;9.75;13
LM688;;TARTARUGA LED 7W 6000K 127/220V IP65 BRANCO;15.85;9.75;13
LM3111;;TARTARUGA LED 7W 6000K 127/220V IP65 BRANCO;15.85;9.75;13
LM1443;;TARTARUGA LED 7W 6000K 127/220V IP65 PRETA;15.85;9.75;13
LM3212;;TARTARUGA LED 7W 6000K 127/220V IP65 PRETA;15.85;9.75;14
LM566;;LED 15W 2700K 127/220V BRANCO;22.75;9.75;14
LM3113;;LED 15W 2700K 127/220V BRANCO;22.75;9.75;14
LM3115;;LED 15W 2700K 127/220V IP65 PRETA;22.75;9.75;14
LM180;;LED 15W 6000K 127/220V BRANCO;22.75;9.75;14
LM3112;;LED 15W 6000K 127/220V BRANCO;22.75;9.75;14
LM2229;;VITRO TUBE 9W 2700K IP65 PRETA;52.20;9.75;14
LM2230;;VITRO TUBE 18W 2700K IP65 PRETA;69.90;9.75;14
LM2231;;VITRO BOX 9W 2700K IP65 PRETA;55.05;9.75;14
LM2232;;VITRO BOX 18W 2700K IP65 PRETA;76.25;9.75;14
LM1390;;MEZZALUNA, 30W, 2700K, IP65, PRETA;62.40;9.75;14
LM1391;;MEZZALUNA, 30W, 6000K, IP65, PRETA;62.40;9.75;14
LM1392;;MEZZALUNA, 30W, 2700K, IP65, BRANCA;62.40;9.75;14
LM1393;;MEZZALUNA, 30W, 6000K, IP65, BRANCA;62.40;9.75;14
LM1394;;MURETTO, 30W, 2700K, IP65, PRETA;69.20;9.75;14
LM1395;;MURETTO, 30W, 6000K, IP65, PRETA;69.20;9.75;14
LM1396;;MURETTO, 30W, 2700K, IP65, BRANCA;69.20;9.75;14
LM1397;;MURETTO, 30W, 6000K, IP65, BRANCA;69.20;9.75;14
LM2985;;DE SOLO, LED, 0,5W, 3000K 127/220V, PRETO (KIT COM 2 UNIDADES);72.20;9.75;14
LM830;;DE SOLO, LED, 1W, 3000K 127/220V - (KIT COM 2 UNIDADES);79.35;9.75;14
LM1019;;DE SOLO LED 1W 6500K 127/220V - (KIT COM 2 UNIDADES);27.65;9.75;14
LM2986;;DE SOLO, LED, 1W, 3000K 127/220V, PRETO (KIT COM 2 UNIDADES);87.90;9.75;14
LM615;;LED EMBUTIDO DE SOLO 6W 2700K 127/220V IP67 MATERIAL: ALUMINIO;54.05;9.75;14
LM616;;LED EMBUTIDO DE SOLO 12W 2700K 127/220V IP67 MATERIAL: ALUMINIO;82.65;9.75;14
LM1108;;LED EMBUTIDO DE SOLO 12W 6000K 127/220V IP67 MATERIAL: ALUMINIO;79.95;9.75;14
LM2095;;LED EMBUTIDO DE SOLO FLAT PRETO 3W 2700K 127/220V IP67;56.90;9.75;14
LM2096;;LED EMBUTIDO DE SOLO FLAT PRETO 6W 2700K 127/220V IP67;76.15;9.75;14
LM2097;;LED EMBUTIDO DE SOLO FLAT PRETO 12W 2700K 127/220V IP67;109.60;9.75;14
LM2529;;LED EMBUTIDO DE SOLO FLAT PRETO COM GRADE ANTI OFUSCANTE 3W 2700K 127/220V IP67;59.35;9.75;14
LM2530;;LED EMBUTIDO DE SOLO FLAT PRETO COM GRADE ANTI OFUSCANTE 6W 2700K 127/220V IP67;80.45;9.75;14
LM2531;;LED EMBUTIDO DE SOLO FLAT PRETO COM GRADE ANTI OFUSCANTE 12W 2700K 127/220V IP67;113.30;9.75;14
LM3617;;LED EMBUTIDO DE SOLO FLAT PRETO COM GRADE ANTI OFUSCANTE 18W 2700K 127/220V IP67;121.10;9.75;14
LM3616;;LED EMBUTIDO DE SOLO FLAT PRETO COM GRADE ANTI OFUSCANTE 24W 2700K 127/220V IP67;132.20;9.75;14
LM1022;;LED MINI EMBUTIDO DE PAREDE E SOLO 1W 3000K 127-220V IP67 CORPO BRANCO;18.80;9.75;14
LM1023;;LED MINI EMBUTIDO DE PAREDE E SOLO 1W 6500K 127-220V IP67 CORPO BRANCO;7.70;9.75;14
LM911;;EMBUTIDO LED DE SOLO E PAREDE, 1W CORPO PRETO, LUZ VERDE, 127/220V, IP67;9.25;9.75;14
LM1026;;LED MINI EMBUTIDO DE PAREDE E SOLO 1W 3000K 127-220V IP67 QUADRADO;18.80;9.75;14
LM1027;;LED MINI EMBUTIDO DE PAREDE E SOLO 1W 6500K 127-220V IP67 QUADRADO;7.70;9.75;14
LM1021;;LED MINI EMBUTIDO DE PAREDE E SOLO 1W 6500K 127-220V IP67 REDONDO;7.70;9.75;14
LM908;;EMBUTIDO LED DE SOLO E PAREDE, 1W, CORPO PRETO, LUZ VERDE, 127/220V , IP67;9.25;9.75;14
LM1398;;SENTINEL PARA LÂMPADA PAR20, IP65, BRANCO, POT MAX 15W;11.60;15.00;14
LM3218;;LED 10W 3000K 127/220V IP65;13.75;9.75;14
LM3487;;LED 10W 6000K 127/220V IP65;13.75;9.75;15
LM3217;;LED 20W 3000K 127/220V IP65;15.10;9.75;15
LM3116;;LED 20W 6000K 127/220V IP65;13.20;9.75;15
LM3459;;LED 30W 3000K 127/220V IP65;17.85;9.75;15
LM245;;LED 30W 6000K 127/220V IP65;17.85;9.75;15
LM3537;;LED 30W 6000K 127/220V IP65;17.85;9.75;15
LM3117;;LED 50W 3000K 127/220V IP65;20.99;9.75;15
LM3488;;LED 50W 6000K 127/220V IP65;20.99;9.75;15
LM3472;;LED 100W 3000K 127/220V IP65;34.80;9.75;15
LM3486;;LED 100W 6000K 127/220V IP65;34.80;9.75;15
LM3118;;LED 150W 6000K 127/220V IP65;55.10;9.75;15
LM3460;;LED 200W 6000K 127/220V IP65;70.80;9.75;15
LM842;;LED 300W 6000K 127V/220V;141.80;9.75;15
LM843;;LED 500W 6000K 127V/220V;231.50;9.75;15
LM2698;;LED 700W 6500K 127/220V IP65;392.40;9.75;15
LM272;;LED 10W RGB 127/220V IP65;46.65;9.75;15
LM249;;LED 30W RGB 127/220V IP65;52.20;9.75;15
LM3461;;LED 30W RGB 127/220V IP65;46.80;9.75;15
LM250;;LED 50W RGB 127/220V IP65;59.40;9.75;15
LM3462;;LED 50W RGB 127/220V IP65;54.10;9.75;15
LM3560;;LED 100W RGB 127/220V IP65;59.99;9.75;15
LM242;;LED 10W VERDE 127/220V IP65;13.70;9.75;15
LM3521;;LED 10W VERDE 127/220V IP65;13.70;9.75;15
LM3522;;LED 30W GREEN 127/220V IP65;17.40;9.75;15
LM844;;LED 30W , AZUL 127V/220V;18.15;9.75;15
LM3516;;LED DAL 10W 3000K 127/220V IP65;11.30;9.75;15
LM3517;;LED DAL 20W 3000K 127/220V IP65;13.75;9.75;15
LM2793;;LED DAL 20W 6000K 127/220V IP65;13.75;9.75;15
LM3518;;LED DAL 30W 3000K 127/220V IP65;16.25;9.75;15
LM2794;;LED DAL 30W 6000K 127/220V IP65;15.40;9.75;15
LM3519;;LED DAL 50W 3000K 127/220V IP65;16.35;9.75;15
LM2795;;LED DAL 50W 6000K 127/220V IP65;16.35;9.75;15
LM3520;;LED DAL 100W 3000K 127/220V IP65;23.70;9.75;15
LM2796;;LED DAL 100W 6000K 127/220V IP65;23.70;9.75;15
LM2797;;LED DAL 150W 6000K 127/220V IP65;43.55;9.75;15
LM2798;;LED DAL 200W 6000K 127/220V IP65;62.35;9.75;15
LM2799;;LED DAL 300W 6000K 127/220V IP65;64.55;9.75;15
LM2630;;SOLAR BLOOM 5W BRANCO QUENTE PRETA;77.65;9.75;15
LM2697;;DE JARDIM SOLAR 2W BRANCO QUENTE;55.55;9.75;15
LM3639;;EMB UNILATERAL COM MICRO BORDA, BRANCO, TAM:1M;86.30;0.00;15
LM3641;;EMB UNILATERAL COM MICRO BORDA, BRANCO, TAM:2M;159.50;0.00;16
LM3643;;EMB UNILATERAL COM MICRO BORDA, BRANCO, TAM:3M;220.90;0.00;16
LM3645;;P/ PERFIL EMB UNILATERAL COM MICRO BORDA, PAREDE/PAREDE, BC/BC;29.45;0.00;16
LM3647;;P/ PERFIL EMB UNILATERAL COM MICRO BORDA, TETO/PAREDE, BC/BC;29.45;0.00;16
LM3649;;P/ PERFIL EMB UNILATERAL COM MICRO BORDA, POSITIVO, BC/BC;29.45;0.00;16
LM3651;;DE FIXACAO E ACABAMENTO DE PERFIL EMB UNILATERAL COM MICRO BORDA, BR;12.15;0.00;16
LM2227;;DE MOLA PARA PERFIL DE EMBUTIR ATE 30MM (12MM ATE 30MM) (CX C/50 PEÇAS);186.55;0.00;16
LM3640;;EMB UNILATERAL COM MICRO BORDA, PRETO, TAM:1M;85.80;0.00;16
LM3642;;EMB UNILATERAL COM MICRO BORDA, PRETO, TAM:2M;158.35;0.00;16
LM3644;;EMB UNILATERAL COM MICRO BORDA, PRETO, TAM:3M;219.25;0.00;16
LM3646;;P/ PERFIL EMB UNILATERAL COM MICRO BORDA, PAREDE/PAREDE, PT/BC;29.30;0.00;16
LM3648;;P/ PERFIL EMB UNILATERAL COM MICRO BORDA, TETO/PAREDE, PT/BC;29.30;0.00;16
LM3650;;P/ PERFIL EMB UNILATERAL COM MICRO BORDA, POSITIVO, PT/BC;29.30;0.00;16
LM3652;;DE FIXACAO E ACABAMENTO DE PERFIL EMB UNILATERAL COM MICRO BORDA, PT;12.15;0.00;16
LM1197;;NO FRAME INVERTIDO UNILATERAL PARA FITAS ATÉ 20MM - 1 METRO;101.99;0.00;16
LM1198;;NO FRAME INVERTIDO UNILATERAL PARA FITAS ATE 20MM - 2 M;197.70;0.00;16
LM1199;;NO FRAME INVERTIDO UNILATERAL PARA FITAS ATE 20MM - 3 M;293.30;0.00;16
LM1258;;PARA PERFIL NO FRAME INVERTIDO UNILATERAL PARA FITAS ATÉ 20MM, CONEXÃO JOELHO PAREDE - TETO;43.10;0.00;16
LM1352;;FIXAÇÃO E ACABAMENTO PERFIL NO FRAME INVERTIDO UNILATERAL PARA FITAS ATÉ 20MM;11.20;0.00;16
LM1200;;NO FRAME INVERTIDO BILATERAL PARA 2 FITAS ATE 20MM - 1 M;153.90;0.00;16
LM1201;;NO FRAME INVERTIDO BILATERAL PARA 2 FITAS ATE 20MM - 2 M;298.40;0.00;16
LM1202;;NO FRAME INVERTIDO BILATERAL PARA 2 FITAS ATE 20MM - 3 METROS;442.50;0.00;16
LM1351;;FIXAÇÃO E ACABAMENTO PERFIL NO FRAME INVERTIDO BILATERAL 2 FITAS ATE 20MM;13.95;0.00;16
LM3475;;WALL WASHER, BRANCO, TAM:1M;235.55;0.00;16
LM3477;;WALL WASHER, BRANCO, TAM:2M;448.50;0.00;16
LM3479;;WALL WASHER, BRANCO, TAM:3M;661.10;0.00;16
LM3481;;FIXAÇÃO PERFIL WALL WASHER BRANCO;54.20;0.00;16
LM3476;;WALL WASHER, PRETO, TAM:1M;234.65;0.00;16
LM3478;;WALL WASHER, PRETO, TAM:2M;446.70;0.00;16
LM3480;;WALL WASHER, PRETO, TAM:3M;658.35;0.00;16
LM3482;;FIXAÇÃO PERFIL WALL WASHER PRETO;54.05;0.00;16
LM2951;;DE SOBREPOR INDIRETO, BR, TAM: 1M;95.35;0.00;16
LM2952;;DE SOBREPOR INDIRETO, BR, TAM: 2M;179.95;0.00;16
LM2953;;DE SOBREPOR INDIRETO, BR, TAM: 3M;264.20;0.00;16
LM2957;;PARA PERFIL DE SOBERPOR INDIRETO, BR, CONEX: PAREDE/PAREDE;36.95;0.00;16
LM2958;;PARA PERFIL DE SOBREPOR INDIRETO, BR, CONEX: TETO/PAREDE;36.95;0.00;16
LM2959;;PARA PERFIL DE SOBERPOR INDIRETO, BR, CONEX: JOELHO POSITIVO;36.95;0.00;16
LM2963;;DE FIXACAO E ACABAMENTO DE PERFIL DE SOBREPOR INDIRETO BR;13.75;0.00;16
LM2954;;DE SOBREPOR INDIRETO, PT, TAM: 1M;94.60;0.00;16
LM2955;;DE SOBREPOR INDIRETO, PT, TAM: 2M;178.40;0.00;16
LM2956;;DE SOBREPOR INDIRETO, PT, TAM: 3M;261.95;0.00;16
LM2960;;PARA PERFIL DE SOBERPOR INDIRETO, PT, CONEX: PAREDE/PAREDE;36.65;0.00;16
LM2961;;PARA PERFIL DE SOBREPOR INDIRETO, PT, CONEX: TETO/PAREDE;36.65;0.00;16
LM2962;;PARA PERFIL DE SOBERPOR INDIRETO, PT, CONEX: JOELHO POSITIVO;36.65;0.00;16
LM2964;;DE FIXACAO E ACABAMENTO DE PERFIL DE SOBREPOR INDIRETO PT;13.70;0.00;16
LM3716;;ACABAMENTO PERFIL SOBREPOR TRIK PRETO (KIT COM 2 TAMPAS);9.65;0.00;16
LM3551;;PENDENTE ELETRIFICADO TRIK 3M;63.25;0.00;16
LM1972;;DE SOBREPOR SANCA LARG: 37MM ALT: 42MM BC/BC TAM: 1M;67.25;0.00;16
LM1973;;DE SOBREPOR SANCA LARG: 37MM ALT: 42MM BC/BC TAM: 2M;134.95;0.00;16
LM1974;;DE SOBREPOR SANCA LARG: 37MM ALT: 42MM BC/BC TAM: 3M;203.55;0.00;17
LM2299;;DE 30MM PARA PERFIL EMBUTIR/SOBREPOR E RODATETO 1MT BRANCO (10PCS);163.55;0.00;17
LM2300;;DE 30MM PARA PERFIL EMBUTIR/SOBREPOR E RODATETO 2MT BRANCO (10PCS);341.55;0.00;17
LM3774;;PARA PERFIL 30MM POLICARBONATO 3MT (1 PC);47.90;0.00;17
LM2301;;DE 30MM PARA PERFIL EMBUTIR/SOBREPOR E RODATETO 3MT BRANCO (10PCS);515.30;0.00;17
LM1975;;DE SOBREPOR SANCA LARG: 37MM ALT: 42MM PT/BC TAM: 1M;66.60;0.00;17
LM1976;;DE SOBREPOR SANCA LARG: 37MM ALT: 42MM PT/BC TAM: 2M;133.70;0.00;17
LM1977;;DE SOBREPOR SANCA LARG: 37MM ALT: 42MM PT/BC TAM: 3M;201.65;0.00;17
LM3057;;DE RODAPÉ UNIVERSAL, LARG: 17,7MM, ALT: 99,8MM, BC TAM: 1M;103.60;0.00;17
LM3059;;DE RODAPÉ UNIVERSAL, LARG: 17,7MM, ALT: 99,8MM, BC TAM: 2M;220.60;0.00;17
LM3061;;DE RODAPÉ UNIVERSAL, LARG: 17,7MM, ALT: 99,8MM, BC TAM: 3M;306.95;0.00;17
LM3077;;PAREDE/PAREDE RODAPÉ UNIVERSAL, LARG: 17,7MM, ALT: 99,8MM COMP:130MM, BC;35.70;0.00;17
LM3075;;POSITIVO RODAPÉ UNIVERSAL, LARG: 17,7MM, ALT: 99,8MM COMP:130MM, BC;35.70;0.00;17
LM3058;;DE RODAPÉ UNIVERSAL, LARG: 17,7MM, ALT: 99,8MM, PT TAM: 1M;103.10;0.00;17
LM3060;;DE RODAPÉ UNIVERSAL, LARG: 17,7MM, ALT: 99,8MM, PT TAM: 2M;219.55;0.00;17
LM3062;;DE RODAPÉ UNIVERSAL, LARG: 17,7MM, ALT: 99,8MM, PT TAM: 3M;305.35;0.00;17
LM3078;;PAREDE/PAREDE RODAPÉ UNIVERSAL, LARG: 17,7MM, ALT: 99,8MM COMP:130MM, PT;35.55;0.00;17
LM3076;;POSITIVO RODAPÉ UNIVERSAL, LARG: 17,7MM, ALT: 99,8MM COMP:130MM, PT;35.55;0.00;17
LM3724;;ACABAMENTO PERFIL RODAPE UNIVERSAL BRANCO (KIT COM 2 TAMPAS);4.10;0.00;17
LM3763;;PARA PERFIL NANO 12MM POLICARBONATO 1MT (1 PC);10.35;0.00;17
LM2311;;PARA PERFIL MOVELARIA COM ABA 1MT BRANCO (10PCS);73.99;0.00;17
LM3764;;PARA PERFIL NANO 12MM POLICARBONATO 2MT (1 PC);20.95;0.00;17
LM2312;;PARA PERFIL MOVELARIA COM ABA 2MT BRANCO (10PCS);151.80;0.00;17
LM3765;;PARA PERFIL NANO 12MM POLICARBONATO 3MT (1 PC);31.15;0.00;17
LM2313;;PARA PERFIL MOVELARIA COM ABA 3MT BRANCO (10PCS);225.45;0.00;17
LM3758;;ACABAMENTO PERFIL RODAPE UNIVERSAL PRETO (CAIXA COM 50 TAMPAS);169.15;0.00;17
LM3219;;LIGHT MINI DE EMBUTIR, INTERNO ATÉ 5,7MM, BC/BC, TAM: 1M;8.70;0.00;17
LM3220;;LIGHT MINI DE EMBUTIR, INTERNO ATÉ 5,7MM, BC/BC, TAM: 2M;15.70;0.00;17
LM3221;;LIGHT MINI DE EMBUTIR, INTERNO ATÉ 5,7MM, BC/BC, TAM: 3M;20.95;0.00;17
LM2805;;LIGHT NANO DE EMBUTIR, INTERNO ATE 12MM, BC/BC, TAM: 1M;13.50;0.00;17
LM2806;;LIGHT NANO DE EMBUTIR, INTERNO ATE 12MM, BC/BC, TAM: 2M;28.80;0.00;17
LM2807;;LIGHT NANO DE EMBUTIR, INTERNO ATE 12MM, BC/BC, TAM: 3M;43.45;0.00;17
LM3423;;PARA FIXACAO E ACABAMENTO PARA PERFIL LIGHT EMBUTIR NANO BC;1.65;9.75;17
LM2815;;PARA PERFIL LIGHT NANO DE EMBUTIR (PACOTE COM 50 PECAS);16.05;9.75;17
LM3389;;LIGHT NANO DE EMBUTIR, INTERNO ATE 12MM, PT/BC, TAM: 1M;13.50;0.00;17
LM3390;;LIGHT NANO DE EMBUTIR, INTERNO ATE 12MM, PT/BC, TAM: 2M;28.80;0.00;17
LM3391;;LIGHT NANO DE EMBUTIR, INTERNO ATE 12MM, PT/BC, TAM: 3M;44.10;0.00;17
LM3415;;PARA FIXACAO E ACABAMENTO PARA PERFIL LIGHT EMBUTIR NANO PT;1.60;9.75;17
LM2811;;LIGHT NANO LARGO DE EMBUTIR, INTERNO ATE 25MM, BC/BC, TAM: 1M;15.55;0.00;17
LM2812;;LIGHT NANO LARGO DE EMBUTIR, INTERNO ATE 25MM, BC/BC, TAM: 2M;31.05;0.00;17
LM2813;;LIGHT NANO LARGO DE EMBUTIR, INTERNO ATE 25MM, BC/BC, TAM: 3M;48.55;0.00;17
LM3421;;PARA FIXACAO E ACABAMENTO PARA PERFIL LIGHT EMBUTIR NANO LARGO BC;1.65;9.75;17
LM2817;;PARA PERFIL LIGHT NANO LARGO DE EMBUTIR (PACOTE COM 50 PECAS);19.45;9.75;17
LM3395;;LIGHT NANO LARGO DE EMBUTIR, INTERNO ATE 25MM, PT/BC, TAM: 1M;15.55;0.00;17
LM3396;;LIGHT NANO LARGO DE EMBUTIR, INTERNO ATE 25MM, PT/BC, TAM: 2M;31.05;0.00;18
LM3397;;LIGHT NANO LARGO DE EMBUTIR, INTERNO ATE 25MM, PT/BC, TAM: 3M;48.55;0.00;18
LM3413;;PARA FIXACAO E ACABAMENTO PARA PERFIL LIGHT EMBUTIR NANO LARGO PT;1.55;9.75;18
LM2833;;LIGHT NANO EXTRA LARGO DE EMB, INTERNO ATE 40MM, BC/BC, TAM: 1M;33.35;0.00;18
LM2834;;LIGHT NANO EXTRA LARGO DE EMB, INTERNO ATE 40MM, BC/BC, TAM: 2M;63.20;0.00;18
LM2835;;LIGHT NANO EXTRA LARGO DE EMB, INTERNO ATE 40MM, BC/BC, TAM: 3M;102.10;0.00;18
LM2837;;PARA PERFIL LIGHT NANO EXTRA LARGO DE EMBUTIR (PACOTE COM 50 PEÇAS);58.65;9.75;18
LM2391;;LIGHT DE EMBUTIR, INTERNO ATE 12MM, BC/BC, TAM: 1M;17.75;0.00;18
LM2392;;LIGHT DE EMBUTIR, INTERNO ATE 12MM, BC/BC, TAM: 2M;39.50;0.00;18
LM2393;;LIGHT DE EMBUTIR, INTERNO ATE 12MM, BC/BC, TAM: 3M;64.60;0.00;18
LM2527;;PARA FIXACAO E ACABAMENTO PARA PERFIL LIGHT LM2391/LM2392/LM2393 EMBUTIR FINO;5.60;9.75;18
LM3392;;LIGHT DE EMBUTIR, INTERNO ATE 12MM, PT/BC, TAM: 1M;17.75;0.00;18
LM3393;;LIGHT DE EMBUTIR, INTERNO ATE 12MM, PT/BC, TAM: 2M;39.50;0.00;18
LM3394;;LIGHT DE EMBUTIR, INTERNO ATE 12MM, PT/BC, TAM: 3M;71.10;0.00;18
LM3418;;PARA FIXACAO E ACABAMENTO PARA PERFIL LIGHT EMBUTIR FINO PT;5.60;9.75;18
LM2394;;LIGHT DE EMBUTIR, INTERNO ATE 30MM, BC/BC, TAM: 1M;45.85;0.00;18
LM2395;;LIGHT DE EMBUTIR, INTERNO ATE 30MM, BC/BC, TAM: 2M;79.45;0.00;18
LM2396;;LIGHT DE EMBUTIR, INTERNO ATE 30MM, BC/BC, TAM: 3M;123.05;0.00;18
LM2528;;PARA FIXACAO E ACABAMENTO PARA PERFIL LIGHT LM2394/LM2395/LM2396 EMBUTIR LARGO;10.75;9.75;18
LM3398;;LIGHT DE EMBUTIR, INTERNO ATE 30MM, PT/BC, TAM: 1M;45.85;0.00;18
LM3399;;LIGHT DE EMBUTIR, INTERNO ATE 30MM, PT/BC, TAM: 2M;79.45;0.00;18
LM3400;;LIGHT DE EMBUTIR, INTERNO ATE 30MM, PT/BC, TAM: 3M;123.05;0.00;18
LM3420;;PARA FIXACAO E ACABAMENTO PARA PERFIL LIGHT EMBUTIR LARGO PT;9.90;9.75;18
LM2496;;DE EMBUTIR NANO, PARA FITAS LED COM LARGURA ATE 12MM, BRANCO, COM DIFUSOR BRANCO, TAMANHO: 1M;30.25;0.00;18
LM2497;;DE EMBUTIR NANO, PARA FITAS LED COM LARGURA ATE 12MM, BRANCO, COM DIFUSOR BRANCO, TAMANHO: 2M;59.75;0.00;18
LM2498;;DE EMBUTIR NANO, PARA FITAS LED COM LARGURA ATE 12MM, BRANCO, COM DIFUSOR BRANCO, TAMANHO: 3M;89.85;0.00;18
LM2508;;P/ PERFIL EMB NANO BRANCO, C/ DIFUSOR BRANCO, P/ FITAS LARG ATE 12MM, CONEX JOELHO PRD-PRD;11.75;0.00;18
LM2511;;P/ PERFIL EMB NANO BRANCO, C/ DIFUSOR BRANCO, P/ FITAS LARG ATE 12MM, CONEX JOELHO PRD-TETO;11.35;0.00;18
LM2505;;P/ PERFIL EMB NANO BRANCO, C/ DIFUSOR BRANCO, C/ FITAS DE LARG ATE 12MM, CONEX JOELHO POS;11.40;0.00;18
LM2514;;FIXACAO PERFIL NANO BRANCO;9.65;0.00;18
LM2223;;PARA PERFIL DE EMBUTIR MOVELARIA BC (CAIXA COM 50PCS);40.55;0.00;18
LM2499;;DE EMBUTIR NANO, PARA FITAS LED COM LARGURA ATE 12MM, PRETO, COM DIFUSOR BRANCO, TAMANHO: 1M;29.10;0.00;18
LM2500;;DE EMBUTIR NANO, PARA FITAS LED COM LARGURA ATE 12MM, PRETO, COM DIFUSOR BRANCO, TAMANHO: 2M;58.45;0.00;18
LM2501;;DE EMBUTIR NANO, PARA FITAS LED COM LARGURA ATE 12MM, PRETO, COM DIFUSOR BRANCO, TAMANHO: 3M;88.40;0.00;18
LM2509;;P/ PERFIL EMB NANO PRETO, C/ DIFUSOR BRANCO, P/ FITAS LARG ATE 12MM, CONEX JOELHO PRD-PRD;11.35;0.00;18
LM2512;;P/ PERFIL EMB NANO PRETO, C/ DIFUSOR BRANCO, P/ FITAS LARG ATE 12MM, CONEX JOELHO PRD-TETO;11.35;0.00;18
LM2506;;P/ PERFIL EMB NANO PRETO, C/ DIFUSOR BRANCO, C/ FITAS DE LARG ATE 12MM, CONEX JOELHO POS;11.40;0.00;18
LM2515;;FIXACAO PERFIL NANO PRETO;8.65;0.00;18
LM2224;;PARA PERFIL DE EMBUTIR MOVELARIA PT (CAIXA COM 50PCS);15.15;0.00;18
LM984;;DE EMBUTIR PARA FITAS DE LED COM LARGURA ATÉ 12MM, TAMANHO: 1M;41.25;0.00;18
LM985;;DE EMBUTIR PARA FITAS DE LED COM LARGURA ATÉ 12MM, TAMANHO: 2M;81.65;0.00;18
LM1112;;DE EMBUTIR FINO PARA FITAS DE LED COM LARGURA ATÉ 12MM, TAMANHO: 3M;121.75;0.00;18
LM987;;PARA PERFIL DE EMBUTIR COM FITAS DE LARGURA ATÉ 12MM, CONEXÃO PAREDE - PAREDE;17.99;0.00;18
LM986;;PARA PERFIL DE EMBUTIR COM FITAS DE LARGURA ATÉ 12MM, CONEXÃO PAREDE - TETO;17.99;0.00;18
LM1126;;PARA PERFIL DE EMBUTIR FINO COM FITAS DE LARGURA ATÉ 12MM, CONEXÃO JOELHO POSITIVO;17.99;0.00;18
LM1096;;PARA FIXAÇÃO E ACABAMENTO DE PERFIL DE EMBUTIR FINO 12MM;8.95;0.00;18
LM2211;;PARA PERFIL DE EMBUTIR 12MM BC (CAIXA COM 50PCS);19.15;0.00;18
LM3766;;PARA PERFIL 12MM POLICARBONATO 1MT (1 PC);7.85;0.00;18
LM2293;;DE 12MM PARA PERFIL DE MOVELARIA S/ABA/EMBUTIR E SOBREPOR 1MT BRANCO (10PCS);73.99;0.00;18
LM3767;;PARA PERFIL 12MM POLICARBONATO 2MT (1 PC);15.80;0.00;18
LM2294;;DE 12MM PARA PERFIL DE MOVELARIA S/ABA/EMBUTIR E SOBREPOR 2MT BRANCO (10PCS);151.80;0.00;19
LM3768;;PARA PERFIL 12MM POLICARBONATO 3MT (1 PC);23.45;0.00;19
LM2295;;DE 12MM PARA PERFIL DE MOVELARIA S/ABA/EMBUTIR E SOBREPOR 3MT BRANCO (10PCS);225.45;0.00;19
LM1286;;DE EMBUTIR FINO PRETO, COM DIFUSOR BRANCO, PARA FITAS DE LED COM LARGURA ATÉ 12MM, TAM: 1M;40.99;0.00;19
LM1288;;DE EMBUTIR FINO PRETO, COM DIFUSOR BRANCO, PARA FITAS DE LED COM LARGURA ATÉ 12MM, TAM: 2M;81.15;0.00;19
LM1318;;DE EMBUTIR FINO PRETO, COM DIFUSOR BRANCO, PARA FITAS DE LED COM LARGURA ATÉ 12MM, TAMANHO:3M;124.45;0.00;19
LM1292;;PERFIL EMB FINO PRETO, DIFUSOR BRANCO, C/ FITAS LARG ATÉ 12MM, CONEX JOELHO PAREDE-PAREDE;17.90;0.00;19
LM1290;;PERFIL EMB FINO PRETO, C/ DIFUSOR BRANCO, C/ FITAS LARG ATÉ 12MM, CONEX JOELHO PAREDE-TETO;17.90;0.00;19
LM1328;;P/ PERFIL DE EMB FINO PRETO, C/ DIFUSOR BRANCO, C/ FITAS DE LARG ATÉ 12MM, CONEX JOELHO POS;17.90;0.00;19
LM1305;;PARA FIXAÇÃO E ACABAMENTO PRETO PARA PERFIL DE EMBUTIR FINO 12MM;8.85;0.00;19
LM2212;;PARA PERFIL DE EMBUTIR 12MM PT (CAIXA COM 50PCS);16.80;0.00;19
LM2758;;DE EMBUTIR NANO LARGO, PARA FITAS LED COM LARG ATE 25MM, BRANCO, COM DIFUSOR BRANCO, TAM: 1M;50.35;0.00;19
LM2761;;DE EMBUTIR NANO LARGO, PARA FITAS LED COM LARG ATE 25MM, BRANCO, COM DIFUSOR BRANCO, TAM: 2M;99.99;0.00;19
LM2764;;DE EMBUTIR NANO LARGO, PARA FITAS LED COM LARG ATE 25MM, BRANCO, COM DIFUSOR BRANCO, TAM: 3M;145.75;0.00;19
LM2841;;P/ PERFIL EMB NANO LARGO BC/BC, C/ FITAS DE LARG ATE 25MM, CONEX JOELHO PAREDE-PAREDE;18.35;0.00;19
LM2844;;P/ PERFIL EMB NANO LARGO BC/BC, C/ FITAS DE LARG ATE 25MM, CONEX JOELHO PAREDE-TETO;18.35;0.00;19
LM2838;;P/ PERFIL EMB NANO LARGO BC/BC, C/ FITAS DE LARG ATE 25MM, CONEX JOELHO POSITIVO;18.35;0.00;19
LM3673;;FIXACAO E ACABAMENTO PERFIL NANO EMBUTIR 30MM BRANCO (KIT COM 2 UNID. MOLAS E TAMPAS);10.40;0.00;19
LM3771;;PARA PERFIL NANO 30MM POLICARBONATO 3MT (1 PC);39.65;0.00;19
LM2759;;DE EMBUTIR NANO LARGO, PARA FITAS LED COM LARG ATE 25MM, PRETO, COM DIFUSOR BRANCO, TAM: 1M;50.99;0.00;19
LM2762;;DE EMBUTIR NANO LARGO, PARA FITAS LED COM LARG ATE 25MM, PRETO, COM DIFUSOR BRANCO, TAM: 2M;100.40;0.00;19
LM2765;;DE EMBUTIR NANO LARGO, PARA FITAS LED COM LARG ATE 25MM, PRETO, COM DIFUSOR BRANCO, TAM: 3M;145.95;0.00;19
LM2842;;P/ PERFIL EMB NANO LARGO PT/BC, C/ FITAS DE LARG ATE 25MM, CONEX JOELHO PAREDE-PAREDE;18.20;0.00;19
LM2845;;P/ PERFIL EMB NANO LARGO PT/BC, C/ FITAS DE LARG ATE 25MM, CONEX JOELHO PAREDE-TETO;18.20;0.00;19
LM2839;;P/ PERFIL EMB NANO LARGO PT/BC, C/ FITAS DE LARG ATE 25MM, CONEX JOELHO POSITIVO;18.20;0.00;19
LM3674;;FIXACAO E ACABAMENTO PERFIL NANO EMBUTIR 30MM PRETO (KIT COM 2 UNID. MOLAS E TAMPAS);11.30;0.00;19
LM988;;DE EMBUTIR PARA FITAS DE LED COM LARGURA ATÉ 30MM, TAMANHO: 1M;73.85;0.00;19
LM989;;DE EMBUTIR PARA FITAS DE LED COM LARGURA ATÉ 30MM, TAMANHO: 2M;142.25;0.00;19
LM1217;;DE EMBUTIR LARGO PARA FITAS DE LED COM LARGURA ATÉ 30MM, TAMANHO: 3M;212.60;0.00;19
LM991;;PARA PERFIL DE EMBUTIR COM FITAS DE LARGURA ATÉ 30MM, CONEXÃO PAREDE - PAREDE;35.10;0.00;19
LM990;;PARA PERFIL DE EMBUTIR COM FITAS DE LARGURA ATÉ 30MM, CONEXÃO PAREDE - TETO;35.10;0.00;19
LM1218;;PARA PERFIL DE EMBUTIR LARGO COM FITAS DE LARGURA ATÉ 30MM, CONEXÃO JOELHO POSITIVO;35.10;0.00;19
LM1097;;PARA FIXAÇÃO E ACABAMENTO DE PERFIL DE EMBUTIR LARGO 30MM;9.65;0.00;19
LM2215;;PARA PERFIL DE EMBUTIR 30MM BC (CAIXA COM 50PCS);36.85;0.00;19
LM1294;;DE EMBUTIR LARGO PRETO, COM DIFUSOR BRANCO, PARA FITAS DE LED COM LARGURA ATÉ 30MM, TAM: 1M;74.80;0.00;19
LM1296;;DE EMBUTIR LARGO PRETO, COM DIFUSOR BRANCO, PARA FITAS DE LED COM LARGURA ATÉ 30MM, TAM: 2M;146.05;0.00;19
LM1337;;DE EMBUTIR LARGO PRETO, COM DIFUSOR BRANCO, PARA FITAS DE LED COM LARGURA ATÉ 30MM, TAM:3M;218.45;0.00;19
LM1300;;PERFIL EMB LARGO PRETO, DIFUSOR BRANCO, C/ FITAS LARG ATÉ 30MM, CONEX JOELHO PAREDE-PAREDE;34.95;0.00;19
LM1298;;PERFIL EMB LARGO PRETO, DIFUSOR BRANCO, C/ FITAS DE LARG ATÉ 30MM, CONEX JOELHO PAREDE-TETO;34.95;0.00;19
LM1339;;P/ PERFIL EMB LARGO PRETO, C/ DIFUSOR BRANCO, C/ FITAS DE LARG ATÉ 30MM, CONEX JOELHO POS;34.95;0.00;20
LM1306;;PARA FIXAÇÃO E ACABAMENTO PRETO PARA PERFIL DE EMBUTIR LARGO 30MM;9.40;0.00;20
LM2216;;PARA PERFIL DE EMBUTIR 30MM PT (CAIXA COM 50PCS);36.15;0.00;20
LM1370;;DE EMBUTIR DE 50MM, BRANCO, PARA FITAS LED COM LARGURA ATÉ 35MM, TAMANHO: 1 METRO;99.35;0.00;20
LM1371;;DE EMBUTIR DE 50MM, BRANCO, PARA FITAS LED COM LARGURA ATÉ 35MM, TAMANHO: 2 METROS;192.15;0.00;20
LM1372;;DE EMBUTIR DE 50MM, BRANCO, PARA FITAS LED COM LARGURA ATÉ 35MM, TAMANHO: 3 METROS;286.80;0.00;20
LM1826;;P/ PERFIL EMBUTIR 50MM, BRANCO, CONEXÃO JOELHO PARDE-PAREDE;16.40;0.00;20
LM1825;;P/ PERFIL EMBUTIR 50MM, BRANCO, CONEXÃO JOELHO TETO-PAREDE;20.50;0.00;20
LM1827;;P/ PERFIL EMBUTIR 50MM, BRANCO, CONEXÃO JOELHO POSITIVO;16.40;0.00;20
LM1844;;FIXAÇÃO PERFIL 50MM EMBUTIR BRANCO;13.15;0.00;20
LM2228;;DE MOLA PARA PERFIL DE EMBUTIR 50MM (CX C/50 PEÇAS);115.40;0.00;20
LM2219;;PARA PERFIL DE EMBUTIR 50MM BC (CAIXA COM 50PCS);70.99;0.00;20
LM2305;;DE 50MM PARA PERFIL EMBUTIR/SOBREPOR 1MT BRANCO (10PCS);197.25;0.00;20
LM2306;;DE 50MM PARA PERFIL EMBUTIR/SOBREPOR 2MT BRANCO (10PCS);393.65;0.00;20
LM2307;;DE 50MM PARA PERFIL EMBUTIR/SOBREPOR 3MT BRANCO (10PCS);590.20;0.00;20
LM1373;;DE EMBUTIR DE 50MM, PRETO, COM DIFUSOR BRANCO, PARA FITAS LED COM LARGURA ATÉ 35MM, TAM: 1M;98.60;0.00;20
LM1374;;DE EMBUTIR DE 50MM, PRETO, COM DIFUSOR BRANCO, PARA FITAS LED COM LARGURA ATÉ 35MM, TAM: 2M;190.80;0.00;20
LM1375;;DE EMBUTIR DE 50MM, PRETO, COM DIFUSOR BRANCO, PARA FITAS LED COM LARGURA ATÉ 35MM, TAM: 3M;290.85;0.00;20
LM1829;;P/ PERFIL EMBUTIR 50MM, PRETO, COM DIFUSOR BRANCO, CONEXÃO JOELHO PAREDE-PAREDE;16.25;0.00;20
LM1828;;P/ PERFIL EMBUTIR 50MM, PRETO, COM DIFUSOR BRANCO, CONEXÃO JOELHO TETO-PAREDE;20.25;0.00;20
LM1830;;P/ PERFIL EMBUTIR 50MM, PRETO, COM DIFUSOR BRANCO, CONEXÃO JOELHO POSITIVO;16.25;0.00;20
LM1843;;FIXAÇÃO PERFIL 50MM EMBUTIR PRETO;12.90;0.00;20
LM2220;;PARA PERFIL DE EMBUTIR 50MM PT (CAIXA COM 50PCS);70.35;0.00;20
LM3222;;LIGHT MINI DE SOBREPOR, INTERNO ATÉ 5,7MM, BC/BC, TAM: 1M;8.45;0.00;20
LM3223;;LIGHT MINI DE SOBREPOR, INTERNO ATÉ 5,7MM, BC/BC, TAM: 2M;15.25;0.00;20
LM3224;;LIGHT MINI DE SOBREPOR, INTERNO ATÉ 5,7MM, BC/BC, TAM: 3M;17.99;0.00;20
LM3424;;PARA FIXACAO E ACABAMENTO PARA PERFIL LIGHT SOBREPOR NANO BC;1.60;9.75;20
LM2814;;PARA PERFIL LIGHT NANO DE SOBREPOR (PACOTE COM 50 PECAS);13.80;9.75;20
LM3401;;LIGHT NANO DE SOBREPOR, INTERNO ATE 12MM, PT/BC, TAM: 1M;9.95;0.00;20
LM3402;;LIGHT NANO DE SOBREPOR, INTERNO ATE 12MM, PT/BC, TAM: 2M;20.80;0.00;20
LM3403;;LIGHT NANO DE SOBREPOR, INTERNO ATE 12MM, PT/BC, TAM: 3M;32.80;0.00;20
LM2802;;LIGHT NANO DE SOBREPOR, INTERNO ATE 12MM, BC/BC, TAM: 1M;9.95;0.00;20
LM2803;;LIGHT NANO DE SOBREPOR, INTERNO ATE 12MM, BC/BC, TAM: 2M;20.80;0.00;20
LM2804;;LIGHT NANO DE SOBREPOR, INTERNO ATE 12MM, BC/BC, TAM: 3M;32.80;0.00;20
LM3416;;PARA FIXACAO E ACABAMENTO PARA PERFIL LIGHT SOBREPOR NANO PT;1.60;9.75;20
LM2808;;LIGHT NANO LARGO DE SOBREPOR, INTERNO ATE 25MM, BC/BC, TAM: 1M;15.35;0.00;20
LM2809;;LIGHT NANO LARGO DE SOBREPOR, INTERNO ATE 25MM, BC/BC, TAM: 2M;27.15;0.00;20
LM2810;;LIGHT NANO LARGO DE SOBREPOR, INTERNO ATE 25MM, BC/BC, TAM: 3M;40.55;0.00;20
LM3422;;PARA FIXACAO E ACABAMENTO PARA PERFIL LIGHT SOBREPOR NANO LARGO BC;1.60;9.75;20
LM2816;;PARA PERFIL LIGHT NANO LARGO DE SOBREPOR (PACOTE COM 50 PECAS);17.50;9.75;20
LM3407;;LIGHT NANO LARGO DE SOBREPOR, INTERNO ATE 25MM, PT/BC, TAM: 1M;15.35;0.00;20
LM3408;;LIGHT NANO LARGO DE SOBREPOR, INTERNO ATE 25MM, PT/BC, TAM: 2M;27.15;0.00;20
LM3409;;LIGHT NANO LARGO DE SOBREPOR, INTERNO ATE 25MM, PT/BC, TAM: 3M;41.99;0.00;20
LM3414;;PARA FIXACAO E ACABAMENTO PARA PERFIL LIGHT SOBREPOR NANO LARGO PT;1.60;9.75;20
LM2385;;LIGHT DE SOBREPOR, INTERNO ATE 12MM, BC/BC, TAM: 1M;14.05;0.00;21
LM2386;;LIGHT DE SOBREPOR, INTERNO ATE 12MM, BC/BC, TAM: 2M;26.50;0.00;21
LM2387;;LIGHT DE SOBREPOR, INTERNO ATE 12MM, BC/BC, TAM: 3M;41.99;0.00;21
LM2525;;PARA FIXACAO E ACABAMENTO PARA PERFIL LIGHT LM2385/LM2386/LM2387 SOBREPOR FINO;1.60;9.75;21
LM3404;;LIGHT DE SOBREPOR, INTERNO ATE 12MM, PT/BC, TAM: 1M;14.05;0.00;21
LM3405;;LIGHT DE SOBREPOR, INTERNO ATE 12MM, PT/BC, TAM: 2M;26.20;0.00;21
LM3406;;LIGHT DE SOBREPOR, INTERNO ATE 12MM, PT/BC, TAM: 3M;41.99;0.00;21
LM3417;;PARA FIXACAO E ACABAMENTO PARA PERFIL LIGHT SOBREPOR FINO PT;1.70;9.75;21
LM2388;;LIGHT DE SOBREPOR, INTERNO ATE 30MM, BC/BC, TAM: 1M;38.55;0.00;21
LM2389;;LIGHT DE SOBREPOR, INTERNO ATE 30MM, BC/BC, TAM: 2M;77.05;0.00;21
LM2390;;LIGHT DE SOBREPOR, INTERNO ATE 30MM, BC/BC, TAM: 3M;107.10;0.00;21
LM2526;;PARA FIXACAO E ACABAMENTO PARA PERFIL LIGHT LM2388/LM2389/LM2390 SOBREPOR LARGO;5.35;9.75;21
LM3410;;LIGHT DE SOBREPOR, INTERNO ATE 30MM, PT/BC, TAM: 1M;38.55;0.00;21
LM3411;;LIGHT DE SOBREPOR, INTERNO ATE 30MM, PT/BC, TAM: 2M;77.05;0.00;21
LM3412;;LIGHT DE SOBREPOR, INTERNO ATE 30MM, PT/BC, TAM: 3M;107.10;0.00;21
LM3419;;PARA FIXACAO E ACABAMENTO PARA PERFIL LIGHT SOBREPOR LARGO PT;5.70;9.75;21
LM1353;;DE EMBUTIR PARA MOVELARIA - SOBREPOR, PARA FITAS LED COM LARGURA ATÉ 12MM, TAMANHO: 1M;23.80;0.00;21
LM1354;;DE EMBUTIR PARA MOVELARIA - SOBREPOR, PARA FITAS LED COM LARGURA ATÉ 12MM, TAMANHO: 2M;46.90;0.00;21
LM1355;;DE EMBUTIR PARA MOVELARIA - SOBREPOR, PARA FITAS LED COM LARGURA ATÉ 12MM, TAMANHO: 3M;68.35;0.00;21
LM2542;;P/ PERFIL SOBREPOR NANO BRANCO, C/ DIFUSOR BRANCO CONEX JOELHO PAREDE-PAREDE;5.30;0.00;21
LM2545;;P/ PERFIL SOBREPOR NANO BRANCO, C/ DIFUSOR BRANCO CONEX JOELHO PAREDE-TETO;5.30;0.00;21
LM2539;;P/ PERFIL SOBREPOR NANO BRANCO, C/ DIFUSOR BRANCO CONEX JOELHO POSITIVO;5.30;0.00;21
LM3675;;FIXACAO E ACABAMENTO PERFIL NANO SOBREPOR 12MM BRANCO (KIT COM 2 UNID. MOLAS E TAMPAS);2.95;0.00;21
LM2225;;PARA PERFIL DE SOBREPOR MOVELARIA BC (CAIXA COM 50PCS);37.85;0.00;21
LM1951;;P/ MOVELARIA - EMB/SOBR, P/ FITAS LED C/ LARGURA ATÉ 12MM, PRETO, C/ DIFUSOR BRANCO, TAM:1M;23.95;0.00;21
LM1952;;P/ MOVELARIA - EMB/SOBR, P/ FITAS LED C/ LARGURA ATÉ 12MM, PRETO, C/ DIFUSOR BRANCO, TAM:2M;46.85;0.00;21
LM1953;;P/ MOVELARIA - EMB/SOBR, P/ FITAS LED C/ LARGURA ATÉ 12MM, PRETO, C/ DIFUSOR BRANCO, TAM:3M;68.25;0.00;21
LM2543;;P/ PERFIL SOBREPOR NANO PRETO, C/ DIFUSOR BRANCO CONEX JOELHO PAREDE-PAREDE;5.25;0.00;21
LM2546;;P/ PERFIL SOBREPOR NANO PRETO, C/ DIFUSOR BRANCO CONEX JOELHO PAREDE-TETO;5.10;0.00;21
LM2540;;P/ PERFIL SOBREPOR NANO PRETO, C/ DIFUSOR BRANCO CONEX JOELHO POSITIVO;5.10;0.00;21
LM3676;;FIXACAO E ACABAMENTO PERFIL NANO SOBREPOR 12MM PRETO (KIT COM 2 UNID. MOLAS E TAMPAS);2.95;0.00;21
LM2226;;PARA PERFIL DE SOBREPOR MOVELARIA PT (CAIXA COM 50PCS);43.99;0.00;21
LM3291;;DE SOBR NANO LARGO 30MM, BC/BC, TAM: 1M;40.30;0.00;21
LM3293;;DE SOBR NANO LARGO 30MM, BC/BC, TAM: 2M;81.05;0.00;21
LM3295;;DE SOBR NANO LARGO 30MM, BC/BC, TAM: 3M;121.05;0.00;21
LM3297;;P/ PERFIL DE SOBR NANO LARGO 30MM BC/BC, PRD-PRD;10.85;0.00;21
LM3299;;P/ PERFIL DE SOBR NANO LARGO 30MM BC/BC, TETO-PRD;10.85;0.00;21
LM3301;;P/ PERFIL DE SOBR NANO LARGO 30MM BC/BC, POSITIVO;10.85;0.00;21
LM3292;;DE SOBR NANO LARGO 30MM, PT/BC, TAM: 1M;40.15;0.00;21
LM3294;;DE SOBR NANO LARGO 30MM, PT/BC, TAM: 2M;80.75;0.00;21
LM3296;;DE SOBR NANO LARGO 30MM, PT/BC, TAM: 3M;120.60;0.00;21
LM3298;;P/ PERFIL DE SOBR NANO LARGO 30MM PT/BC, PRD-PRD;10.80;0.00;21
LM3300;;P/ PERFIL DE SOBR NANO LARGO 30MM PT/BC, TETO-PRD;10.80;0.00;21
LM3302;;P/ PERFIL DE SOBR NANO LARGO 30MM PT/BC, POSITIVO;10.80;0.00;21
LM3677;;FIXACAO E ACABAMENTO PERFIL NANO SOBREPOR 30MM BRANCO (KIT COM 2 UNID. MOLAS E TAMPAS);3.85;0.00;21
LM3707;;ACABAMENTO PERFIL NANO SOBREPOR 30MM BRANCO (KIT COM 2 TAMPAS);3.10;0.00;21
LM3744;;ACABAMENTO PERFIL NANO SOBREPOR 30MM BRANCO (CAIXA COM 50 TAMPAS);62.30;0.00;21
LM3678;;FIXACAO E ACABAMENTO PERFIL NANO SOBREPOR 30MM PRETO (KIT COM 2 UNID. MOLAS E TAMPAS);3.80;0.00;22
LM3708;;ACABAMENTO PERFIL NANO SOBREPOR 30MM PRETO (KIT COM 2 TAMPAS);3.10;0.00;22
LM3745;;ACABAMENTO PERFIL NANO SOBREPOR 30MM PRETO (CAIXA COM 50 TAMPAS);60.15;0.00;22
LM974;;DE SOBREPOR PARA FITAS DE LED COM LARGURA ATÉ 12MM, TAMANHO: 1M;27.20;0.00;22
LM975;;DE SOBREPOR PARA FITAS DE LED COM LARGURA ATÉ 12MM, TAMANHO: 2M;53.15;0.00;22
LM1109;;DE SOBREPOR FINO PARA FITAS DE LED COM LARGURA ATÉ 12MM, TAMANHO: 3M;78.80;0.00;22
LM977;;PARA PERFIL DE SOBREPOR COM FITAS DE LARGURA ATÉ 12MM, CONEXÃO PAREDE - PAREDE;10.05;0.00;22
LM976;;PARA PERFIL DE SOBREPOR COM FITAS DE LARGURA ATÉ 12MM, CONEXÃO PAREDE - TETO;10.05;0.00;22
LM1124;;PARA PERFIL DE SOBREPOR FINO COM FITAS DE LARGURA ATÉ 12MM, CONEXÃO JOELHO POSITIVO;10.05;0.00;22
LM1099;;PARA FIXAÇÃO E ACABAMENTO DE PERFIL DE SOBREPOR FINO 12MM;3.20;0.00;22
LM2213;;PARA PERFIL DE SOBREPOR 12MM BC (CAIXA COM 50PCS);26.55;0.00;22
LM1266;;DE SOBREPOR FINO PRETO, COM DIFUSOR BRANCO, PARA FITAS DE LED COM LARGURA ATÉ 12MM, TAM: 1M;29.25;0.00;22
LM1268;;DE SOBREPOR FINO PRETO, COM DIFUSOR BRANCO, PARA FITAS DE LED COM LARGURA ATÉ 12MM, TAM: 2M;52.55;0.00;22
LM1312;;DE SOBREPOR FINO PRETO, COM DIFUSOR BRANCO, PARA FITAS DE LED COM LARGURA ATÉ 12MM, TAM:3M;78.10;0.00;22
LM1272;;PERFIL SOBR FINO PRETO, C/ DIFUSOR BRANCO, C/ FITAS LARG 12MM, CONEX JOELHO PAREDE-PAREDE;9.95;0.00;22
LM1270;;P/ PERFIL SOBR FINO PRETO, C/ DIFUSOR BRANCO, C/ FITAS LARG 12MM, CONEX JOELHO TETO-PAREDE;9.95;0.00;22
LM1324;;P/ PERFIL SOBR FINO PRETO, C/ DIFUSOR BRANCO, C/ FITAS DE LARG ATÉ 12MM, CONEX JOELHO POSIT;9.95;0.00;22
LM1308;;PARA FIXAÇÃO E ACABAMENTO PRETO PARA PERFIL DE SOBREPOR FINO 12MM;2.85;0.00;22
LM2214;;PARA PERFIL DE SOBREPOR 12MM PT (CAIXA COM 50PCS);17.90;0.00;22
LM978;;DE SOBREPOR PARA FITAS DE LED COM LARGURA ATÉ 30MM, TAMANHO: 1M;67.99;0.00;22
LM979;;DE SOBREPOR PARA FITAS DE LED COM LARGURA ATÉ 30MM, TAMANHO: 2M;128.05;0.00;22
LM1110;;DE SOBREPOR LARGO PARA FITAS DE LED COM LARGURA ATÉ 30MM, TAMANHO: 3M;202.35;0.00;22
LM981;;PARA PERFIL DE SOBREPOR COM FITAS DE LARGURA ATÉ 30MM, CONEXÃO PAREDE - PAREDE;23.65;0.00;22
LM980;;PARA PERFIL DE SOBREPOR COM FITAS DE LARGURA ATÉ 30MM, CONEXÃO PAREDE - TETO;23.65;0.00;22
LM1125;;PARA PERFIL DE SOBREPOR LARGO COM FITAS DE LARGURA ATÉ 30MM, CONEXÃO JOELHO POSITIVO;23.65;0.00;22
LM1100;;PARA FIXAÇÃO E ACABAMENTO DE PERFIL DE SOBREPOR LARGO 30MM;2.95;0.00;22
LM2217;;PARA PERFIL DE SOBREPOR 30MM BC (CAIXA COM 50PCS);37.20;0.00;22
LM1274;;DE SOBREPOR LARGO PRETO, COM DIFUSOR BRANCO, PARA FITAS DE LED COM LARGURA ATÉ 30MM, TAM: 1M;69.70;0.00;22
LM1276;;DE SOBREPOR LARGO PRETO, COM DIFUSOR BRANCO, PARA FITAS DE LED COM LARGURA ATÉ 30MM, TAM: 2M;127.55;0.00;22
LM1314;;DE SOBREPOR LARGO PRETO, COM DIFUSOR BRANCO, PARA FITAS DE LED COM LARGURA ATÉ 30MM, TAM: 3M;200.50;0.00;22
LM1280;;P/ PERFIL SOBR LARGO PRETO, DIFUSOR BRANCO, C/ FITAS LARG 30MM, CONEX JOELHO PAREDE-PAREDE;23.50;0.00;22
LM1278;;PERFIL DE SOBR LARGO PRETO, C/ DIFUSOR BRANCO, C/ FITAS LARG 30MM, CONEX JOELHO PAREDE-TETO;23.50;0.00;22
LM1326;;P/ PERFIL SOBR LARGO PRETO, C/ DIFUSOR BRANCO, C/ FITAS DE LARG ATÉ 30MM, CONEX JOELHO POS;23.50;0.00;22
LM1309;;PARA FIXAÇÃO E ACABAMENTO PRETO PARA PERFIL DE SOBREPOR LARGO 30MM;2.85;0.00;22
LM2218;;PARA PERFIL DE SOBREPOR 30MM PT (CAIXA COM 50PCS);35.80;0.00;22
LM1379;;DE SOBREPOR DE 50MM, BRANCO, PARA FITAS LED DE ATÉ 35MM, TAMANHO: 1 METRO;82.30;0.00;23
LM1380;;DE SOBREPOR DE 50MM, BRANCO, PARA FITAS LED DE ATÉ 35MM, TAMANHO: 2 METROS;156.45;0.00;23
LM1381;;DE SOBREPOR DE 50MM, BRANCO, PARA FITAS LED DE ATÉ 35MM, TAMANHO: 3 METROS;233.30;0.00;23
LM1835;;P/ PERFIL SOBREPOR 50MM, BRANCO, CONEXÃO JOELHO PARDE-PAREDE;10.85;0.00;23
LM1834;;P/ PERFIL SOBREPOR 50MM, BRANCO, CONEXÃO JOELHO TETO-PAREDE;14.90;0.00;23
LM1836;;P/ PERFIL SOBREPOR 50MM, BRANCO, CONEXÃO JOELHO POSITIVO;10.85;0.00;23
LM1846;;FIXAÇÃO PERFIL 50MM SOBREPOR BRANCO;4.70;0.00;23
LM2221;;PARA PERFIL DE SOBREPOR 50MM BC (CAIXA COM 50PCS);49.70;0.00;23
LM1382;;DE SOBREPOR DE 50MM, PRETO, COM DIFUSOR BRANCO, PARA FITAS LED DE ATÉ 35MM, TAMANHO: 1 METRO;81.25;0.00;23
LM1383;;DE SOBREPOR DE 50MM, PRETO, COM DIFUSOR BRANCO, PARA FITAS LED DE ATÉ 35MM, TAMANHO: 2 METROS;154.85;0.00;23
LM1384;;DE SOBREPOR DE 50MM, PRETO, COM DIFUSOR BRANCO, PARA FITAS LED DE ATÉ 35MM, TAMANHO: 3M;231.05;0.00;23
LM1838;;P/ PERFIL SOBREPOR 50MM, PRETO, COM DIFUSOR BRANCO, CONEXÃO JOELHO PAREDE-PAREDE;10.75;0.00;23
LM1837;;P/ PERFIL SOBREPOR 50MM, PRETO, COM DIFUSOR BRANCO, CONEXÃO JOELHO TETO-PAREDE;14.65;0.00;23
LM1839;;P/ PERFIL SOBREPOR 50MM, PRETO, COM DIFUSOR BRANCO, CONEXÃO JOELHO POSITIVO;10.75;0.00;23
LM1845;;FIXAÇÃO PERFIL 50MM SOBREPOR PRETO;4.45;0.00;23
LM2222;;PARA PERFIL DE SOBREPOR 50MM PT (CAIXA COM 50PCS);49.50;0.00;23
LM1914;;SOBREPOR DE 35MM P FITAS DE LED DE ATE 30MM, DOURADO TAM.1M;83.85;0.00;23
LM1915;;DE SOBREPOR DE 35MM, PARA FITAS DE LED DE ATÉ 30MM, DOURADO, TAM: 2M;162.65;0.00;23
LM1916;;DE SOBREPOR DE 35MM, PARA FITAS DE LED DE ATÉ 30MM, OURO CHAMPAGNE, TAM: 3M;243.15;0.00;23
LM1924;;PARA PERFIL DE SOBREPOR DE 35MM P FITAS LED ATÉ 30MM, DOURADO, CONEX JLHO PRD-PRD;25.65;0.00;23
LM1923;;PARA PERFIL DE SOBREPOR DE 35MM P FITAS LED ATÉ 30MM, DOURADO, CONEX JLHO TETO-PRD;25.65;0.00;23
LM1925;;PARA PERFIL DE SOBREPOR DE 35MM P FITAS LED ATÉ 30MM, DOURADO, CONEX JLHO POS;25.65;0.00;23
LM1966;;PARA FIXAÇÃO E ACABAMENTO OURO CHAMPAGNE PARA PERFIL DE SOBREPOR DE 35MM;6.20;0.00;23
LM1932;;DE SOBREPOR DE 50MM, PARA FITAS LED DE ATÉ 35MM, OURO CHAMPAGNE, TAM: 1M;93.80;0.00;23
LM1933;;DE SOBREPOR DE 50MM, PARA FITAS LED DE ATÉ 35MM, OURO CHAMPAGNE, TAM: 2M;183.90;0.00;23
LM1934;;DE SOBREPOR DE 50MM, PARA FITAS LED DE ATÉ 35MM, OURO CHAMPAGNE, TAM: 3M;274.70;0.00;23
LM1942;;P PERFIL SOBR 50MM P FITAS LED C LARGURA ATÉ 35MM, OURO CHAMPAGNE, CONEX JLHO PRD-PRD;12.90;0.00;23
LM1941;;P PERFIL DE SOBR 50MM P FITAS LED C LARGURA ATÉ 35MM, OURO CHAMPAGNE, CONEX JLHO TETO-PRD;20.40;0.00;23
LM1943;;P PERFIL DE SOBR 50MM P FITAS LED C LARGURA ATÉ 35MM, OURO CHAMPAGNE CONEX JLHO POS;12.90;0.00;23
LM1969;;PARA FIXAÇÃO E ACABAMENTO OURO CHAMPAGNE PARA PERFIL DE SOBREPOR 50MM;6.90;0.00;23
LM3442;;ALOJAMENTO, BRANCO, TAM:1M;69.75;0.00;23
LM3444;;ALOJAMENTO, BRANCO, TAM:2M;139.30;0.00;23
LM3446;;ALOJAMENTO, BRANCO, TAM:3M;206.25;0.00;23
LM3448;;P/ PERFIL DE ALOJAMENTO PAREDE/PAREDE BC/BC COMP:130MM;19.85;0.00;23
LM3450;;P/ PERFIL DE ALOJAMENTO TETO/PAREDE BC/BC COMP:130MM;19.85;0.00;23
LM3452;;P/ PERFIL DE ALOJAMENTO POSITIVO BC/BC COMP:130MM;19.85;0.00;23
LM3454;;DE FIXACAO E ACABAMENTO DE PERFIL DE ALOJAMENTO BR;12.50;0.00;23
LM3443;;ALOJAMENTO, PRETO, TAM:1M;69.30;0.00;24
LM3445;;ALOJAMENTO, PRETO, TAM:2M;138.45;0.00;24
LM3447;;ALOJAMENTO, PRETO, TAM:3M;204.95;0.00;24
LM3449;;P/ PERFIL DE ALOJAMENTO PAREDE/PAREDE PT/BC COMP:130MM;19.80;0.00;24
LM3451;;P/ PERFIL DE ALOJAMENTO TETO/PAREDE PT/BC COMP:130MM;19.80;0.00;24
LM3453;;P/ PERFIL DE ALOJAMENTO POSITIVO PT/BC COMP:130MM;19.80;0.00;24
LM3455;;DE FIXACAO E ACABAMENTO DE PERFIL DE ALOJAMENTO PT;12.45;0.00;24
LM3583;;ALOJAMENTO 50MM, BRANCO, TAM:1M;101.65;0.00;24
LM3585;;ALOJAMENTO 50MM, BRANCO, TAM:2M;198.85;0.00;24
LM3587;;ALOJAMENTO 50MM, BRANCO, TAM:3M;288.45;0.00;24
LM3589;;P/ PERFIL DE ALOJAMENTO 50MM PAREDE/PAREDE BC/BC;18.40;0.00;24
LM3591;;P/ PERFIL DE ALOJAMENTO 50MM TETO/PAREDE BC/BC;18.20;0.00;24
LM3593;;P/ PERFIL DE ALOJAMENTO 50MM POSITIVO BC/BC;18.40;0.00;24
LM3581;;DE FIXACAO E ACABAMENTO DE PERFIL DE ALOJAMENTO 50MM BR;8.99;0.00;24
LM3584;;ALOJAMENTO 50MM, PRETO, TAM:1M;101.40;0.00;24
LM3586;;ALOJAMENTO 50MM, PRETO, TAM:2M;198.30;0.00;24
LM3588;;ALOJAMENTO 50MM, PRETO, TAM:3M;295.15;0.00;24
LM3590;;P/ PERFIL DE ALOJAMENTO 50MM PAREDE/PAREDE PT/BC;18.40;0.00;24
LM3592;;P/ PERFIL DE ALOJAMENTO 50MM TETO/PAREDE PT/BC;18.20;0.00;24
LM3594;;P/ PERFIL DE ALOJAMENTO 50MM POSITIVO PT/BC;18.40;0.00;24
LM3582;;DE FIXACAO E ACABAMENTO DE PERFIL DE ALOJAMENTO 50MM PT;8.15;0.00;24
LM982;;DE SOBREPOR, CANTONEIRA, PARA FITAS DE LED COM LARGURA ATÉ 10MM, TAMANHO: 1M;28.75;0.00;24
LM983;;DE SOBREPOR, CANTONEIRA, PARA FITAS DE LED COM LARGURA ATÉ 10MM, TAMANHO: 2M;54.05;0.00;24
LM1111;;DE SOBREPOR, CANTONEIRA, PARA FITAS DE LED COM LARGURA ATÉ 10MM, TAMANHO: 3M;79.40;0.00;24
LM1101;;PARA FIXAÇÃO E ACABAMENTO DE PERFIL DE SOBREPOR CANTONEIRA 10MM;4.35;0.00;24
LM3787;;PARA PERFIL CANTONEIRA POLICARBONATO 1MT (1 PC);10.35;0.00;24
LM3788;;PARA PERFIL CANTONEIRA POLICARBONATO 2MT (1 PC);20.80;0.00;24
LM3789;;PARA PERFIL CANTONEIRA POLICARBONATO 3MT (1 PC);30.90;0.00;24
LM2242;;PENDENTE CORDOALHO ELETRIFICADO PARA PERFIL DE SOBREPOR 1,5M;48.55;0.00;24
LM2243;;PENDENTE CORDOALHO ELETRIFICADO PARA PERFIL DE SOBREPOR 3M;55.25;0.00;24
LM2244;;PD CORDOALHO ELETRIFICADO P/ PERFIL SOBR C ALOJAMENTO P/ O DRIVER_CANOPLA 1,5M BRANCO;57.70;0.00;24
LM2245;;PD CORDOALHO ELETRIFICADO P/ PERFIL SOBR C ALOJAMENTO P/ O DRIVER_CANOPLA 1,5M PRETO;57.50;0.00;24
LM2246;;PD CORDOALHO ELETRIFICADO P/ PERFIL SOBR C ALOJAMENTO P/ O DRIVER_CANOPLA 1,5M OURO CHAMPAGNE;68.40;0.00;24
LM2249;;PD CORDOALHO ELETRIFICADO P/ PERFIL SOBR C ALOJAMENTO P/ O DRIVER_CANOPLA 3M BRANCO;64.40;0.00;24
LM2250;;PD CORDOALHO ELETRIFICADO P/ PERFIL SOBR C ALOJAMENTO P/ O DRIVER_CANOPLA 3M PRETO;64.20;0.00;24
LM2251;;PD CORDOALHO ELETRIFICADO P/ PERFIL SOBR C ALOJAMENTO P/ O DRIVER_CANOPLA 3M OURO CHAMPAGNE;75.10;0.00;24
LM2767;;DE EMBUTIR RIPADO, PARA FITAS DE LED COM LARG ATE 6MM, BRANCO, COM DIFUSOR BRANCO, TAM: 1M;15.35;0.00;24
LM2769;;DE EMBUTIR RIPADO, PARA FITAS DE LED COM LARG ATE 6MM, BRANCO, COM DIFUSOR BRANCO, TAM: 2M;29.10;0.00;24
LM2771;;DE EMBUTIR RIPADO, PARA FITAS DE LED COM LARG ATE 6MM, BRANCO, COM DIFUSOR BRANCO, TAM: 3M;40.65;0.00;24
LM3781;;PARA PERFIL RIPADO NOVO POLICARBONATO 1MT (1 PC);5.10;0.00;24
LM3782;;PARA PERFIL RIPADO NOVO POLICARBONATO 2MT (1 PC);10.55;0.00;24
LM3783;;PARA PERFIL RIPADO NOVO POLICARBONATO 3MT (1 PC);15.10;0.00;24
LM2768;;DE EMBUTIR RIPADO, PARA FITAS DE LED COM LARG ATE 6MM, PRETO, COM DIFUSOR BRANCO, TAM: 1M;15.25;0.00;24
LM2770;;DE EMBUTIR RIPADO, PARA FITAS DE LED COM LARG ATE 6MM, PRETO, COM DIFUSOR BRANCO, TAM: 2M;28.90;0.00;24
LM2772;;DE EMBUTIR RIPADO, PARA FITAS DE LED COM LARG ATE 6MM, PRETO, COM DIFUSOR BRANCO, TAM: 3M;40.40;0.00;24
LM1987;;DE EMBUTIR RIPADO, LARG: 10,6MM ALT: 9,9MM BC/BC, TAM:1M;11.50;0.00;25
LM1988;;DE EMBUTIR RIPADO, LARG: 10,6MM ALT: 9,9MM BC/BC, TAM:2M;21.95;0.00;25
LM1989;;DE EMBUTIR RIPADO, LARG: 10,6MM ALT: 9,9MM BC/BC, TAM:3M;35.10;0.00;25
LM3743;;ACABAMENTO PERFIL RIPADO DIFUSOR (CAIXA COM 50 TAMPAS);5.40;0.00;25
LM1957;;DE EMBUTIR MOVELARIA COM ABA LARGURA 12MM ALTURA 7MM, BRANCO, COM DIFUSOR BRANCO, TAM: 1M;22.35;0.00;25
LM1958;;DE EMBUTIR MOVELARIA COM ABA LARGURA 12MM ALTURA 7MM, BRANCO, COM DIFUSOR BRANCO, TAM: 2M;43.95;0.00;25
LM1959;;DE EMBUTIR MOVELARIA COM ABA LARGURA 12MM ALTURA 7MM, BRANCO, COM DIFUSOR BRANCO, TAM: 3M;63.90;0.00;25
LM1960;;DE EMBUTIR MOVELARIA COM ABA LARGURA 12MM ALTURA 7MM, PRETO, COM DIFUSOR BRANCO, TAM: 1M;21.20;0.00;25
LM1961;;DE EMBUTIR MOVELARIA COM ABA LARGURA 12MM ALTURA 7MM, PRETO, COM DIFUSOR BRANCO, TAM: 2M;43.99;0.00;25
LM1962;;DE EMBUTIR MOVELARIA COM ABA LARGURA 12MM ALTURA 7MM, PRETO, COM DIFUSOR BRANCO, TAM: 3M;64.50;0.00;25
LM2580;;CEGA SISTEMA PERFIL EMB/SOBR 30MM 0,10M BRANCO;3.15;0.00;25
LM2581;;CEGA SISTEMA PERFIL EMB/SOBR 30MM 0,10M PRETO;3.05;0.00;25
LM2582;;CEGA SISTEMA PERFIL EMB/SOBR 30MM 0,20M BRANCO;6.05;0.00;25
LM2583;;CEGA SISTEMA PERFIL EMB/SOBR 30MM 0,20M PRETO;5.90;0.00;25
LM2054;;CEGA SISTEMA PERFIL EMB/SOBR 30MM 0,50M BRANCO;15.40;0.00;25
LM2057;;CEGA SISTEMA PERFIL EMB/SOBR 30MM 0,50M PRETO;14.99;0.00;25
LM2578;;CEGA SISTEMA PERFIL EMB/SOBR 30MM 0,80M BRANCO;21.90;0.00;25
LM2579;;CEGA SISTEMA PERFIL EMB/SOBR 30MM 0,80M PRETO;21.15;0.00;25
LM2055;;CEGA SISTEMA PERFIL EMB/SOBR 30MM 1MT BRANCO;28.95;0.00;25
LM2058;;CEGA SISTEMA PERFIL EMB/SOBR 30MM 1MT PRETO;28.10;0.00;25
LM2056;;CEGA SISTEMA PERFIL EMB/SOBR 30MM 2MT BRANCO;57.60;0.00;25
LM2059;;CEGA SISTEMA PERFIL EMB/SOBR 30MM 2MT PRETO;55.85;0.00;25
LM2586;;CEGA SISTEMA PERFIL EMB/SOBR 50MM 0,10M BRANCO;3.20;0.00;25
LM2587;;CEGA SISTEMA PERFIL EMB/SOBR 50MM 0,10M PRETO;3.10;0.00;25
LM2588;;CEGA SISTEMA PERFIL EMB/SOBR 50MM 0,20M BRANCO;6.20;0.00;25
LM2589;;CEGA SISTEMA PERFIL EMB/SOBR 50MM 0,20M PRETO;5.30;0.00;25
LM2060;;CEGA SISTEMA PERFIL EMB/SOBR 50MM 0,50M BRANCO;15.50;0.00;25
LM2063;;CEGA SISTEMA PERFIL EMB/SOBR 50MM 0,50M PRETO;15.05;0.00;25
LM2584;;CEGA SISTEMA PERFIL EMB/SOBR 50MM 0,80M BRANCO;22.40;0.00;25
LM2585;;CEGA SISTEMA PERFIL EMB/SOBR 50MM 0,80M PRETO;21.65;0.00;25
LM2061;;CEGA SISTEMA PERFIL EMB/SOBR 50MM 1MT BRANCO;29.10;0.00;25
LM2064;;CEGA SISTEMA PERFIL EMB/SOBR 50MM 1MT PRETO;28.15;0.00;25
LM2062;;CEGA SISTEMA PERFIL EMB/SOBR 50MM 2MT BRANCO;56.45;0.00;25
LM2065;;CEGA SISTEMA PERFIL EMB/SOBR 50MM 2MT PRETO;54.70;0.00;25
LM2345;;UNIVERSAL TAMPA C/FURO PARA SPOT USO PERFIL DE 30MM EBM./SOBR 10CM BRANCO;2.45;0.00;25
LM2346;;UNIVERSAL TAMPA C/FURO PARA SPOT USO PERFIL DE 30MM EBM./SOBR 10CM PRETO;4.05;0.00;26
LM2347;;UNIVERSAL TAMPA C/FURO PARA SPOT USO PERFIL DE 50MM EBM./SOBR 10CM BRANCO;3.25;0.00;26
LM2348;;UNIVERSAL TAMPA C/FURO PARA SPOT USO PERFIL DE 50MM EBM./SOBR 10CM PRETO;3.05;0.00;26
LM2575;;PENDENTE SLIM PARA MR11 ATÉ 4W USO PERFIL EMB/SOB DINAMIC PT;40.35;0.00;26
LM2574;;PENDENTE SLIM PARA MR11 ATÉ 4W USO PERFIL EMB/SOB DINAMIC BR;40.40;0.00;26
LM2573;;SPOT SLIM PARA MR11 ATÉ 4W USO PERFIL EMB/SOB DINAMIC PT;34.35;0.00;26
LM2572;;SPOT SLIM PARA MR11 ATÉ 4W USO PERFIL EMB/SOB DINAMIC BR;34.40;0.00;26
LM2577;;SPOT PARA MR11 ATÉ 4W USO PERFIL EMB/SOB DINAMIC PT;34.65;0.00;26
LM2576;;SPOT PARA MR11 ATÉ 4W USO PERFIL EMB/SOB DINAMIC BR;34.75;0.00;26
LM2351;;UNIVERSAL SPOT PARA DICROICA ATE 8W PRETO GU10 PARA USO TAMPA C/ FURO;38.70;0.00;26
LM2352;;UNIVERSAL SPOT PARA DICROICA ATE 8W BRANCO GU10 PARA USO TAMPA C/ FURO;38.85;0.00;26
LM2353;;UNIVERSAL SPOT PARA DICROICA ATE 8W OURO CHAMPGNE GU10 PARA USO TAMPA C/ FURO;42.50;0.00;26
LM2361;;UNIVERSAL SPOT PARA AR70 ATE 8W GU10 PRETO PARA USO TAMPA C/FURO;79.35;0.00;26
LM2362;;UNIVERSAL SPOT PARA AR70 ATE 8W GU10 BRANCO PARA USO TAMPA C/FURO;59.25;0.00;26
LM2356;;UNIVERSAL SPOT PARA PAR20 ATE 8W E 27 PRETO PARA USO TAMPA C/FURO;74.80;0.00;26
LM2357;;UNIVERSAL SPOT PARA PAR20 ATE 8W E 27 BRANCO PARA USO TAMPA C/FURO;76.50;0.00;26
LM2879;;SPOT DIRECIONAVEL C/ PROLONGADOR MR11 PARA NO FRAME BRANCO;36.50;0.00;26
LM2880;;SPOT DIRECIONAVEL C/ PROLONGADOR MR11 PARA NO FRAME PRETO;35.25;0.00;26
LM2881;;SPOT DIRECIONAVEL C/ PROLONGADOR MR11 PARA NO FRAME DOURADO;36.70;0.00;26
LM2934;;SPOT DIRECIONAVEL C/ PROLONGADOR PAR16 PARA NO FRAME BRANCO;38.40;0.00;26
LM2933;;SPOT DIRECIONAVEL C/ PROLONGADOR PAR16 PARA NO FRAME PRETO;34.20;0.00;26
LM2864;;SPOT DIRECIONAVEL C/ PROLONGADOR PAR16 PARA NO FRAME DOURADO;42.55;0.00;26
LM2331;;TRILHO DE SOBREPOR MAGNETICO PT 1M - MAX. 48V;64.20;9.75;26
LM2332;;TRILHO DE SOBREPOR MAGNETICO PT 2M - MAX. 48V;120.20;9.75;26
LM2333;;TRILHO DE SOBREPOR MAGNETICO PT 3M - MAX. 48V;179.10;9.75;26
LM2338;;CONECTOR DE ENERGIA DIRECIONAVEL PARA USO NO TRILHO MAGNETICO - MAX. 48V;29.30;9.75;26
LM2339;;CONECTOR PARA TRILHO DE SOBREPOR MAGNETICO PT CONEXAO JOELHO PAREDE PAREDE - MAX. 48V;27.80;9.75;26
LM2340;;CONECTOR PARA TRILHO DE SOBREPOR MAGNETICO PT CONEXAO JOELHO TETO PAREDE - MAX. 48V;32.30;9.75;26
LM2334;;TRILHO DE EMBUTIR NO FRAME MAGNETICO PT 1M - MAX. 48V;60.10;9.75;26
LM2335;;TRILHO DE EMBUTIR NO FRAME MAGNETICO PT 2M - MAX. 48V;127.10;9.75;26
LM2336;;TRILHO DE EMBUTIR NO FRAME MAGNETICO PT 3M - MAX. 48V;188.65;9.75;26
LM2341;;CONECTOR PARA TRILHO DE EMBUTIR NO FRAME MAGNETICO PT CONEXAO JOELHO PRD PRD - MAX. 4;27.80;9.75;26
LM2342;;CONECTOR PARA TRILHO DE EMBUTIR NO FRAME MAGNETICO PT CONEXAO JOELHO TETO PRD - MAX. 48;27.80;9.75;26
LM2942;;TRILHO DE EMBUTIR MAGNETICO PT 1M - MAX. 48V;67.80;9.75;26
LM2943;;TRILHO DE EMBUTIR MAGNETICO PT 2M - MAX. 48V;149.35;9.75;26
LM2944;;TRILHO DE EMBUTIR MAGNETICO PT 3M - MAX. 48V;236.40;9.75;26
LM2987;;MOLAS DE FIXAÇÃO PARA TRILHO DE EMBUTIR MAGNETICO (KIT COM 2 UNIDADES);15.35;9.75;26
LM2328;;SPOT MAGNETICO 12W 2700K 48V 115MM PT PARA USO NO TRILHO MAGNETICO;56.90;9.75;26
LM2329;;SPOT MAGNETICO 20W 2700K 48V 115MM PT PARA USO NO TRILHO MAGNETICO;65.30;9.75;26
LM2330;;SPOT PENDENTE MAGNETICO 6W 2700K 48V 115MM PT PARA USO NO TRILHO MAGNETICO;76.99;9.75;26
LM2325;;MODULO DIFUSO MAGNETICO 12W 2700K 48V 300MM PT PARA USO NO TRILHO MAGNETICO;23.80;9.75;26
LM2946;;MODULO DIFUSO MAGNETICO 24W 2700K 48V 600MM PT PARA USO NO TRILHO MAGNETICO;54.45;9.75;26
LM2326;;MODULO CONCENT MAGNETICO DIRECIONAVEL 6W 2700K 48V 120MM PT P/ USO NO TRILHO MAGNETICO;33.65;9.75;26
LM2327;;MODULO CONCENT MAGNETICO DIRECIONAVEL 12W 2700K 48V 222MM PT P/ USO NO TRILHO MAGNETICO;54.20;9.75;26
LM2322;;MODULO CONCENTRADO MAGNETICO 6W 2700K 48V 120MM PT PARA USO NO TRILHO MAGNETICO;15.45;9.75;26
LM2323;;MODULO CONCENTRADO MAGNETICO 12W 2700K 48V 222MM PT PARA USO NO TRILHO MAGNETICO;32.70;9.75;26
LM2324;;MODULO CONCENTRADO MAGNETICO 18W 2700K 48V 330MM PT PARA USO NO TRILHO MAGNETICO;42.60;9.75;26
LM2343;;DRIVER PARA TRILHO MAGNETICO 100W AC127-220V DC48V;95.15;3.75;27
LM2344;;DRIVER PARA TRILHO MAGNETICO 200W AC127-220V DC48V;115.35;3.75;27
LM1998;;MOLD 22 PERFIL NOFRAME MODULAR LARGURA 26,2MM ALTURA 46MM TAMANHO 1M BRANCO;132.45;0.00;27
LM1999;;MOLD 22 PERFIL NOFRAME MODULAR LARGURA 26,2MM ALTURA 46MM TAMANHO 2M BRANCO;252.35;0.00;27
LM2000;;MOLD 22 PERFIL NOFRAME MODULAR LARGURA 26,2MM ALTURA 46MM TAMANHO 3M BRANCO;372.20;0.00;27
LM2567;;MOLD 22 KIT MODULAR NO FRAME BRANCO;12.60;0.00;27
LM2001;;MOLD 22 PERFIL NOFRAME MODULAR LARGURA 26,2MM ALTURA 46MM TAMANHO 1M PRETO;131.80;0.00;27
LM2002;;MOLD 22 PERFIL NOFRAME MODULAR LARGURA 26,2MM ALTURA 46MM TAMANHO 2M PRETO;251.10;0.00;27
LM2003;;MOLD 22 PERFIL NOFRAME MODULAR LARGURA 26,2MM ALTURA 46MM TAMANHO 3M PRETO;370.35;0.00;27
LM2568;;MOLD 22 KIT MODULAR NO FRAME PRETO;12.55;0.00;27
LM2115;;MOLD 22 PERFIL DE SOBREPOR MODULAR LARGURA 33,8MM ALTURA 75,5MM TAMANHO 1M BRANCO;113.45;0.00;27
LM2116;;MOLD 22 PERFIL DE SOBREPOR MODULAR LARGURA 33,8MM ALTURA 75,5MM TAMANHO 2M BRANCO;213.05;0.00;27
LM2117;;MOLD 22 PERFIL DE SOBREPOR MODULAR LARGURA 33,8MM ALTURA 75,5MM TAMANHO 3M BRANCO;312.80;0.00;27
LM2480;;MOLD 22 CONECTOR P/ PERFIL SOBREPOR MOD CONCENTRADO CONEXAO PAREDE-PAREDE BCM;34.35;0.00;27
LM2478;;MOLD 22 CONECTOR P/ PERFIL SOBREPOR MOD CONCENTRADO CONEXAO PAREDE-TETO BCM;34.35;0.00;27
LM2565;;MOLD 22 KIT MODULAR SOBREPOR BRANCO;6.40;0.00;27
LM2118;;MOLD 22 PERFIL DE SOBREPOR MODULAR LARGURA 33,8MM ALTURA 75,5MM TAMANHO 1M PRETO;112.90;0.00;27
LM2119;;MOLD 22 PERFIL DE SOBREPOR MODULAR LARGURA 33,8MM ALTURA 75,5MM TAMANHO 2M PRETO;211.90;0.00;27
LM2120;;MOLD 22 PERFIL DE SOBREPOR MODULAR LARGURA 33,8MM ALTURA 75,5MM TAMANHO 3M PRETO;311.10;0.00;27
LM2481;;MOLD 22 CONECTOR P/ PERFIL SOBREPOR MOD CONCENTRADO CONEXAO PAREDE-PAREDE PTM;34.15;0.00;27
LM2479;;MOLD 22 CONECTOR P/ PERFIL SOBREPOR MOD CONCENTRADO CONEXAO PAREDE-TETO PTM;34.15;0.00;27
LM2566;;MOLD 22 KIT MODULAR SOBREPOR PRETO;6.35;0.00;27
LM2109;;MOLD 22 PERFIL DE EMBUTIR MODULAR LARGURA 33,8MM ALTURA 48,9MM TAM: 1M BRANCO;111.75;0.00;27
LM2110;;MOLD 22 PERFIL DE EMBUTIR MODULAR LARGURA 33,8MM ALTURA 48,9MM TAM: 2M BRANCO;208.95;0.00;27
LM2111;;MOLD 22 PERFIL DE EMBUTIR MODULAR LARGURA 33,8MM ALTURA 48,9MM TAM: 3M BRANCO;305.99;0.00;27
LM2476;;MOLD 22 CONECTOR P/ PERFIL EMBUTIR MOD CONCENTRADO CONEXAO PAREDE-PAREDE BCM;41.60;0.00;27
LM2474;;MOLD 22 CONECTOR P/ PERFIL EMBUTIR MOD CONCENTRADO CONEXAO PAREDE-TETO BCM;43.55;0.00;27
LM2563;;MOLD 22 KIT MODULAR EMBUTIR BRANCO;14.85;0.00;27
LM2112;;MOLD 22 PERFIL DE EMBUTIR MODULAR LARGURA 33,8MM ALTURA 48,9MM TAM: 1M PRETO;111.25;0.00;27
LM2113;;MOLD 22 PERFIL DE EMBUTIR MODULAR LARGURA 33,8MM ALTURA 48,9MM TAM: 2M PRETO;207.90;0.00;27
LM2114;;MOLD 22 PERFIL DE EMBUTIR MODULAR LARGURA 33,8MM ALTURA 48,9MM TAM: 3M PRETO;304.45;0.00;27
LM2477;;MOLD 22 CONECTOR P/ PERFIL EMBUTIR MOD CONCENTRADO CONEXAO PAREDE-PAREDE PTM;41.45;0.00;27
LM2475;;MOLD 22 CONECTOR P/ PERFIL EMBUTIR MOD CONCENTRADO CONEXAO PAREDE-TETO PTM;38.80;0.00;27
LM2564;;MOLD 22 KIT MODULAR EMBUTIR PRETO;14.85;0.00;27
LM2555;;MOLD 22 TAMPA CEGA SISTEMA PERFIL MODULAR 0,053M BRANCO;1.20;0.00;27
LM2558;;MOLD 22 TAMPA CEGA SISTEMA PERFIL MODULAR 0,053M PRETO;1.20;0.00;27
LM2556;;MOLD 22 TAMPA CEGA SISTEMA PERFIL MODULAR 0,100M BRANCO;1.85;0.00;27
LM2559;;MOLD 22 TAMPA CEGA SISTEMA PERFIL MODULAR 0,100M PRETO;1.85;0.00;27
LM2557;;MOLD 22 TAMPA CEGA SISTEMA PERFIL MODULAR 0,133M BRANCO;2.35;0.00;27
LM2560;;MOLD 22 TAMPA CEGA SISTEMA PERFIL MODULAR 0,133M PRETO;2.30;0.00;27
LM2004;;MOLD 22 TAMPA CEGA SISTEMA PERFIL MODULAR 0,50M BRANCO;8.30;0.00;27
LM2007;;MOLD 22 TAMPA CEGA SISTEMA PERFIL MODULAR 0,50M PRETO;8.25;0.00;28
LM2005;;MOLD 22 TAMPA CEGA SISTEMA PERFIL MODULAR 1M BRANCO;15.75;0.00;28
LM2008;;MOLD 22 TAMPA CEGA SISTEMA PERFIL MODULAR 1M PRETO;14.90;0.00;28
LM2006;;MOLD 22 TAMPA CEGA SISTEMA PERFIL MODULAR 2M BRANCO;29.75;0.00;28
LM2009;;MOLD 22 TAMPA CEGA SISTEMA PERFIL MODULAR 2M PRETO;29.25;0.00;28
LM2561;;MOLD 22 TAMPA CEGA COM FURO SISTEMA PERFIL MODULAR 0,133M BRANCO;2.80;0.00;28
LM2562;;MOLD 22 TAMPA CEGA COM FURO SISTEMA PERFIL MODULAR 0,133M PRETO;2.75;0.00;28
LM2026;;MOLD 22 MODULO DIFUSO PARA FITA LED 132MM PARA USO NO PERFIL MODULAR BRANCO/BRANCO;11.75;0.00;28
LM2270;;MOLD 22 MODULO DIFUSO DUPLO(2) PARA FITA LED 264MM PARA USO NO PERFIL MODULAR BRANCO;26.70;0.00;28
LM2271;;MOLD 22 MODULO DIFUSO TRIPLO(3) PARA FITA LED 396MM PARA USO NO PERFIL MODULAR BRANCO;33.95;0.00;28
LM2272;;MOLD 22 MODULO DIFUSO QUADUPLO(4) PARA FITA LED 528MM PARA USO NO PERFIL MODULAR BRANCO;40.80;0.00;28
LM2273;;MOLD 22 MODULO DIFUSO Q(5) PARA FITA LED 660MM PARA USO NO PERFIL MODULAR BRANCO;47.70;0.00;28
LM2274;;MOLD 22 MODULO DIFUSO TOTAL PARA FITA LED 1MT PARA USO NO PERFIL MODULAR BRANCO;65.45;0.00;28
LM2275;;MOLD 22 MODULO DIFUSO TOTAL PARA FITA LED 2MT PARA USO NO PERFIL MODULAR BRANCO;120.60;0.00;28
LM2168;;MOLD 22 MODULO CONCENTRADO 3W 2700K ÅNGULO 34° 80MM PT PARA USO NO PERFIL MODULAR;89.30;0.00;28
LM2169;;MOLD 22 MODULO CONCENTRADO 3W 4000K ÅNGULO 34° 80MM PT PARA USO NO PERFIL MODULAR;76.45;0.00;28
LM2022;;MOLD 22 MODULO CONCENTRADO 5W 100LM 2700K ÅNGULO 34° 132MM PT PARA USO NO PERFIL MODULAR;106.25;0.00;28
LM2023;;MOLD 22 MODULO CONCENTRADO 5W 100LM 4000K ÅNGULO 34° 132MM PT PARA USO NO PERFIL MODULAR;106.25;0.00;28
LM928;;PARA TRILHO, COM LED INTEGRADO, BRANCO, 5W, 3000K, 127V/220V;14.20;9.75;28
LM929;;PARA TRILHO, COM LED INTEGRADO, PRETO, 5W, 3000K, 127V/220V;14.20;9.75;28
LM1206;;PARA TRILHO, COM LED INTEGRADO, BRANCO, 5W, 4000K, 127V/220V;14.20;9.75;28
LM1207;;PARA TRILHO, COM LED INTEGRADO, PRETO, 5W, 4000K, 127V/220V;14.20;9.75;28
LM1036;;PARA TRILHO 2 FIOS, COM LED INTEGRADO,BRANCO, 5W, 6000K, 127V/220V, REDONDO;15.45;9.75;28
LM1035;;PARA TRILHO 2 FIOS, COM LED INTEGRADO,PRETO, 5W, 6000K, 127V/220V, REDONDO;16.10;9.75;28
LM930;;PARA TRILHO, COM LED INTEGRADO, BRANCO, 10W, 3000K, 127V/220V;15.90;9.75;28
LM931;;PARA TRILHO, COM LED INTEGRADO, PRETO, 10W, 3000K, 127V/220V;15.90;9.75;28
LM1208;;PARA TRILHO, COM LED INTEGRADO, BRANCO, 10W, 4000K, 127V/220V;15.90;9.75;28
LM1209;;PARA TRILHO, COM LED INTEGRADO, PRETO, 10W, 4000K, 127V/220V;15.90;9.75;28
LM1038;;PARA TRILHO 2 FIOS, COM LED INTEGRADO,BRANCO, 10W, 6000K, 127V/220V, REDONDO;15.90;9.75;28
LM1037;;PARA TRILHO 2 FIOS, COM LED INTEGRADO,PRETO, 10W, 6000K, 127V/220V, REDONDO;15.90;9.75;28
LM932;;PARA TRILHO, COM LED INTEGRADO, BRANCO, 18W, 3000K, 127V/220V;19.99;9.75;28
LM933;;PARA TRILHO, COM LED INTEGRADO, PRETO, 18W, 3000K, 127V/220V;19.99;9.75;28
LM1040;;PARA TRILHO 2 FIOS, COM LED INTEGRADO,BRANCO, 18W, 6000K, 127V/220V, REDONDO;34.80;9.75;29
LM1039;;PARA TRILHO 2 FIOS, COM LED INTEGRADO,PRETO, 18W, 6000K, 127V/220V, REDONDO;34.80;9.75;29
LM1041;;PARA TRILHO 2 FIOS, COM LED INTEGRADO, BRANCO, 10W, 3000K, 127V/220V, QUADRADO;33.60;9.75;29
LM1048;;PARA TRILHO 2 FIOS, COM LED INTEGRADO, PRETO, 10W, 6000K, 127V/220V, QUADRADO;35.35;9.75;29
LM1053;;TRES SPOTS PARA TRILHO DE SOBREPOR LED, CORPO BRANCO, 5W, 3000K, 127V/220V, CONECTOR MODELO I;67.20;9.75;29
LM1055;;TRES SPOTS PARA TRILHO DE SOBREPOR LED, CORPO PRETO, 5W, 3000K, 127V/220V, COM CONECTOR MODELO I;67.20;9.75;29
LM1054;;TRES SPOTS PARA TRILHO DE SOBREPOR LED, CORPO BRANCO, 5W, 6000K, 127V/220V, CONECTOR MODELO I;67.20;9.75;29
LM1056;;TRES SPOTS PARA TRILHO DE SOBREPOR LED, CORPO PRETO, 5W, 6000K, 127V/220V, COM CONECTOR MODELO I;67.20;9.75;29
LM2856;;TRES SPOTS PARA TRILHO DE SOBREPOR LED, CORPO BRANCO, 10W, 3000K, 127V/220V, CONECTOR MODELO I;79.05;9.75;29
LM2858;;TRES SPOTS PARA TRILHO DE SOBREPOR LED, CORPO PRETO, 10W, 3000K, 127V/220V, CONECTOR MODELO I;79.05;9.75;29
LM2857;;TRES SPOTS PARA TRILHO DE SOBREPOR LED, CORPO BRANCO, 10W, 6000K, 127V/220V, CONECTOR MODELO I;79.05;9.75;29
LM2859;;TRES SPOTS PARA TRILHO DE SOBREPOR LED, CORPO PRETO, 10W, 6000K, 127V/220V, CONECTOR MODELO I;79.05;9.75;29
LM1068;;SPOT DICROICA PARA TRILHO BASE GU10 CORPO ALUMINIO BRANCO;21.70;15.00;29
LM1069;;SPOT DICROICA PARA TRILHO BASE GU10 CORPO ALUMINIO PRETO;21.70;15.00;29
LM1072;;SPOT AR70 PARA TRILHO BASE GU10 CORPO ALUMINIO BRANCO;29.35;15.00;29
LM1073;;SPOT AR70 PARA TRILHO BASE GU10 CORPO ALUMINIO PRETO;29.35;15.00;29
LM1070;;SPOT PAR20 PARA TRILHO BASE E27 CORPO ALUMINIO BRANCO;28.15;15.00;29
LM1071;;SPOT PAR20 PARA TRILHO BASE E27 CORPO ALUMINIO PRETO;29.65;15.00;29
LM1076;;SPOT AR11 PARA TRILHO BASE GU10 CORPO ALUMINIO BRANCO;47.15;15.00;29
LM1077;;SPOT AR111 PARA TRILHO BASE GU10 CORPO ALUMINIO PRETO;47.15;15.00;29
LM1074;;SPOT PAR30 PARA TRILHO BASE E27 CORPO ALUMINIO BRANCO;43.40;15.00;29
LM1075;;SPOT PAR30 PARA TRILHO BASE E27 CORPO ALUMINIO PRETO;43.40;15.00;29
LM942;;MODELO L, PARA TRILHOS DE SOBREPOR, BRANCO;6.80;9.75;29
LM943;;MODELO L, PARA TRILHOS DE SOBREPOR, PRETO;6.80;9.75;29
LM944;;MODELO X, PARA TRILHOS DE SOBREPOR, BRANCO;12.55;9.75;29
LM945;;MODELO X, PARA TRILHOS DE SOBREPOR, PRETO;12.55;9.75;29
LM946;;MODELO I, PARA TRILHOS DE SOBREPOR, BRANCO;4.40;9.75;29
LM947;;MODELO I, PARA TRILHOS DE SOBREPOR, PRETO;4.40;9.75;29
LM940;;MODELO T , PARA TRILHOS DE SOBREPOR, BRANCO;9.45;9.75;29
LM941;;MODELO T, PARA TRILHOS DE SOBREPOR, PRETO;9.45;9.75;29
LM934;;DE SOBREPOR, BRANCO - 1 METRO;13.15;9.75;29
LM935;;DE SOBREPOR, PRETO - 1 METRO;13.15;9.75;29
LM936;;DE SOBREPOR, BRANCO - 1,5 METRO;19.45;9.75;29
LM937;;DE SOBREPOR, PRETO - 1,5 METRO;19.45;9.75;29
LM938;;DE SOBREPOR, BRANCO - 2,0 METROS;25.45;9.75;29
LM939;;DE SOBREPOR, PRETO - 2,0 METROS;25.45;9.75;29
LM948;;DE SOBREPOR PARA LUMINARIA DE TRILHO, OVAL, BRANCO;6.75;9.75;29
LM949;;DE SOBREPOR PARA LUMINARIA DE TRILHO, OVAL, PRETO;6.75;9.75;29
LM950;;DE SOBREPOR PARA LUMINARIA DE TRILHO, REDONDO, BRANCO;6.75;9.75;29
LM951;;DE SOBREPOR PARA LUMINARIA DE TRILHO, REDONDO, PRETO;6.75;9.75;29
LM952;;DE SOBREPOR PARA LUMINARIA DE TRILHO, RETANGULAR , BRANCO;10.10;9.75;29
LM953;;DE SOBREPOR PARA LUMINARIA DE TRILHO, RETANGULAR , PRETO;10.10;9.75;29
LM1478;;FLEXIVEL 50W 2700K 12V, 10W/M, 5M, IP65;62.85;9.75;29
LM2991;;FLEXIVEL 50W 3000K 12V, 10W/M, 5M, IP65;62.85;9.75;29
LM2378;;FLEXIVEL 50W 4000K 12V, 10W/M, 5M, IP65;62.85;9.75;29
LM2379;;FLEXIVEL 50W 6000K 12V, 10W/M, 5M, IP65;62.85;9.75;29
LM2855;;FLEXIVEL 500W 2700K 12V, 10W/M, 50M, IP65;587.45;9.75;29
LM3211;;FLEXIVEL 500W 4000K 12V, 10W/M, 50M, IP65;527.10;9.75;30
LM3827;;LED BABY COB 30W 3000K 12V, 6W/M, 5M, IP20, IRC90, 5MM;47.50;9.75;30
LM2027;;LED 50W 2700K 12V, 10W/M, COB, 5M, IP20, IRC 90;53.80;9.75;30
LM3512;;LED 50W 3000K 12V, 10W/M, COB, 5M, IP20, IRC 90;53.90;9.75;30
LM3514;;LED 50W 4000K 12V, 10W/M, COB, 5M, IP20, IRC 90;53.80;9.75;30
LM1360;;LED 90W 2700K 12V, 18W/M, COB, 5M, IP20;52.50;9.75;30
LM2449;;LED 90W 3000K 12V, 18W/M, COB, 5M, IP20;52.70;9.75;30
LM2380;;LED 90W 4000K 12V, 18W/M, COB, 5M, IP20;52.50;9.75;30
LM2381;;LED 90W 6000K 12V, 18W/M, COB, 5M, IP20;52.65;9.75;30
LM2292;;LED 500W 2700K 12V, 10W/M, COB, 50M, IP20, IRC 90;518.70;9.75;30
LM3513;;LED 500W 3000K 12V, 10W/M, COB, 50M, IP20, IRC 90;532.20;9.75;30
LM3515;;LED 500W 4000K 12V, 10W/M, COB, 50M, IP20, IRC 90;532.20;9.75;30
LM2233;;LED 900W 2700K 12V, 18W/M, COB, 50M, IP20;562.20;9.75;30
LM2450;;LED 900W 3000K 12V, 18W/M, COB, 50M, IP20;562.20;9.75;30
LM2382;;LED 900W 4000K 12V, 18W/M, COB, 50M, IP20;562.20;9.75;30
LM2383;;LED 900W 6000K 12V, 18W/M, COB, 50M, IP20;562.20;9.75;30
LM1400;;LED 90W 2700K 24V, 18W/M, COB, 5M, IP20;49.25;9.75;30
LM3506;;LED 75W 2700K 24V, 15W/M, COB, 5M, IP20, IRC 90;53.80;9.75;30
LM3508;;LED 75W 3000K 24V, 15W/M, COB, 5M, IP20, IRC 90;53.80;9.75;30
LM3510;;LED 75W 4000K 24V, 15W/M, COB, 5M, IP20, IRC 90;53.80;9.75;30
LM3507;;LED 750W 2700K 24V, 15W/M, COB, 50M, IP20, IRC 90;518.70;9.75;30
LM3509;;LED 750W 3000K 24V, 15W/M, COB, 50M, IP20, IRC 90;518.70;9.75;30
LM3511;;LED 750W 4000K 24V, 15W/M, COB, 50M, IP20, IRC 90;518.70;9.75;30
LM1897;;LED 50W 3000K 12V, 10W/M, 120 LEDS/M, 5M, IP20, IRC 70;19.05;9.75;30
LM1898;;LED 50W 4000K 12V, 10W/M, 120 LEDS/M, 5M, IP20, IRC 70;19.05;9.75;30
LM2376;;LED 50W 6000K 12V, 10W/M, 120 LEDS/M, 5M, IP20, IRC 70;19.05;9.75;30
LM2028;;LED 55W 2700K 12V, 11W/M, 120 LEDS/M, 5M, IP20, IRC 80;25.60;9.75;30
LM2443;;LED 55W 3000K 12V, 11W/M, 120 LEDS/M, 5M, IP20, IRC 80;25.60;9.75;30
LM2030;;LED 55W 4000K 12V, 11W/M, 120 LEDS/M, 5M, IP20, IRC 80;25.60;9.75;30
LM2032;;LED 55W 6000K 12V, 11W/M, 120 LEDS/M, 5M, IP20, IRC 80;25.60;9.75;30
LM2040;;LED 55W 2700K 24V, 11W/M, 120 LEDS/M, 5M, IP20, IRC 80;25.60;9.75;30
LM2947;;LED 55W 3000K 24V, 11W/M, 120 LEDS/M, 5M, IP20, IRC 80;25.60;9.75;30
LM2042;;LED 55W 4000K 24V, 11W/M, 120 LEDS/M, 5M, IP20, IRC 80;25.60;9.75;30
LM1909;;LED 55W, 2700K, 12V, 11W/M, 120 LEDS/M, 5M, IP20, IRC 90;41.40;9.75;30
LM2447;;LED 55W, 3000K, 12V, 11W/M, 120 LEDS/M, 5M, IP20, IRC 90;41.40;9.75;30
LM1911;;LED 55W, 4000K, 12V, 11W/M, 120 LEDS/M, 5M, IP20, IRC 90;41.40;9.75;30
LM3496;;LED 55W, 3000K, 24V, 11W/M, 120 LEDS/M, 5M, IP20, IRC 90;33.20;9.75;30
LM3498;;LED 55W, 4000K, 24V, 11W/M, 120 LEDS/M, 5M, IP20, IRC 90;28.80;9.75;30
LM2602;;LED 500W 3000K 12V, 10W/M, 120 LEDS/M, 50M, IP20, IRC 70;175.05;9.75;30
LM2603;;LED 500W 4000K 12V, 10W/M, 120 LEDS/M, 50M, IP20, IRC 70;175.05;9.75;30
LM2604;;LED 500W 6000K 12V, 10W/M, 120 LEDS/M, 50M, IP20, IRC 70;175.05;9.75;30
LM2034;;LED 550W 2700K 12V, 11W/M, 120 LEDS/M, 50M, IP20, IRC 80;282.10;9.75;30
LM2444;;LED 550W 3000K 12V, 11W/M, 120 LEDS/M, 50M, IP20, IRC 80;276.55;9.75;30
LM2036;;LED 550W 4000K 12V, 11W/M, 120 LEDS/M, 50M, IP20, IRC 80;266.55;9.75;30
LM2038;;LED 550W 6000K 12V, 11W/M, 120 LEDS/M, 50M, IP20, IRC 80;276.55;9.75;30
LM2044;;LED 550W 2700K 24V, 11W/M, 120 LEDS/M, 50M, IP20, IRC 80;276.55;9.75;30
LM2948;;LED 550W 3000K 24V, 11W/M, 120 LEDS/M, 50M, IP20, IRC 80;276.55;9.75;30
LM2046;;LED 550W 4000K 24V, 11W/M, 120 LEDS/M, 50M, IP20, IRC 80;276.55;9.75;30
LM3495;;LED 550W, 2700K, 24V, 11W/M, 120 LEDS/M, 50M, IP20, IRC 90;275.75;9.75;30
LM3497;;LED 550W, 3000K, 24V, 11W/M, 120 LEDS/M, 50M, IP20, IRC 90;275.75;9.75;30
LM3499;;LED 550W, 4000K, 24V, 11W/M, 120 LEDS/M, 50M, IP20, IRC 90;275.75;9.75;30
LM2792;;LED 60W 6000K 12V, 12W/M, 120 LEDS/M, 5M, IP65, IRC 80;41.99;9.75;30
LM3425;;LED 50W 3000K 12V, 10W/M, 120 LEDS/M, 5M, IP68, IRC 80;59.55;9.75;31
LM1899;;LED 80W 3000K 12V, 16W/M, 240 LEDS/M, 5M, IP20, IRC 70;33.75;9.75;31
LM1900;;LED 80W 4000K 12V, 16W/M, 240 LEDS/M, 5M, IP20, IRC 70;33.75;9.75;31
LM2377;;LED 80W 6000K 12V, 16W/M, 240 LEDS/M, 5M, IP20, IRC 70;33.75;9.75;31
LM2029;;LED 90W 2700K 12V, 18W/M, 240 LEDS/M, 5M, IP20, IRC 80;43.75;9.75;31
LM2445;;LED 90W 3000K 12V, 18W/M, 240 LEDS/M, 5M, IP20, IRC 80;43.75;9.75;31
LM2031;;LED 90W 4000K 12V, 18W/M, 240 LEDS/M, 5M, IP20, IRC 80;43.75;9.75;31
LM2033;;LED 90W 6000K 12V, 18W/M, 240 LEDS/M, 5M, IP20, IRC 80;43.75;9.75;31
LM2041;;LED 90W 2700K 24V, 18W/M, 240 LEDS/M, 5M, IP20, IRC 80;43.75;9.75;31
LM2949;;LED 90W 3000K 24V, 18W/M, 240 LEDS/M, 5M, IP20, IRC 80;43.75;9.75;31
LM2043;;LED 90W 4000K 24V, 18W/M, 240 LEDS/M, 5M, IP20, IRC 80;43.75;9.75;31
LM1910;;LED 100W, 2700K, 12V, 20W/M, 240 LEDS/M, 5M, IP20, IRC 90;56.35;9.75;31
LM2448;;LED 100W, 3000K, 12V, 20W/M, 240 LEDS/M, 5M, IP20, IRC 90;56.35;9.75;31
LM1912;;LED 100W, 4000K, 12V, 20W/M, 240 LEDS/M, 5M, IP20, IRC 90;56.35;9.75;31
LM3500;;LED 100W, 2700K, 24V, 20W/M, 240 LEDS/M, 5M, IP20, IRC 90;55.80;9.75;31
LM3502;;LED 100W, 3000K, 24V, 20W/M, 240 LEDS/M, 5M, IP20, IRC 90;56.35;9.75;31
LM3504;;LED 100W, 4000K, 24V, 20W/M, 240 LEDS/M, 5M, IP20, IRC 90;56.35;9.75;31
LM2035;;LED 900W 2700K 12V, 18W/M, 240 LEDS/M, 50M, IP20, IRC 80;547.99;9.75;31
LM2446;;LED 900W 3000K 12V, 18W/M, 240 LEDS/M, 50M, IP20, IRC 80;503.40;9.75;31
LM2037;;LED 900W 4000K 12V, 18W/M, 240 LEDS/M, 50M, IP20, IRC 80;503.40;9.75;31
LM2039;;LED 900W 6000K 12V, 18W/M, 240 LEDS/M, 50M, IP20, IRC 80;547.99;9.75;31
LM2045;;LED 900W 2700K 24V, 18W/M, 240 LEDS/M, 50M, IP20, IRC 80;547.99;9.75;31
LM2950;;LED 900W 3000K 24V, 18W/M, 240 LEDS/M, 50M, IP20, IRC 80;547.99;9.75;31
LM2047;;LED 900W 4000K 24V, 18W/M, 240 LEDS/M, 50M, IP20, IRC 80;547.99;9.75;31
LM3501;;LED 1000W, 2700K, 24V, 20W/M, 240 LEDS/M, 50M, IP20, IRC 90;488.80;9.75;31
LM825;;DE LED, 5W/M, 4000K, 12V, 5M - IP20;19.50;9.75;31
LM269;;LED 25W 6000K 12V - IP20;19.45;9.75;31
LM286;;LED 25W VERDE 12V - IP20;21.15;9.75;31
LM287;;LED 25W AZUL 12V - IP20;21.15;9.75;31
LM288;;LED 25W AMBAR 12V - IP20;21.15;9.75;31
LM289;;LED 25W RGB 12V 5M - IP20;66.25;9.75;31
LM1249;;LED 25W 2700K 12V 5M - IP20 - ACOMPANHA FONTE;42.95;9.75;31
LM1251;;LED 25W 4000K 12V 5M - IP20 - ACOMPANHA FONTE;42.95;9.75;31
LM1250;;LED 25W 6000K 12V 5M - IP20 - ACOMPANHA FONTE;42.95;9.75;31
LM1057;;LED 25W RGB 12V 5M - IP20 COM ADAPTADOR E KIT CONTROLADOR;52.35;9.75;31
LM464;;LED 45W 2700K DC12V - IP65;34.95;9.75;31
LM465;;LED 45W 6000K DC12V - IP65;34.95;9.75;31
LM290;;LED 25W RGB 12V - IP65;34.95;9.75;31
LM1479;;LED 50W 2700K 12V, 10W/M, 120 LEDS/M, 5M, IP20, 5MM;24.30;9.75;31
LM3665;;LED DIRECT COB 50W 2700K 127V, 10W/M, 5M, IP65, IRC 80;71.99;9.75;31
LM3666;;LED DIRECT COB 50W 3000K 127V, 10W/M, 5M, IP65, IRC 80;71.99;9.75;31
LM3667;;LED DIRECT COB 50W 4000K 127V, 10W/M, 5M, IP65, IRC 80;71.99;9.75;31
LM3668;;LED DIRECT COB 500W 2700K 127V, 10W/M, 50M, IP65, IRC 80;681.40;9.75;31
LM3669;;LED DIRECT COB 500W 3000K 127V, 10W/M, 50M, IP65, IRC 80;681.40;9.75;31
LM3670;;LED DIRECT COB 500W 4000K 127V, 10W/M, 50M, IP65, IRC 80;681.40;9.75;31
LM3671;;FITA-REDE ELETRICA PARA FITA LED DIRECT COB 127V OU 220V IP65 (PACOTE COM 5PCS);12.25;9.75;31
LM3672;;JUNCAO, ACABAMENTO E FIXACAO PARA FITA LED DIRECT COB;4.80;9.75;31
LM3470;;FITA-REDE ELETRICA PARA FITA LED DIRECT 240LEDS/M 127V OU 220V IP65 (PACOTE COM 5PCS);22.10;9.75;31
LM3430;;LED DIRECT 90W 2700K 127V, 18W/M, 240LEDS/M, 5M, IP65, IRC 80;95.85;9.75;31
LM3431;;LED DIRECT 90W 3000K 127V, 18W/M, 240LEDS/M, 5M, IP65, IRC 80;96.45;9.75;31
LM3432;;LED DIRECT 90W 4000K 127V, 18W/M, 240LEDS/M, 5M, IP65, IRC 80;95.85;9.75;32
LM3433;;LED DIRECT 90W 6000K 127V, 18W/M, 240LEDS/M, 5M, IP65, IRC 80;95.85;9.75;32
LM3426;;LED DIRECT 90W 2700K 220V, 18W/M, 240LEDS/M, 5M, IP65, IRC 80;95.85;9.75;32
LM3428;;LED DIRECT 90W 4000K 220V, 18W/M, 240LEDS/M, 5M, IP65, IRC 80;95.85;9.75;32
LM3429;;LED DIRECT 90W 6000K 220V, 18W/M, 240LEDS/M, 5M, IP65, IRC 80;95.85;9.75;32
LM3438;;LED DIRECT 900W 2700K 127V, 18W/M, 240LEDS/M, 50M, IP65, IRC 80;754.20;9.75;32
LM3434;;LED DIRECT 900W 2700K 220V, 18W/M, 240LEDS/M, 50M, IP65, IRC 80;754.20;9.75;32
LM3436;;LED DIRECT 900W 4000K 220V, 18W/M, 240LEDS/M, 50M, IP65, IRC 80;754.20;9.75;32
LM3437;;LED DIRECT 900W 6000K 220V, 18W/M, 240LEDS/M, 50M, IP65, IRC 80;754.20;9.75;32
LM3634;;LED DIRECT 50W 3000K 127V, 10W/M, 120LEDS/M, 5M, IP65, IRC 80;75.80;9.75;32
LM3637;;LED DIRECT 50W 4000K 127V, 10W/M, 120LEDS/M, 5M, IP65, IRC 80.;38.35;9.75;32
LM2442;;LED DIRECT 50W 4000K 127V, 10W/M, 120LEDS/M, 5M, IP65, IRC 80;71.85;9.75;32
LM3635;;LED DIRECT 50W 6000K 127V, 10W/M, 120LEDS/M, 5M, IP65, IRC 80;75.80;9.75;32
LM2801;;LED DIRECT 50W 3000K 220V, 10W/M, 120LEDS/M, 5M, IP65, IRC 80;71.85;9.75;32
LM3206;;LED DIRECT 50W 4000K 220V, 10W/M, 120LEDS/M, 5M, IP65, IRC 80;71.85;9.75;32
LM3208;;LED DIRECT 50W 6000K 220V, 10W/M, 120LEDS/M, 5M, IP65, IRC 80;71.85;9.75;32
LM2441;;LED DIRECT 500W 4000K 127V, 10W/M, 120LEDS/M, 50M, IP65, IRC 80;759.45;9.75;32
LM2569;;LED DIRECT 500W 6000K 127V, 10W/M, 120LEDS/M, 50M, IP65, IRC 80;759.45;9.75;32
LM3638;;LED DIRECT 500W 6000K 127V, 10W/M, 120LEDS/M, 50M, IP65, IRC 80.;383.35;9.75;32
LM3636;;LED DIRECT 500W 3000K 220V, 10W/M, 120LEDS/M, 50M, IP65, IRC 80.;333.35;9.75;32
LM3205;;LED DIRECT 500W 4000K 220V, 10W/M, 120LEDS/M, 50M, IP65, IRC 80;759.45;9.75;32
LM3207;;LED DIRECT 500W 6000K 220V, 10W/M, 120LEDS/M, 50M, IP65, IRC 80;688.80;9.75;32
LM3629;;FITA-REDE ELETRICA PARA FITA LED DIRECT 127V OU 220V IP65 (PACOTE COM 5PCS);22.10;9.75;32
LM2473;;JUNCAO, ACABAMENTO E FIXACAO PARA FITA LED DIRECT;3.95;9.75;32
LM3631;;JUNCAO, ACABAMENTO E FIXACAO PARA FITA LED DIRECT;3.95;9.75;32
LM522;;LED 10W 6000K 127V 2M - IP65 - ACOMPANHA PLUG;17.20;9.75;32
LM523;;LED 10W 2700K 220V 2M - IP65 - ACOMPANHA PLUG;17.20;9.75;32
LM524;;LED 10W 6000K 220V 2M - IP65 - ACOMPANHA PLUG;17.20;9.75;32
LM266;;LED 25W 2700K 127V 5M - IP65;34.95;9.75;32
LM267;;LED 25W 6000K 127V 5M - IP65;34.95;9.75;32
LM458;;LED 25W 2700K 220V 5M - IP65;28.80;9.75;32
LM459;;LED 25W 6000K 220V 5M - IP65;30.30;9.75;32
LM823;;DE LED, 5W/M, 4000K, 127V, 100M - IP65 - ACOMPANHA PLUG;302.90;9.75;32
LM824;;DE LED, 5W/M, 4000K, 220V, 100M - IP65 - ACOMPANHA PLUG;317.10;9.75;32
LM528;;LED 500W 6000K 127V 100M - IP65;287.80;9.75;32
LM530;;LED 500W 6000K 220V 100M- IP65;302.90;9.75;32
LM3524;;LED 72W 14,4W/M 120LEDS/M 2700K 127V 5M - IP65;51.40;9.75;32
LM3525;;LED 72W 14,4W/M 120LEDS/M 6000K 127V 5M - IP65;51.40;9.75;32
LM3528;;LED 72W 14,4W/M 120LEDS/M 2700K 220V 5M - IP65;54.99;9.75;32
LM3529;;LED 72W 14,4W/M 120LEDS/M 6000K 220V 5M - IP65;54.99;9.75;32
LM3526;;LED 1440W 14,4W/M 120LEDS/M 2700K 127V 100M - IP65;928.25;9.75;32
LM3527;;LED 1440W 14,4W/M 120LEDS/M 6000K 127V 100M - IP65;928.25;9.75;32
LM3530;;LED 1440W 14,4W/M 120LEDS/M 2700K 220V 100M - IP65;675.55;9.75;32
LM3531;;LED 1440W 14,4W/M 120LEDS/M 6000K 220V 100M - IP65;928.25;9.75;32
LM531;;LED 1440W 2700K 127V 100M - IP65;1076.95;9.75;32
LM819;;DE LED, 14,4W/M, 4000K, 127V, 100M - IP65 - ACOMPANHA PLUG;817.55;9.75;32
LM532;;LED 1440W 6000K 127V 100M - IP65;1076.95;9.75;32
LM820;;LED 1440W 4000K 220V 14,4W/M 100M IP65 ACOMPANHA PLUG;466.65;9.75;32
LM535;;LED 1440W 6000K 220V 100M - IP65;665.55;9.75;32
LM2774;;LED 40W 4000K AC 127V, 8W/M, COB, 5M, IP65 - ACOMPANHA PLUG;77.85;9.75;32
LM2775;;LED 40W 6000K AC 127V, 8W/M, COB, 5M, IP65 - ACOMPANHA PLUG;77.85;9.75;32
LM927;;LED NEON 40W VERMELHO 220V, 8W/M, 5M, IP65, ACOMPANHA PLUG;64.55;9.75;32
LM293;;BIVOLT 4A PARA FITA LED 127V OU 220V LED 2835 EXCETO RGB;10.45;9.75;33
LM689;;BIVOLT 4A PARA FITA LED 127V OU 220V LED 5050 EXCETO RGB;12.30;9.75;33
LM3532;;BIVOLT 4A PARA FITA LED 127V OU 220V 120LEDS/M LED 2835 EXCETO RGB IP;9.05;9.75;33
LM669;;RGB AC 220V - COM CONTROLE REMOTO;17.55;9.75;33
LM1155;;RGB AC 220V - COM CONTROLE REMOTO, PARA FITA LED;42.70;9.75;33
LM803;;PARA FITA DE LED DOUBLE LINE 14,8W/M - LED 2835, EXCETO RGB;5.80;9.75;33
LM2776;;BIVOLT 4A PARA FITA LED COB 127V OU 220V EXCETO RGB;10.15;9.75;33
LM694;;CONECTOR PARA JUNÇÃO DAS FITAS DE LED 127V OU 220V LED 2835 - EXCETO RGB;6.75;9.75;33
LM695;;CONECTOR JUNÇÃO FITAS LED 127V OU 220V LED 5050 - EXCETO RGB;5.85;9.75;33
LM3533;;CONECTOR PARA JUNÇÃO DAS FITAS DE LED 127V OU 220V 120LEDSM LED 2835 - EXCETO RGB IP;4.95;9.75;33
LM1156;;CONECTOR PARA JUNÇÃO DAS FITAS DE LED 127V OU 220V LED 5050 RGB;4.90;9.75;33
LM697;;FIXAÇÃO PARA FITAS IP65 - 127V OU 220V;14.20;9.75;33
LM3561;;LED 4W 2700K 127V/220V IRC 90;7.50;6.50;33
LM3463;;LED 3,5W 3000K 127-220V IRC 90;7.50;6.50;33
LM3464;;LED 3,5W 4000K 127-220V IRC 90;7.50;6.50;33
LM3562;;LED 4W 2700K 127V/220V IRC 90 DIMERIZAVEL;17.65;6.50;33
LM2621;;LED 3,5W 3000K 127-220V IRC 90 - DIMERIZAVEL;23.90;6.50;33
LM2516;;GU10 LED 6W 2700K 127/220V 10° IRC90;7.65;6.50;33
LM2517;;GU10 LED 6W 3000K 127/220V 10° IRC90;7.65;6.50;33
LM3563;;GU10 LED 7W 2700K 127V/220V IRC 90;7.20;6.50;33
LM2482;;GU10 LED 7W 3000K 127V/220V IRC 90;7.20;6.50;33
LM3465;;GU10 LED 7W 4000K 127V/220V IRC 90;7.20;6.50;33
LM3564;;GU10 LED 7W 2700K 127V/220V IRC 90 DIMERIZAVEL;25.85;6.50;33
LM2622;;GU10 LED 7W 3000K 127V/220V IRC 90 - DIMERIZAVEL;30.10;6.50;33
LM3567;;LED 4,8W 2700K 127V/220V IRC 90;16.95;6.50;33
LM2628;;LED 4,8W 3000K 127V/220V IRC 90;17.30;6.50;33
LM3466;;LED 4,8W 4000K 127V/220V IRC 90;17.30;6.50;33
LM2625;;LED 4,8W 3000K 127/220V IRC 90 - DIMERIZAVEL;26.55;6.50;33
LM3568;;LED 4,8W 2700K 127V/220V IRC 90 DIMERIZAVEL;26.55;6.50;33
LM2484;;LED 12W 3000K BASE GU10 127/220V REFLETORA IRC90;34.99;6.50;33
LM3467;;LED 12W 4000K BASE GU10 127/220V REFLETORA IRC90;34.99;6.50;33
LM3545;;LED 15W 2700K BASE GU10 127/220V REFLETORA 15° IRC90;32.05;6.50;33
LM3546;;LED 15W 3000K BASE GU10 127/220V REFLETORA 15° IRC90;32.05;6.50;33
LM3547;;LED 15W 4000K BASE GU10 127/220V REFLETORA 15° IRC90;32.05;6.50;33
LM2626;;LED 12W 3000K 127/220V IRC 90 - DIMERIZAVEL;43.20;6.50;33
LM3565;;LED 7W 2700K 127V/220V IRC 90;9.55;6.50;33
LM2489;;LED 7W 3000K 127/220V IRC 90;9.80;6.50;33
LM3536;;LED 7W 4000K 127/220V IRC 90;9.60;6.50;33
LM3566;;LED 7W 2700K 127V/220V IRC 90 DIMERIZAVEL;27.50;6.50;33
LM2623;;LED 7W 3000K 127/220V IRC 90 - DIMERIZAVEL;28.80;6.50;33
LM3552;;LED 10W 3000K 127V/220V IRC90;14.15;6.50;33
LM3468;;LED 10W 2700K 127V/220V IRC 90;15.45;6.50;33
LM3469;;LED 10W 4000K 127V/220V IRC90;14.15;6.50;33
LM2624;;LED 9,8W 3000K 127/220V IRC 90 - DIMERIZAVEL;38.80;6.50;33
LM561;;4W 2700K 127/220V;5.99;6.50;33
LM2121;;4W 3000K 127/220V;5.99;6.50;34
LM962;;4W 4000K 127/220V;5.99;6.50;34
LM564;;4W 6000K 127/220V;5.99;6.50;34
LM562;;4W 2700K 127V - DIMERIZAVEL;11.65;6.50;34
LM563;;4W 2700K 220V - DIMERIZAVEL;11.65;6.50;34
LM040;;GU10 LED 4,5W 2700K 127V/220V;5.30;6.50;34
LM2122;;GU10 LED 4,5W 3000K 127V/220V;5.30;6.50;34
LM609;;GU10 LED 4,5W 4000K 127V/220V;5.30;6.50;34
LM041;;GU10 LED 4,5W 6000K 127V/220V;5.30;6.50;34
LM1423;;LED GU10 4,9W 2700K 127/220V;7.35;6.50;34
LM1424;;LED GU10 4,9W 4000K 127/220V;7.35;6.50;34
LM1425;;LED GU10 4,9W 6000K 127/220V;7.05;6.50;34
LM2487;;GU10 LED 6W 2700K 127/220V 10°;7.65;6.50;34
LM2488;;GU10 LED 6W 3000K 127/220V 10°;7.65;6.50;34
LM1180;;GU10 LED 6,5W 2700K 127/220V;5.95;6.50;34
LM2123;;LED GU10 6,5W 3000K 127V/220V;5.95;6.50;34
LM1181;;GU10 LED 6,5W 4000K 127/220V;5.95;6.50;34
LM414;;LED 6,5W 6500K127V/220V;5.90;6.50;34
LM173;;GU10 LED 7W 2700K 127V/220V;5.90;6.50;34
LM2627;;GU10 LED 7W 3000K 127V/220V IRC 80;5.99;6.50;34
LM1426;;GU10 LED 7W 4000K 127V/220V;5.90;6.50;34
LM174;;GU10 LED 7W 6000K 127V/220V;5.90;6.50;34
LM149;;LED GU10 8W 2700K 127V/220V;7.70;6.50;34
LM1427;;LED GU10 8W 4000K 127/220V;7.70;6.50;34
LM076;;LED GU10 8W 6000K 127V/220V;7.70;6.50;34
LM150;;LED GU10 8W 2700K 127V - DIMERIZAVEL;11.60;6.50;34
LM503;;GU10 LED 8W 2700K 220V - DIMERIZAVEL;11.60;6.50;34
LM713;;LED 3,5W RGB 127/220V - COM CONTROLE REMOTO;41.40;6.50;34
LM486;;LED, DRIVER EXTERNO SEM BASE 7W 2700K 127-220V;11.60;9.75;34
LM655;;LED REFLETORA 4,8W 2700K BASE GU10 127/220V;14.20;6.50;34
LM1420;;REFLATORA GU10 4,8W 127-220V 4000K 24°;13.90;6.50;34
LM1413;;LED REFLETORA 7W 2700K BASE GU10 127V/220V 12°;16.70;6.50;34
LM381;;LED REFLETORA 7W 2700K BASE GU10 127V/220V;14.20;6.50;34
LM1437;;LED REFLETORA 7W 4000K BASE GU10 127/220V 24°;14.20;6.50;34
LM659;;LED REFLETORA 4,8W 2700K BASE GU10 127/220V- DIMERIZAVEL;33.20;6.50;34
LM487;;LED, DRIVER EXTERNO SEM BASE 10W 2700K 127-220V;25.45;9.75;34
LM513;;LED 12W 2700K BASE GU10 127V/220V;17.20;6.50;34
LM3548;;LED 15W 2700K BASE GU10 127/220V REFLETORA 15°;30.50;6.50;34
LM3549;;LED 15W 3000K BASE GU10 127/220V REFLETORA 15°;30.50;6.50;34
LM3550;;LED 15W 4000K BASE GU10 127/220V REFLETORA 15°;30.50;6.50;34
LM1415;;LED 12W 2700K BASE GU10 127/220V REFLETORA 8°;28.95;6.50;34
LM307;;LED 12W 2700K BASE GU10 127/220V REFLETORA;28.95;6.50;34
LM1440;;LED 12W 4000K BASE GU10 127/220V REFLETORA 24°;32.65;6.50;34
LM1441;;LED 12W 6000K BASE GU10 127/220V REFLETORA 24°;32.65;6.50;34
LM661;;REFLATORA GU10 12W 127-220V 2700K 12 DIMERIZÁVEL;49.77;6.50;34
LM1433;;4,9W 2700K 127/220V;10.20;6.50;34
LM1434;;4,9W 4000K 127/220V;10.20;6.50;34
LM1435;;4,9W 6000K 127/220V;10.70;6.50;34
LM501;;6W 2700K 127/220V IP65;8.50;6.50;34
LM2125;;6W 3000K 127/220V IP65;8.50;6.50;35
LM624;;6W 4000K 127/220V;8.50;6.50;35
LM502;;6W 6000K 127V/220 IP65;8.50;6.50;35
LM622;;6,5W 2700K 127/220V;8.75;6.50;35
LM2124;;6,5W 3000K 127/220V;8.50;6.50;35
LM1430;;6,5W 4000K 127/220V;8.50;6.50;35
LM1429;;7W 2700K 127/220V DIMERIZÁVEL;28.45;6.50;35
LM161;;LED 6W GREEN 127/220V IP65;9.35;6.50;35
LM162;;LED 6W BLUE 127/220V IP65;9.35;6.50;35
LM163;;LED 6W AMBAR 127/220V IP65;9.35;6.50;35
LM2485;;LED 9,8W 3000K 127/220V IRC 80;14.70;6.50;35
LM170;;LED 10W 2700K 127V/220V IP65;14.70;6.50;35
LM1029;;30 LED 10W 4000K 127/220V;14.70;6.50;35
LM277;;LED 10W 6000K 127/220V IP65;14.70;6.50;35
LM1417;;CDMR LED 20W 2700K 127/220V;61.90;6.50;35
LM1418;;CDMR LED 20W 4000K 127/220V;61.90;6.50;35
LM3543;;CDMR LED 35W 2700K 127/220V;79.10;6.50;35
LM3544;;CDMR LED 35W 4000K 127/220V;79.10;6.50;35
LM171;;LED 10W GREEN 127/220V IP65;16.70;6.50;35
LM552;;LED 10W BLUE 127/220V IP65;16.70;6.50;35
LM553;;LED 10W AMBAR 127/220V IP65;14.35;6.50;35
LM186;;LED 15W 2700K 127/220V IP65;28.95;6.50;35
LM2486;;LED 15W 3000K 127/220V IRC 80;28.95;6.50;35
LM1030;;38 LED 15W 4000K 127/220V;23.20;6.50;35
LM278;;LED 15W 6000K 127/220V IP65;30.15;6.50;35
LM172;;LED 15W GREEN 127/220V IP65;27.20;6.50;35
LM554;;LED 15W BLUE 127/220V IP65;27.20;6.50;35
LM555;;LED 15W AMBAR 127/220V IP65;29.25;6.50;35
LM1449;;LED 1,5W 2700K 127V/220V;4.85;6.50;35
LM1450;;LED 1,5W 4000K 127V/220V;4.85;6.50;35
LM1451;;LED 1,5W 6000K 127V/220V;4.85;6.50;35
LM168;;LED 6W 2700K 127V/220V;7.40;6.50;35
LM965;;LED 6W 4000K 127V/220V;7.40;6.50;35
LM169;;LED 6W 6000K 127V/220V;7.40;6.50;35
LM2101;;LED 1W VERMELHA 127V/220V;5.40;6.50;35
LM2103;;LED 1W VERDE 127V/220V;5.40;6.50;35
LM2102;;LED 1W AZUL 127V/220V;5.40;6.50;35
LM2105;;LED 1W ROSA 127V/220V;5.40;6.50;35
LM2104;;LED 1W AMBAR 127V/220V;5.40;6.50;35
LM2106;;LED 1W ROXA 127V/220V;5.40;6.50;35
LM279;;LED 6W VERMELHA 127V/220V;8.20;6.50;35
LM280;;LED 6W VERDE 127V/220V;8.20;6.50;35
LM281;;LED 6W AZUL 127V/220V;8.20;6.50;35
LM754;;LED 6W ROSA 127V/220V;8.20;6.50;35
LM282;;LED 6W AMBAR 127V/220V;8.20;6.50;35
LM509;;LED 2W 2700K 127V;8.25;6.50;35
LM511;;LED 2W 6000K 127V;8.25;6.50;36
LM510;;LED 2W 2700K 220V;8.25;6.50;36
LM512;;LED 2W 6000K 220V;8.25;6.50;36
LM177;;LED 3W 2700K 127V;13.99;6.50;36
LM2989;;LED 3W 3000K 127V;13.25;6.50;36
LM1193;;LED 3W 4000K 127V;13.15;6.50;36
LM178;;LED 3W 6000K 127V;13.15;6.50;36
LM175;;LED 3W 2700K 220V;13.15;6.50;36
LM2988;;LED 3W 3000K 220V;13.25;6.50;36
LM1194;;LED 3W 4000K 220V;13.15;6.50;36
LM176;;LED 3W 6000K 220V;13.15;6.50;36
LM1452;;LED 4,8W 2700K 127/220V;12.10;6.50;36
LM2990;;LED 4,8W 3000K 127/220V;12.10;6.50;36
LM1453;;LED 4,8W 4000K 127/220V;12.10;6.50;36
LM1454;;LED 4,8W 6000K 127/220V;12.10;6.50;36
LM1464;;COB LED 2,5W 127V 2700K;10.20;6.50;36
LM1466;;COB LED 2,5W 127V 6500K;10.20;6.50;36
LM1465;;COB LED 2,5W 220V 2700K;10.75;6.50;36
LM1467;;COB LED 2,5W 220V 6500K;5.20;6.50;36
LM1468;;COB LED 4W 127V 2700K;12.50;6.50;36
LM1470;;COB LED 4W 127V 6500K;12.50;6.50;36
LM1469;;COB LED 4W 220V 2700K;12.50;6.50;36
LM1471;;COB LED 4W 220V 6500K;7.65;6.50;36
LM305;;PALITO LED 5W 2700K 127/220V;17.50;6.50;36
LM306;;PALITO LED 8W 2700K 127/220V;26.45;6.50;36
LM698;;LED LEITOSA B35 E14 4,5W 3000K 127/220V;7.85;6.50;36
LM1455;;LED LEITOSA E14 4,5W 4000K 127/220V;7.70;6.50;36
LM644;;LED LEITOSA E14 4,5W 6000K 127/220V;7.85;6.50;36
LM968;;LED CRISTAL E14 4,5W 2700K 127/220V;7.85;6.50;36
LM969;;LED CRISTAL E14 4,5W 4000K 127/220V;7.85;6.50;36
LM970;;LED CRISTAL E14 4,5W 6000K 127/220V;7.70;6.50;36
LM185;;LED LEITOSA E14 E27 6W 2700K 127/220V;8.65;6.50;36
LM964;;LED E14+E27 6W 4000K LEITOSO 127/220V;8.65;6.50;36
LM296;;LED LEITOSA E14+E27 6W 6000K 127/220V;8.65;6.50;36
LM082;;LED E14+E27 6W 2700K 127/220V;8.65;6.50;36
LM963;;LED E14+E27 6W 4000K CRISTAL 127/220V;8.65;6.50;36
LM167;;LED E14+E27 6W 6000K 127/220V;8.65;6.50;36
LM181;;BALLOON LED 8W 2700K 127/220V;12.50;6.50;36
LM966;;BALLOON LED 8W 4000K 127/220V;12.50;6.50;36
LM182;;BALLOON LED 8W 6000K 127/220V;12.50;6.50;36
LM1446;;LED 11W 2700K 127/220V;15.40;6.50;36
LM1447;;LED 11W 4000K 127/220V;15.40;6.50;36
LM1448;;LED 11W 6000K 127/220V;15.40;6.50;36
LM083;;LED 14W 2700K 127V/220V;20.60;6.50;36
LM967;;LED 14W 4000K 127V/220V;20.60;6.50;36
LM084;;LED 14W 6000K 127V/220V;20.60;6.50;36
LM165;;LED 10W 2700K 127/220V;25.05;6.50;36
LM1406;;LED 9W 4000K 127/220V;25.05;6.50;36
LM166;;LED 10W 6000K 127V/220V;25.05;6.50;36
LM517;;LED FILAMENTO 2,5W 2700K 127V;8.80;6.50;36
LM518;;LED FILAMENTO 2,5W 2700K 220V;8.80;6.50;36
LM665;;LED FILAMENTO E27 4W 2700K 127/220V;11.90;6.50;36
LM668;;LED FILAMENTO E27 4W 127/220V 2700K;13.80;6.50;37
LM1092;;LED FILAMENTO CRISTAL E27 4W 2700K 127/220V;9.25;6.50;37
LM903;;LED FILAMENTO E14 4W 2700K 127/220V;10.90;6.50;37
LM901;;BALLOON LED FILAMENTO E27 4W 127-220V 2700K;15.85;6.50;37
LM902;;LED FILAMENTO E27 4W 127-220V 2700K;18.55;6.50;37
LM954;;LED FILAMENTO E27 2W, AMBAR, 127/220V;8.30;6.50;37
LM557;;LED FILAMENTO 4W AMBAR 127V/220V;10.90;6.50;37
LM858;;LED FILAMENTO 6W AMBAR 127V DIMERIZAVEL;15.30;6.50;37
LM556;;LED FILAMENTO E14+E27 2W AMBAR 127/220V;12.15;6.50;37
LM559;;BALLOON LED FILAMENTO 4W AMBAR 127/220V;13.80;6.50;37
LM560;;LED FILAMENTO 4W AMBAR 127/220V;18.90;6.50;37
LM558;;LED FILAMENTO 4W AMBAR 127V/220V;11.95;6.50;37
LM1062;;LED FILAMENTO DEFLETORA DOURADA 4W LUZ AMBAR 127/220V E27;15.10;6.50;37
LM1063;;LED FILAMENTO DEFLETORA ROSE 4W LUZ AMBAR 127/220V E27;16.55;6.50;37
LM1064;;LED FILAMENTO DEFLETORA CROMADA 4W LUZ AMBAR 127/220V E27;19.75;6.50;37
LM1065;;LED FILAMENTO DEFLETORA DOURADA 4W LUZ AMBAR 127/220V E27;17.45;6.50;37
LM1067;;LED FILAMENTO FUME 4W LUZ AMBAR 127/220V E27;16.15;6.50;37
LM1085;;LED FLINT FILAMENTO 4W CORPO FUMÊ LUZ ÂMBAR 127/220V;59.35;6.50;37
LM1086;;LED LAB FILAMENTO 8W CORPO ÂMBAR LUZ ÂMBAR 127/220V;59.25;6.50;37
LM583;;LED 9W 3000K 127V/220V;3.10;6.50;37
LM571;;LED 9W 4000K 127V/220V;3.10;6.50;37
LM584;;LED 9W 6500K 127V/220V;3.10;6.50;37
LM391;;LED A60 12W 3000K 127V/220V;3.85;6.50;37
LM887;;LED A60 12W 4000K 127V/220V;3.85;6.50;37
LM743;;LED A60 E27 12W 6500K 127/220V;3.85;6.50;37
LM786;;LED 15W 3000K 127/220V;4.30;6.50;37
LM758;;LED 15W 4000K 127-220V E27;4.30;6.50;37
LM744;;LED A60 E27 15W 6500K 127-220V;4.30;6.50;37
LM1402;;LED 9W 4000K 220V - DIMERIZAVEL;13.05;6.50;37
LM256;;LED 10W 2700K 127V - DIMERIZAVEL;13.05;6.50;37
LM257;;LED 10W 6000K 127V - DIMERIZAVEL;13.05;6.50;37
LM258;;LED 10W 2700K 220V - DIMERIZAVEL;13.05;6.50;37
LM259;;LED 10W 6000K 220V - DIMERIZAVEL;13.05;6.50;37
LM210;;LED 10W VERMELHA 127V/220V;9.20;6.50;37
LM211;;LED 10W VERDE 127V/220V;9.20;6.50;37
LM212;;LED 10W AZUL 127V/220V;9.20;6.50;37
LM755;;LED 10W ROSA 127V/220V;9.20;6.50;37
LM213;;LED 10W AMBAR 127V/220V;9.20;6.50;37
LM340;;LED 3,5W 127V/220V RGB - COM CONTROLE REMOTO;31.99;6.50;37
LM778;;LED HIGH POWER 20W 6500K 127-220V E27;4.85;6.50;37
LM782;;LED HIGH POWER 30W 6500K 127-220V E27;7.99;6.50;37
LM677;;POWER LED E27 42W 127/220V 6500K;11.40;6.50;38
LM785;;LED HIGH POWER 50W 6500K 127-220V E27;13.55;6.50;38
LM1235;;POWER LED 70W 6500K 127/220V;36.55;6.50;38
LM2554;;POWER LED 100W 6500K 127/220V;48.80;6.50;38
LM3474;;PARA LÂMPADA BUCAL E27 (CX25);34.50;9.75;38
LM1264;;PARA LÂMPADA BUCAL GU10 (CX 1000 PCS);1225.35;9.75;38
LM708;;LED G5 10W 3000K 127V/220V;12.75;6.50;38
LM1031;;LED G5 10W 4000K 127-220V;12.75;6.50;38
LM709;;LED G5 10W 6500K 127/220V;12.75;6.50;38
LM710;;LED G5 20W 3000K 127/220V;16.60;6.50;38
LM711;;LED G5 20W 4000K 127/220V;16.60;6.50;38
LM712;;LED G5 20W 6500K 127/220V;16.60;6.50;38
LM3289;;LED G5 26W 4000K 127/220V;37.20;6.50;38
LM3290;;LED G5 26W 6500K 127/220V;37.20;6.50;38
LM437;;LED 10W 3000K 127/220V;6.95;6.50;38
LM575;;LED 10W 4000K 127/220V;6.95;6.50;38
LM438;;LED 10W 6500K 127/220V;6.95;6.50;38
LM596;;LED 20W 3000K 127/220V;7.80;6.50;38
LM577;;LED TUBE 20W 4000K 127V/220V;7.80;6.50;38
LM579;;LED 20W 6500K 127/220V;8.15;6.50;38
LM3056;;HO LED 2,4M 65W 6500K 127/220V;33.30;6.50;38
LM2693;;INTERRUPTOR 1 CIRCUITO POT. MAX 250W 127/220V LINHA SMART;52.90;9.75;38
LM2694;;INTERRUPTOR 2 CIRCUITOS POT. MAX 2X250W 127/220V LINHA SMART;69.10;9.75;38
LM2695;;DIMMER LED 2 CIRCUITOS POT. 10W A 150W 127/220V LINHA SMART;104.10;9.75;38
LM2699;;CONTROLADOR 5 CIRCUITOS POT. MAX 72W PARA FITAS LED 12/24V LINHA SMART;49.65;9.75;38
OR1209;;QUADRA LED 34W - 3000K - BRANCO FOSCO;529.99;9.75;38
OR1993;;TÉGOLA 16W - LED - BRANCO E PRETO - 3000K;421.30;9.75;38
OR1994;;TENDA 21W - LED - BRANCO E PRETO - 3000K;553.70;9.75;38
OR1503;;ANELLI - 49W - LED - COBRE - 3000K;976.10;9.75;38
OR2102;;ANNE 32W - LED - DOURADO - 3000K;1516.65;9.75;38
OR1997;;ARENA 53W - LED - DOURADO - 3000K;830.55;9.75;38
OR1186;;ASTRO 10XG9 FUMÊ - DOURADO;529.99;15.00;38
OR1991;;AUREA 54W - LED - DOURADO - 3000K;1322.85;9.75;38
OR1822;;BASILISCO 60W - LED - ROSÉ GOLD - 3000K;480.30;9.75;39
OR1265;;BLOW 12XG9 ACETINADO - PTF - BZ;430.10;15.00;39
OR1241;;BOLLA LED 20W - 3000K - ÂMBAR - CR;322.30;9.75;39
OR1242;;BOLLA LED 30W - 3000K - FUMÊ - CR;377.30;9.75;39
OR1986;;RAGNO 15W - LED - PRETO E DOURADO - 3000K;1202.50;9.75;39
OR2108;;EVA 10W - LED - BRANCO/COBRE - 3000K;337.05;9.75;39
OR1244;;BUBBLE 6P LED 24W - OPALINO - CR;377.30;9.75;39
OR1246;;BUBBLE 3A LED 12W - OPALINO - CR;214.50;9.75;39
OR1820;;CABLATA 36W - LED - ROSÉ GOLD - 3000K;485.10;9.75;39
OR1983;;CASSENA 34W - LED - DOURADO - 3000K;961.75;9.75;39
OR1495;;DIAGON - 1XE27 - 200MM DIÂMETRO;183.25;15.00;39
OR1497;;DIAGON - 1XE27 - 300MM DIÂMETRO;379.15;15.00;39
OR2105;;GAIL 5W - LED - COBRE/PRETO - 3000K;312.95;9.75;39
OR1763;;KING III 12W - LED - DOURADO - 3000K;106.70;9.75;39
OR1778;;MATITA 9XG9 - CROMADO/TRANSPARENTE;842.60;15.00;39
OR2115;;NINA 7W - LED - DOURADO - 3000K;239.55;9.75;39
OR2116;;NINA 7W - LED - MARINHO - 3000K;239.55;9.75;39
OR1640;;OCCHIO ROSE GOLD - 1XG9 - 200MM DIÂMETRO;179.55;15.00;40
OR1642;;OCCHIO DOURADO- 1XG9 - D200XH1500MM - BASE MARMORE;409.25;9.75;40
OR1192;;PAN 4XG9 ROSÊ GOLD - PTF;317.55;15.00;40
OR2144;;PASSANT I - 44W - LED - PRETO E DOURADO - BRANCO QUENTE;1624.99;9.75;40
OR2145;;PASSANT II - 26W - LED - PRETO E DOURADO - BRANCO QUENTE;902.80;9.75;40
OR2131;;PEI 48W - LED - DOURADO - 3000K;589.80;9.75;40
OR1984;;PICCI 46W - LED - DOURADO - 3000K;782.40;9.75;40
OR1992;;PIOVERE 51W - LED - DOURADO - 3000K;1202.50;9.75;40
OR1502;;PROFILLO - 40W - LED - DOURADO - 3000K;529.65;9.75;40
OR1774;;SOGNO 47W - LED - BRANCO - 3000K;842.60;9.75;40
OR1771;;RINGUER 102W - LED - DOURADO - 3000K - 1000MM;1685.20;9.75;40
OR1506;;SCRIBBLE CONO 80W - LED - DOURADO - 3000K;841.40;9.75;40
OR1637;;SCRIBBLE LINEA 80W - LED - DOURADO - 3000K;841.40;9.75;40
OR1764;;SORELLE 38W - LED - PRETO/DOURADO - 3000K;547.70;9.75;40
OR1221;;TAZZA25 1XE27 ROSÊ GOLD;214.50;15.00;40
OR1222;;TAZZA18 1XE27 ROSÊ GOLD;161.70;15.00;40
OR1223;;TAZZA22 1XE27 FUME - DOURADO - DOU;214.50;15.00;41
OR1232;;VINO200 1XE27 FUMÊ - PT - PTF;239.55;15.00;41
OR1234;;VINO200 1XE27 ROSÊ GOLD - PT - PTF;295.20;15.00;41
OR1210;;WING LED 32W - 3000K - CROMADO;537.90;9.75;41
OR1638;;CAVUTTI - 20W - LED - PRETO FOSCO - 3000K;391.20;9.75;41
OR1639;;CROTTA - 30W - LED - PRETO FOSCO - 3000K;524.10;9.75;41
OR1202;;CUPOLA 2XG9 PTF;214.50;15.00;41
OR1203;;CUPOLA 4XG9 PTF;430.10;15.00;41
OR1196;;ELLI 1XE27 OPALINO - PTF;423.80;15.00;41
LM2980;;LED PENDENTE HIVE 9W 3000K 127-220V PRETO;77.65;9.75;41
OR2109;;ISA 80W - LED - PRETO - 3000K;480.30;9.75;41
OR2129;;LIZ 7W - LED - BRANCO - 3000K;204.65;9.75;41
OR2130;;LIZ 7W - LED - PRETO - 3000K;204.65;9.75;41
LM1102;;12V 5A 60W 127V DIMERIZÁVEL TRIAC, PARA FITA LED;142.95;3.75;41
LM1103;;12V 5A 60W 220V DIMERIZÁVEL TRIAC, PARA FITA LED;142.95;3.75;41
LM1115;;300W AC100V-240V, PARA FITA LED 12V;63.20;3.75;41
LM1117;;SLIM 24W AC100V-240V, PARA FITA LED 12V;12.25;3.75;41
LM1118;;SLIM 36W AC100V-240V, PARA FITA LED 12V;16.80;3.75;41
LM1119;;SLIM 48W AC100V-240V, PARA FITA LED 12V;20.45;3.75;41
LM1120;;SLIM 60W AC100V-240V, PARA FITA LED 12V;22.30;3.75;41
LM1122;;PRO 36W AC100V-240V, PARA FITA LED 12V;17.65;3.75;41
LM1240;;SLIM 12V 100W 100-240V PARA FITA DE LED;31.25;3.75;41
LM1356;;12V 8,3A 100W 127V DIMERIZÁVEL TRIAC, PARA FITA LED;149.10;3.75;42
LM1357;;12V 8,3A 100W 220V DIMERIZÁVEL TRIAC, PARA FITA LED;149.10;3.75;42
LM1358;;12V 12,5A 150W 127V DIMERIZÁVEL TRIAC, PARA FITA LED;148.55;3.75;42
LM1359;;12V 12,5A 150W 220V DIMERIZÁVEL TRIAC, PARA FITA LED;148.55;3.75;42
LM1361;;24V 2.5A 60W 127V DIMERIZÁVEL TRIAC, PARA FITA LED;116.90;3.75;42
LM1362;;SLIM 48W AC127V-220V, PARA FITA LED 24V;20.45;3.75;42
LM1363;;SLIM 60W AC127V-220V, PARA FITA LED 24V;22.30;3.75;42
LM1364;;SLIM 72W AC100V-240V, PARA FITA LED 24V 3A;25.99;3.75;42
LM1463;;SLIM 36W AC127V-220V, PARA FITA LED 24V;16.80;3.75;42
LM1475;;200W AC127V-220V, PARA FITA LED 12V;61.45;3.75;42
LM2126;;SLIM 12V 200W 127V OU 220V PARA FITA DE LED;55.05;3.75;42
LM2127;;SLIM 12V 300W 127V OU 220V PARA FITA DE LED;59.70;3.75;42
LM2128;;SLIM 12V 400W 127V OU 220V PARA FITA DE LED;73.95;3.75;42
LM2129;;PRO 24W AC127V-220V, PARA FITA LED 24V;6.65;3.75;42
LM3831;;LUMINARIA DE LED 3 SPOTS DE EMBUTIR DIRECIONÁVEL 6W 3000K PT/PT DOT-LIGHT CONCENTRADO;0.00;0.00;2
LM3832;;LUMINARIA DE LED 3 SPOTS DE EMBUTIR DIRECIONÁVEL 6W 3000K BC/BC DOT-LIGHT CONCENTRADO;0.00;0.00;2
