referencia;variante;descricao;detalhes;preco_unitario;porcentagem_imposto;pagina
9080;;Arandela Linê P;"Largura: 4cm | Altura: 56cm | Profundidade: 23cm
Fita de Led: 2,7W | 3.000K ou 4.000K | 270 lm | 127V ou 220V
Material: Alumínio e Polímero
Cores: Sólidas e Automotivas";347.00;16.60;1
9081;;Arandela Linê M;"Largura: 4cm | Altura: 80cm | Profundidade: 24cm
Fita de Led: 5,4W | 3.000K ou 4.000K | 540 lm | 127V ou 220V
Material: Alumínio e Vidro
Cores: Sólidas e Automotivas";467.86;16.60;1
9082;;Arandela Linê G;"Largura: 4cm | Altura: 1,20 mt | Profundidade: 25cm
de Led: 10,8W | 3.000K ou 4.000K | 1.080 lm | 127V ou 220V
Material: Alumínio e Vidro
Cores: Sólidas e Automotivas";653.29;16.60;1
9085;;Pendente Linê P;"Largura: 80cm | Altura: 30cm | Profundidade: 3cm
Fita de Led: 9W | 3.000K ou 4.000K | 900 lm | 127V ou 220V
Material: Alumínio e Vidro
Cores: Sólidas e Automotivas";601.78;16.60;1
9086;;Pendente Linê M;"Largura: 1 mt | Altura: 30cm | Profundidade: 3cm
de Led: 12,6W | 3.000K ou 4.000K | 1.260 lm | 127V ou 220V
Material: Alumínio e Vidro
Cores: Sólidas e Automotivas";703.84;16.60;1
9087;;Pendente Linê G;"Largura: 1,20 mt | Altura: 30cm | Profundidade: 3cm
de Led: 16,2W | 3.000K ou 4.000K | 1.620 lm | 127V ou 220V
Material: Alumínio e Vidro
Cores: Sólidas e Automotivas";813.13;16.60;1
9088;;Pendente Linê GG;"Largura: 1,50 mt | Altura: 30cm | Profundidade: 3cm
de Led: 21,6W | 3.000K ou 4.000K | 2.160 lm | 127V ou 220V
Material: Alumínio e Vidro
Cores: Sólidas e Automotivas";994.46;16.60;1
6685;;Pendente Jônica P;"Largura: 40cm | Altura: 40cm | Profundidade: 1,5cm
Fita de Led: 8,4W | 3.000K ou 4.000K | 840 lm | 127V ou 220V
Material: Alumínio e Acrílico Canelado
Cores: Sólidas e Automotivas";615.71;16.60;2
6687;;Pendente Jônica G;"Largura: 60cm | Altura: 60cm | Profundidade: 1,5cm
de Led: 11,2W | 3.000K ou 4.000K | 1.120 lm | 127V ou 220V
Material: Alumínio e Acrílico Canelado
Cores: Sólidas e Automotivas";1076.54;16.60;2
6692;;Pendente Jônica Pila P;"Largura: 40cm | Altura: 75cm | Profundidade: 1,5cm
de Led: 10,5W | 3.000K ou 4.000K | 1.050 lm | 127V ou 220V
Material: Alumínio e Acrílico Canelado
Cores: Sólidas e Automotivas";957.74;16.60;2
6693;;Pendente Jônica Pila M;"Largura: 50cm | Altura: 65cm | Profundidade: 1,5cm
de Led: 11,9W | 3.000K ou 4.000K | 1.190 lm | 127V ou 220V
Material: Alumínio e Acrílico Canelado
Cores: Sólidas e Automotivas";674.78;16.60;2
6696;;Pendente Jônica Front;"Largura: 1,40 mt | Altura: 40cm | Profundidade: 1,5cm
de Led: 22,4W | 3.000K ou 4.000K | 2.240 lm | 127V ou 220V
Material: Alumínio e Acrílico Canelado
Cores: Sólidas e Automotivas";1760.94;16.60;2
6700;;Arandela Hayla P;"Largura: 10cm| Altura: 50cm| Profundidade: 5,5cm
Fita de Led: 12,6W | 3.000K ou 4.000K | 1.260 lm | 127V ou 220V
Material: Alumínio e Pedra Ônix
Cores: Sólidas, Automotivas e Especiais";853.10;16.60;2
6701;;Arandela Hayla G;"Largura: 10cm| Altura: 1,10m| Profundidade: 5,5cm
Fita de Led: 34,2W | 3.000K ou 4.000K | 3.420 lm | 127V ou 220V
Material: Alumínio e Pedra Ônix
Cores: Sólidas, Automotivas e Especiais";1653.49;16.60;2
6704;;Arandela Hayla Dupla;"Largura: 15cm| Altura: 37cm| Profundidade: 9cm
Base: G-9 02 -Lâmpadas Halopin
Material: Alumínio e Pedra Ônix
Cores: Sólidas, Automotivas e Especiais";841.21;16.60;2
6705;;Arandela Hayla Simples;"Largura: 15cm| Altura: 50cm| Profundidade: 9cm
Base: G-9 02 -Lâmpadas Halopin
Material: Alumínio e Pedra Ônix
Cores: Sólidas, Automotivas e Especiais";1103.30;16.60;2
6712;;Pendente Hayla P;"Largura: 50cm| Altura: 10cm| Profundidade: 12cm
Fita de Led: 9,8W | 3.000K ou 4.000K | 980 lm | 127V ou 220V
Material: Alumínio e Pedra Ônix
Cores: Sólidas, Automotivas e Especiais";1794.51;16.60;3
6713;;Pendente Hayla G;"Largura: 1,10m| Altura: 10cm| Profundidade: 12cm
Fita de Led: 26,6W | 3.000K ou 4.000K | 2.660 lm | 127V ou 220V
Material: Alumínio e Pedra Ônix
Cores: Sólidas, Automotivas e Especiais";3567.55;16.60;3
6717;;Lustre Hayla;"Largura: 85cm| Altura: 35cm| Profundidade: 50cm
Base: G-9 10-Lâmpadas Halopin
Material: Alumínio, Acrílico e Pedra Ônix
Cores: Sólidas, Automotivas e Especiais";10130.88;16.60;3
6718;;Lustre Hayla G;"Largura:1,25 mt| Altura: 35cm| Profundidade: 50cm
Base: G-9 14-Lâmpadas Halopin
Material: Alumínio, Acrílico e Pedra Ônix
Cores: Sólidas, Automotivas e Especiais";14898.28;16.60;3
6660;;Abajur Lampe P;"Largura: 14cm| Altura: 38cm| Profundidade: 14cm
Base: G-9 01 -Lâmpada Halopin
Material: Alumínio, Acrílico e Vidro
Cores: Sólidas, Automotivas e Especiais
Vidro nas opções: Ambar, Fumê e Cristal";478.45;16.60;3
6661;;Abajur Lampe M;"Largura: 14cm| Altura: 44cm| Profundidade: 14cm
Base: G-9 01 -Lâmpada Halopin
Material: Alumínio, Acrílico e Vidro
Cores: Sólidas, Automotivas e Especiais
Vidro nas opções: Ambar, Fumê e Cristal";579.93;16.60;3
6662;;Abajur Lampe G;"Largura: 14cm| Altura: 51cm| Profundidade: 14cm
Base: G-9 01 -Lâmpada Halopin
Material: Alumínio, Acrílico e Vidro
Cores: Sólidas, Automotivas e Especiais
Vidro nas opções: Ambar, Fumê e Cristal";632.03;16.60;3
6665;;Arandela Lampe Un;"Largura: 17cm | Altura: 36 cm | Profundidade: 20cm
Base: G-9 01 -Lâmpada Halopin
de Led: 9W | 3.000K ou 4.000K | 900 lm | 127V ou 220V
Material: Alumínio, Acrílico e Vidro
Cores: Sólidas, Automotivas e Especiais
Vidro nas opções: Ambar, Fumê e Cristal";497.31;16.60;3
6666;;Arandela Lampe Sans P;"Largura: 17cm | Altura: 26cm| Profundidade: 20cm
Fita de Led: 7,2W | 3.000K ou 4.000K | 720 lm | 127V ou 220V
Material: Alumínio
Cores: Sólidas, Automotivas e Especiais";192.33;16.60;3
6668;;Arandela Lampe Deux;"Largura: 38cm | Altura: 45 cm | Profundidade: 20cm
Base: G-9 02 -Lâmpadas Halopin
Fita de Led: 14,4W | 3.000K ou 4.000K | 1.440 lm | 127V ou 220V
Material: Alumínio, Acrílico e Vidro
Cores: Sólidas, Automotivas e Especiais
Vidro nas opções: Ambar, Fumê e Cristal";1038.36;16.60;4
6669;;Arandela Lampe Sans G;"Largura: 38cm | Altura: 25cm| Profundidade: 20cm
Fita de Led: 9W | 3.000K ou 4.000K | 900 lm | 127V ou 220V
Material: Alumínio
Cores: Sólidas, Automotivas e Especiais";344.62;16.60;4
6670;;Pendente Lampe P;"Largura: 9cm| Altura: 40cm| Profundidade: 9cm
Base: G-9 01 -Lâmpada Halopin
Material: Alumínio, Acrílico e Vidro (Cabo energizado)
Cores: Sólidas, Automotivas e Especiais
Vidro nas opções: Ambar, Fumê e Cristal";458.17;16.60;4
6671;;Pendente Lampe M;"Largura: 9cm| Altura: 50cm| Profundidade: 9cm
Base: G-9 01 -Lâmpada Halopin
Material: Alumínio, Acrílico e Vidro (Cabo energizado)
Cores: Sólidas, Automotivas e Especiais
Vidro nas opções: Ambar, Fumê e Cristal";552.09;16.60;4
6672;;Pendente Lampe G;"Largura: 9cm| Altura: 60cm| Profundidade: 9cm
Base: G-9 01 -Lâmpada Halopin
Material: Alumínio, Acrílico e Vidro (Cabo energizado)
Cores: Sólidas, Automotivas e Especiais
Vidro nas opções: Ambar, Fumê e Cristal";603.67;16.60;4
6675;;Lustre Lampe;"Largura: 1mt| Altura: 53cm| Profundidade: 35cm
Base: G-9 07 -Lâmpadas Halopin
Material: Alumínio, Acrílico e Vidro (Cabo aço + Cabo PP)
Cores: Sólidas, Automotivas e Especiais
Vidro nas opções: Ambar, Fumê e Cristal";3220.82;16.60;4
6560;;Arandela Eclisse P;"Largura: 35cm | Altura: 35cm | Profundidade: 15cm
Base: G-9 02 -Lâmpadas Halopin
Material: Alumínio
Cores: Sólidas, Automotivas e Especiais";310.37;16.60;4
6562;;Arandela Eclisse G;"Largura: 56cm | Altura: 56cm | Profundidade: 20cm
Base: G-9 02 -Lâmpadas Halopin
Material: Alumínio
Cores: Sólidas, Automotivas e Especiais";497.18;16.60;4
6563;;Arandela Eclisse GG;"Largura: 80cm | Altura: 80cm | Profundidade: 34cm
Base: G-9 04 -Lâmpadas Halopin
Material: Alumínio
Cores: Sólidas, Automotivas e Especiais";775.21;16.60;4
6566;;Plafon Eclisse Light P;"Largura: 35cm| Altura: 27cm| Profundidade: 35cm
Fita de Led: 1,8W | 3.000K ou 4.000K | 180 lm | 127V ou 220V
Base: G-9 02 -Lâmpadas Halopin
Material: Alumínio e Acrílico
Cores: Sólidas, Automotivas e Especiais";367.59;16.60;5
6568;;Plafon Eclisse Light G;"Largura: 56cm| Altura: 35cm| Profundidade: 56cm
Fita de Led: 1,8W | 3.000K ou 4.000K | 180 lm | 127V ou 220V
Base: G-9 02 -Lâmpadas Halopin
Material: Alumínio e Acrílico
Cores: Sólidas, Automotivas e Especiais";543.88;16.60;5
6569;;Plafon Eclisse Light GG;"Largura: 80cm| Altura: 45cm| Profundidade: 80cm
Fita de Led: 1,8W | 3.000K ou 4.000K | 180 lm | 127V ou 220V
Base: G-9 02 -Lâmpadas Halopin
Material: Alumínio e Acrílico
Cores: Sólidas, Automotivas e Especiais";1010.91;16.60;5
6570;;Pendente Eclisse Light P;"Largura: 35cm| Altura: 39cm| Profundidade: 35cm
Fita de Led: 1,8W | 3.000K ou 4.000K | 180 lm | 127V ou 220V
Base: G-9 02 -Lâmpadas Halopin
Material: Alumínio e Acrílico (Cabo energizado)
Cores: Sólidas, Automotivas e Especiais";482.68;16.60;5
6571;;Pendente Eclisse In P;"Largura: 35cm | Altura: 34cm | Profundidade: 35cm
Base: G-9 02 -Lâmpadas Halopin
Material: Alumínio (Cabo energizado)
Cores: Sólidas, Automotivas e Especiais";482.68;16.60;5
6572;;Pendente Eclisse Duo G;"Largura: 56cm | Altura: 57cm | Profundidade: 56cm
Base: G-9 04 -Lâmpadas Halopin
Material: Alumínio (Cabo energizado)
Cores: Sólidas, Automotivas e Especiais";887.99;16.60;5
6573;;Pendente Eclisse Light G;"Largura: 56cm| Altura: 56cm| Profundidade: 56cm
Fita de Led: 1,8W | 3.000K ou 4.000K | 180 lm | 127V ou 220V
Base: G-9 02 -Lâmpadas Halopin
Material: Alumínio e Acrílico (Cabo energizado)
Cores: Sólidas, Automotivas e Especiais";760.71;16.60;5
6574;;Pendente Eclisse In G;"Largura: 56cm | Altura: 50cm | Profundidade: 56cm
Base: G-9 02 -Lâmpadas Halopin
Material: Alumínio (Cabo energizado)
Cores: Sólidas, Automotivas e Especiais";760.71;16.60;5
6575;;Pendente Eclisse Light GG;"Largura: 80cm| Altura: 70cm| Profundidade: 80cm
Fita de Led: 1,8W | 3.000K ou 4.000K | 180 lm | 127V ou 220V
Base: G-9 04 -Lâmpadas Halopin
Material: Alumínio e Acrílico (Cabo energizado)
Cores: Sólidas, Automotivas e Especiais";1046.19;16.60;5
6576;;Pendente Eclisse In GG;"Largura: 80cm | Altura: 60cm | Profundidade: 80cm
Base: G-9 04 -Lâmpadas Halopin
Material: Alumínio (Cabo energizado)
Cores: Sólidas, Automotivas e Especiais";1063.77;16.60;5
6577;;Pendente Eclisse Duo GG;"Largura: 80cm | Altura: 70cm | Profundidade: 80cm
Base: G-9 06 -Lâmpadas Halopin
Material: Alumínio (Cabo energizado)
Cores: Sólidas, Automotivas e Especiais";1281.50;16.60;6
6602;Travertino Bruto, Kouros e Verde Guatemala;Arandela Bolle Rock Form;"Largura: 22cm| Altura: 50cm| Profundidade: 4,5cm
Fita de Led: 6,3W | 3.000K ou 4.000K | 630 lm | 127V ou 220V
Material: Alumínio e Pedra
Bronze Armani, Travertino Bruto, Kouros e Verde Guatemala";1049.07;16.60;6
6602;Bronze Armani;Arandela Bolle Rock Form;"Largura: 22cm| Altura: 50cm| Profundidade: 4,5cm
Fita de Led: 6,3W | 3.000K ou 4.000K | 630 lm | 127V ou 220V
Material: Alumínio e Pedra
Bronze Armani, Travertino Bruto, Kouros e Verde Guatemala";1224.12;16.60;6
6603;Travertino Bruto, Kouros e Verde Guatemala;Arandela Bolle Rock Organic;"Largura: 28,5cm| Altura: 40cm| Profundidade: 4,5cm
Fita de Led: 6,3W | 3.000K ou 4.000K | 630 lm | 127V ou 220V
Material: Alumínio e Pedra
Bronze Armani, Travertino Bruto, Kouros e Verde Guatemala";1038.61;16.60;6
6603;Bronze Armani;Arandela Bolle Rock Organic;"Largura: 28,5cm| Altura: 40cm| Profundidade: 4,5cm
Fita de Led: 6,3W | 3.000K ou 4.000K | 630 lm | 127V ou 220V
Material: Alumínio e Pedra
Bronze Armani, Travertino Bruto, Kouros e Verde Guatemala";1213.52;16.60;6
6605;Travertino Bruto, Kouros e Verde Guatemala;Arandela Bolle Rock P;"Largura: 25cm| Altura: 25cm| Profundidade: 4,5cm
Fita de Led: 6,3W | 3.000K ou 4.000K | 630 lm | 127V ou 220V
Material: Alumínio e Pedra
Bronze Armani, Travertino Bruto, Kouros e Verde Guatemala";465.59;16.60;6
6605;Bronze Armani;Arandela Bolle Rock P;"Largura: 25cm| Altura: 25cm| Profundidade: 4,5cm
Fita de Led: 6,3W | 3.000K ou 4.000K | 630 lm | 127V ou 220V
Material: Alumínio e Pedra
Bronze Armani, Travertino Bruto, Kouros e Verde Guatemala";597.41;16.60;6
6606;Travertino Bruto, Kouros e Verde Guatemala;Arandela Bolle Rock M;"Largura: 35cm| Altura: 35cm| Profundidade: 4,5cm
Fita de Led: 9,1W | 3.000K ou 4.000K | 910 lm | 127V ou 220V
Material: Alumínio e Pedra
Bronze Armani, Travertino Bruto, Kouros e Verde Guatemala";843.46;16.60;6
6606;Bronze Armani;Arandela Bolle Rock M;"Largura: 35cm| Altura: 35cm| Profundidade: 4,5cm
Fita de Led: 9,1W | 3.000K ou 4.000K | 910 lm | 127V ou 220V
Material: Alumínio e Pedra
Bronze Armani, Travertino Bruto, Kouros e Verde Guatemala";1106.75;16.60;6
6607;Travertino Bruto, Kouros e Verde Guatemala;Arandela Bolle Rock G;"Largura: 40cm| Altura: 40cm| Profundidade: 4,5cm
Fita de Led: 9,1W | 3.000K ou 4.000K | 910 lm | 127V ou 220V
Material: Alumínio e Pedra
Bronze Armani, Travertino Bruto, Kouros e Verde Guatemala";975.90;16.60;6
6607;Bronze Armani;Arandela Bolle Rock G;"Largura: 40cm| Altura: 40cm| Profundidade: 4,5cm
Fita de Led: 9,1W | 3.000K ou 4.000K | 910 lm | 127V ou 220V
Material: Alumínio e Pedra
Bronze Armani, Travertino Bruto, Kouros e Verde Guatemala";1321.27;16.60;6
6608;Travertino Bruto, Kouros e Verde Guatemala;Arandela Bolle Rock Flux P;"Largura: Largura: 25cm| 25cm| Altura: Altura: 25cm| 25cm| Profundidade: Profundidade: 7cm 7cm
Fita Fita de de Led: Led: 10,7W 10,7W | | 3.000K 3.000K ou ou 4.000K 4.000K | | 1.071 1.071 lm lm | | 127V 127V ou ou 220V 220V
Material: Material: Alumínio Alumínio e e Pedra Pedra
Cores: Cores: Sólidas, Sólidas, Automotivas Automotivas e e Especiais Especiais
Bronze Bronze Armani, Armani, Travertino Travertino Bruto, Bruto, Kouros Kouros e e Verde Verde Guatemala Guatemala";603.68;16.60;6
6608;Bronze Armani;Arandela Bolle Rock Flux P;"Largura: Largura: 25cm| 25cm| Altura: Altura: 25cm| 25cm| Profundidade: Profundidade: 7cm 7cm
Fita Fita de de Led: Led: 10,7W 10,7W | | 3.000K 3.000K ou ou 4.000K 4.000K | | 1.071 1.071 lm lm | | 127V 127V ou ou 220V 220V
Material: Material: Alumínio Alumínio e e Pedra Pedra
Cores: Cores: Sólidas, Sólidas, Automotivas Automotivas e e Especiais Especiais
Bronze Bronze Armani, Armani, Travertino Travertino Bruto, Bruto, Kouros Kouros e e Verde Verde Guatemala Guatemala";738.31;16.60;6
6608C;Travertino Bruto, Kouros e Verde Guatemala;Arandela Bolle Rock Axs P;"Largura: 25cm| Altura: 25cm| Profundidade: 7cm
Fita de Led: 9,1W | 3.000K ou 4.000K | 910 lm | 127V ou 220V
Material: Alumínio e Pedra
Cores: Sólidas, Automotivas e Especiais
Cores: Bronze Armani, Travertino Bruto, Kouros e Verde Guatemala";552.74;16.60;6
6608C;Bronze Armani;Arandela Bolle Rock Axs P;"Largura: 25cm| Altura: 25cm| Profundidade: 7cm
Fita de Led: 9,1W | 3.000K ou 4.000K | 910 lm | 127V ou 220V
Material: Alumínio e Pedra
Cores: Sólidas, Automotivas e Especiais
Cores: Bronze Armani, Travertino Bruto, Kouros e Verde Guatemala";687.62;16.60;6
6609;Travertino Bruto, Kouros e Verde Guatemala;Arandela Bolle Rock Flux M;"Largura: 35cm| Altura: 35cm| Profundidade: 7cm
Fita de Led: 13,5W | 3.000K ou 4.000K | 1.351 lm | 127V ou 220V
Material: Alumínio e Pedra
Cores: Sólidas, Automotivas e Especiais
Bronze Armani, Travertino Bruto, Kouros e Verde Guatemala";939.70;16.60;6
6609;Bronze Armani;Arandela Bolle Rock Flux M;"Largura: 35cm| Altura: 35cm| Profundidade: 7cm
Fita de Led: 13,5W | 3.000K ou 4.000K | 1.351 lm | 127V ou 220V
Material: Alumínio e Pedra
Cores: Sólidas, Automotivas e Especiais
Bronze Armani, Travertino Bruto, Kouros e Verde Guatemala";1203.40;16.60;6
6609C;Travertino Bruto, Kouros e Verde Guatemala;Arandela Bolle Rock Axs M;"Largura: 35cm| Altura: 35cm| Profundidade: 7cm
Fita de Led: 13,5W | 3.000K ou 4.000K | 1.351 lm | 127V ou 220V
Material: Alumínio e Pedra
Cores: Sólidas, Automotivas e Especiais
Bronze Armani, Travertino Bruto, Kouros e Verde Guatemala";924.95;16.60;7
6609C;Bronze Armani;Arandela Bolle Rock Axs M;"Largura: 35cm| Altura: 35cm| Profundidade: 7cm
Fita de Led: 13,5W | 3.000K ou 4.000K | 1.351 lm | 127V ou 220V
Material: Alumínio e Pedra
Cores: Sólidas, Automotivas e Especiais
Bronze Armani, Travertino Bruto, Kouros e Verde Guatemala";1188.65;16.60;7
6610;Travertino Bruto, Kouros e Verde Guatemala;Arandela Bolle Rock Flux G;"Largura: 40cm| Altura: 40cm| Profundidade: 7cm
Fita de Led: 14,7W | 3.000K ou 4.000K | 1.470 lm | 127V ou 220V
Material: Alumínio e Pedra
Cores: Sólidas, Automotivas e Especiais
Bronze Armani, Travertino Bruto, Kouros e Verde Guatemala";1155.45;16.60;7
6610;Bronze Armani;Arandela Bolle Rock Flux G;"Largura: 40cm| Altura: 40cm| Profundidade: 7cm
Fita de Led: 14,7W | 3.000K ou 4.000K | 1.470 lm | 127V ou 220V
Material: Alumínio e Pedra
Cores: Sólidas, Automotivas e Especiais
Bronze Armani, Travertino Bruto, Kouros e Verde Guatemala";1501.08;16.60;7
6610C;Travertino Bruto, Kouros e Verde Guatemala;Arandela Bolle Rock Axs G;"Largura: 40cm| Altura: 40cm| Profundidade: 7cm
Fita de Led: 13,5W | 3.000K ou 4.000K | 1.351 lm | 127V ou 220V
Material: Alumínio e Pedra
Cores: Sólidas, Automotivas e Especiais
Bronze Armani, Travertino Bruto, Kouros e Verde Guatemala";1101.80;16.60;7
6610C;Bronze Armani;Arandela Bolle Rock Axs G;"Largura: 40cm| Altura: 40cm| Profundidade: 7cm
Fita de Led: 13,5W | 3.000K ou 4.000K | 1.351 lm | 127V ou 220V
Material: Alumínio e Pedra
Cores: Sólidas, Automotivas e Especiais
Bronze Armani, Travertino Bruto, Kouros e Verde Guatemala";1446.78;16.60;7
6611;Travertino Bruto, Kouros e Verde Guatemala;Arandela Bolle Rock Form Simples;"Largura: 22cm| Altura: 62cm| Profundidade: 13cm
Fita de Led: 24,8W | 3.000K ou 4.000K | 2.484 lm | 127V ou 220V
Material: Alumínio e Pedra
Cores: Sólidas, Automotivas e Especiais
Bronze Armani, Travertino Bruto, Kouros e Verde Guatemala";1314.00;16.60;7
6611;Bronze Armani;Arandela Bolle Rock Form Simples;"Largura: 22cm| Altura: 62cm| Profundidade: 13cm
Fita de Led: 24,8W | 3.000K ou 4.000K | 2.484 lm | 127V ou 220V
Material: Alumínio e Pedra
Cores: Sólidas, Automotivas e Especiais
Bronze Armani, Travertino Bruto, Kouros e Verde Guatemala";1488.64;16.60;7
6612;Travertino Bruto, Kouros e Verde Guatemala;Arandela Bolle Rock Tripla;"Largura: 35cm| Altura: 1mt| Profundidade: 17cm
Fita de Led: 45,7W | 3.000K ou 4.000K | 4.572 lm | 127V ou 220V
Material: Alumínio e Pedra
Cores: Sólidas, Automotivas e Especiais
Bronze Armani, Travertino Bruto, Kouros e Verde Guatemala";1695.99;16.60;7
6612;Bronze Armani;Arandela Bolle Rock Tripla;"Largura: 35cm| Altura: 1mt| Profundidade: 17cm
Fita de Led: 45,7W | 3.000K ou 4.000K | 4.572 lm | 127V ou 220V
Material: Alumínio e Pedra
Cores: Sólidas, Automotivas e Especiais
Bronze Armani, Travertino Bruto, Kouros e Verde Guatemala";1830.33;16.60;7
6613;Travertino Bruto, Kouros e Verde Guatemala;Arandela Bolle Rock Organic Dupla;"Largura: 39cm| Altura: 78cm| Profundidade: 13cm
Fita de Led: 33,1W | 3.000K ou 4.000K | 3.312 lm | 127V ou 220V
Material: Alumínio e Pedra
Cores: Sólidas, Automotivas e Especiais
Bronze Armani, Travertino Bruto, Kouros e Verde Guatemala";2742.00;16.60;7
6613;Bronze Armani;Arandela Bolle Rock Organic Dupla;"Largura: 39cm| Altura: 78cm| Profundidade: 13cm
Fita de Led: 33,1W | 3.000K ou 4.000K | 3.312 lm | 127V ou 220V
Material: Alumínio e Pedra
Cores: Sólidas, Automotivas e Especiais
Bronze Armani, Travertino Bruto, Kouros e Verde Guatemala";3091.16;16.60;7
6614;Travertino Bruto, Kouros e Verde Guatemala;Arandela Bolle;"Largura: 1,10 mt| Altura: 42cm | Profundidade: 8,5 cm
de Led: 38,3W | 3.000K ou 4.000K | 3.830 lm | 127V ou 220V
Material: Alumínio e Pedra
Cores: Sólidas, Automotivas e Especiais
Bronze Armani, Travertino Bruto, Kouros e Verde Guatemala";2916.42;16.60;7
6614;Bronze Armani;Arandela Bolle;"Largura: 1,10 mt| Altura: 42cm | Profundidade: 8,5 cm
de Led: 38,3W | 3.000K ou 4.000K | 3.830 lm | 127V ou 220V
Material: Alumínio e Pedra
Cores: Sólidas, Automotivas e Especiais
Bronze Armani, Travertino Bruto, Kouros e Verde Guatemala";3656.27;16.60;7
6615;Travertino Bruto, Kouros e Verde Guatemala;Arandela Bolle Rock Form Flux;"Largura: 22cm| Altura: 50cm| Profundidade: 6,5cm
Fita de Led: 10,7W | 3.000K ou 4.000K | 1.071 lm | 127V ou 220V
Material: Alumínio e Pedra
Cores: Sólidas, Automotivas e Especiais
Bronze Armani, Travertino Bruto, Kouros e Verde Guatemala";1171.27;16.60;7
6615;Bronze Armani;Arandela Bolle Rock Form Flux;"Largura: 22cm| Altura: 50cm| Profundidade: 6,5cm
Fita de Led: 10,7W | 3.000K ou 4.000K | 1.071 lm | 127V ou 220V
Material: Alumínio e Pedra
Cores: Sólidas, Automotivas e Especiais
Bronze Armani, Travertino Bruto, Kouros e Verde Guatemala";1345.92;16.60;7
6616;Travertino Bruto, Kouros e Verde Guatemala;Arandela Bolle Rock Form Flux Out;"Largura: 27cm| Altura: 50cm| Profundidade: 7,5cm
Fita de Led: 12,6W | 3.000K ou 4.000K | 1.260 lm | 127V ou 220V
Material: Alumínio e Pedra
Cores: Sólidas, Automotivas e Especiais
Bronze Armani, Travertino Bruto, Kouros e Verde Guatemala";1227.07;16.60;7
6616;Bronze Armani;Arandela Bolle Rock Form Flux Out;"Largura: 27cm| Altura: 50cm| Profundidade: 7,5cm
Fita de Led: 12,6W | 3.000K ou 4.000K | 1.260 lm | 127V ou 220V
Material: Alumínio e Pedra
Cores: Sólidas, Automotivas e Especiais
Bronze Armani, Travertino Bruto, Kouros e Verde Guatemala";1401.18;16.60;7
6617;Travertino Bruto, Kouros e Verde Guatemala;Arandela Bolle Rock Organic Flux;"Largura: 28,5cm| Altura: 40cm| Profundidade: 7cm
Fita de Led: 10,7W | 3.000K ou 4.000K | 1.071 lm | 127V ou 220V
Material: Alumínio e Pedra
Cores: Sólidas, Automotivas e Especiais
Bronze Armani, Travertino Bruto, Kouros e Verde Guatemala";1181.19;16.60;8
6617;Bronze Armani;Arandela Bolle Rock Organic Flux;"Largura: 28,5cm| Altura: 40cm| Profundidade: 7cm
Fita de Led: 10,7W | 3.000K ou 4.000K | 1.071 lm | 127V ou 220V
Material: Alumínio e Pedra
Cores: Sólidas, Automotivas e Especiais
Bronze Armani, Travertino Bruto, Kouros e Verde Guatemala";1355.04;16.60;8
6618;Travertino Bruto, Kouros e Verde Guatemala;Arandela Bolle Rock Organic Flux Out;"Largura: 34cm| Altura: 40cm| Profundidade: 7cm
Fita de Led: 12,6W | 3.000K ou 4.000K | 1.260 lm | 127V ou 220V
Material: Alumínio e Pedra
Cores: Sólidas, Automotivas e Especiais
Bronze Armani, Travertino Bruto, Kouros e Verde Guatemala";1255.65;16.60;8
6618;Bronze Armani;Arandela Bolle Rock Organic Flux Out;"Largura: 34cm| Altura: 40cm| Profundidade: 7cm
Fita de Led: 12,6W | 3.000K ou 4.000K | 1.260 lm | 127V ou 220V
Material: Alumínio e Pedra
Cores: Sólidas, Automotivas e Especiais
Bronze Armani, Travertino Bruto, Kouros e Verde Guatemala";1430.69;16.60;8
6619;Travertino Bruto, Kouros e Verde Guatemala;Arandela Bolle Rock Organic Ball;"Largura: 28,5cm| Altura: 40cm| Profundidade: 15cm
Fita de Led: 6,3W | 3.000K ou 4.000K | 630 lm | 127V ou 220V
Base: G-9 01-Lâmpada Halopin
Material: Alumínio, Pedra e Vidro (Esfera 10cm)
Cores: Sólidas, Automotivas e Especiais
Cores: Bronze Armani, Travertino Bruto, Kouros e Verde Guatemala";1283.95;16.60;8
6619;Bronze Armani;Arandela Bolle Rock Organic Ball;"Largura: 28,5cm| Altura: 40cm| Profundidade: 15cm
Fita de Led: 6,3W | 3.000K ou 4.000K | 630 lm | 127V ou 220V
Base: G-9 01-Lâmpada Halopin
Material: Alumínio, Pedra e Vidro (Esfera 10cm)
Cores: Sólidas, Automotivas e Especiais
Cores: Bronze Armani, Travertino Bruto, Kouros e Verde Guatemala";1459.13;16.60;8
6620;Travertino Bruto, Kouros e Verde Guatemala;Pendente Bolle Rock Flux;"Largura: 50cm| Altura: 50cm| Profundidade: 6 cm
Fita de Led: 22,4W | 3.000K ou 4.000K | 2.240 lm | 127V ou 220V
Material: Alumínio e Pedra (Cabo aço + Cabo energizado)
Cores: Sólidas, Automotivas e Especiais
Bronze Armani, Travertino Bruto, Kouros e Verde Guatemala";1849.08;16.60;8
6620;Bronze Armani;Pendente Bolle Rock Flux;"Largura: 50cm| Altura: 50cm| Profundidade: 6 cm
Fita de Led: 22,4W | 3.000K ou 4.000K | 2.240 lm | 127V ou 220V
Material: Alumínio e Pedra (Cabo aço + Cabo energizado)
Cores: Sólidas, Automotivas e Especiais
Bronze Armani, Travertino Bruto, Kouros e Verde Guatemala";2384.77;16.60;8
6621;Travertino Bruto, Kouros e Verde Guatemala;Pendente Bolle Rock Flux Dupla;"Largura: 50cm| Altura: 50cm| Profundidade: 6 cm
Fita de Led: 44,8W | 3.000K ou 4.000K | 4.480 lm | 127V ou 220V
Material: Alumínio e Pedra (Cabo aço + Cabo energizado)
Cores: Sólidas, Automotivas e Especiais
Bronze Armani, Travertino Bruto, Kouros e Verde Guatemala";2313.73;16.60;8
6621;Bronze Armani;Pendente Bolle Rock Flux Dupla;"Largura: 50cm| Altura: 50cm| Profundidade: 6 cm
Fita de Led: 44,8W | 3.000K ou 4.000K | 4.480 lm | 127V ou 220V
Material: Alumínio e Pedra (Cabo aço + Cabo energizado)
Cores: Sólidas, Automotivas e Especiais
Bronze Armani, Travertino Bruto, Kouros e Verde Guatemala";2850.65;16.60;8
6623;Travertino Bruto, Kouros e Verde Guatemala;Pendente Bolle Rock Dupla Axs P;"Largura: 25cm| Altura: 9cm| Profundidade: 25cm
Fita de Led: 2,8W | 3.000K ou 4.000K | 280 lm | 127V ou 220V
Material: Alumínio e Pedra
Cores: Sólidas, Automotivas e Especiais
Bronze Armani, Travertino Bruto, Kouros e Verde Guatemala";765.94;16.60;8
6623;Bronze Armani;Pendente Bolle Rock Dupla Axs P;"Largura: 25cm| Altura: 9cm| Profundidade: 25cm
Fita de Led: 2,8W | 3.000K ou 4.000K | 280 lm | 127V ou 220V
Material: Alumínio e Pedra
Cores: Sólidas, Automotivas e Especiais
Bronze Armani, Travertino Bruto, Kouros e Verde Guatemala";950.13;16.60;8
6624;Travertino Bruto, Kouros e Verde Guatemala;Pendente Bolle Rock Dupla Axs M;"Largura: 35cm| Altura: 9cm| Profundidade: 35cm
Fita de Led: 4,4W | 3.000K ou 4.000K | 441 lm | 127V ou 220V
Material: Alumínio e Pedra
Cores: Sólidas, Automotivas e Especiais
Bronze Armani, Travertino Bruto, Kouros e Verde Guatemala";1193.86;16.60;8
6624;Bronze Armani;Pendente Bolle Rock Dupla Axs M;"Largura: 35cm| Altura: 9cm| Profundidade: 35cm
Fita de Led: 4,4W | 3.000K ou 4.000K | 441 lm | 127V ou 220V
Material: Alumínio e Pedra
Cores: Sólidas, Automotivas e Especiais
Bronze Armani, Travertino Bruto, Kouros e Verde Guatemala";1591.15;16.60;8
6628;Travertino Bruto, Kouros e Verde Guatemala;Pendente Bolle Rock M;"Largura: 50cm| Altura: 21cm| Profundidade: 50cm
Base: GU-10 01 -Lâmpada Dicróica
Material: Alumínio e Pedra
Cores: Sólidas, Automotivas e Especiais
Bronze Armani, Travertino Bruto, Kouros e Verde Guatemala";2110.56;16.60;8
6628;Bronze Armani;Pendente Bolle Rock M;"Largura: 50cm| Altura: 21cm| Profundidade: 50cm
Base: GU-10 01 -Lâmpada Dicróica
Material: Alumínio e Pedra
Cores: Sólidas, Automotivas e Especiais
Bronze Armani, Travertino Bruto, Kouros e Verde Guatemala";2647.59;16.60;8
6629;Travertino Bruto, Kouros e Verde Guatemala;Pendente Bolle Rock G;"Largura: 60cm| Altura: 21cm| Profundidade: 60cm
Base: GU-10 01 -Lâmpada Dicróica
Material: Alumínio e Pedra
Cores: Sólidas, Automotivas e Especiais
Bronze Armani, Travertino Bruto, Kouros e Verde Guatemala";2876.94;16.60;8
6629;Bronze Armani;Pendente Bolle Rock G;"Largura: 60cm| Altura: 21cm| Profundidade: 60cm
Base: GU-10 01 -Lâmpada Dicróica
Material: Alumínio e Pedra
Cores: Sólidas, Automotivas e Especiais
Bronze Armani, Travertino Bruto, Kouros e Verde Guatemala";3762.94;16.60;8
6630;;Arandela Carioca Simples M;"Largura: 20cm | Altura: 32cm | Profundidade: 6cm
Base: G-9 02 -Lâmpadas Halopin
Material: Alumínio
Cores: Sólidas, Automotivas e Especiais";208.88;16.60;9
6631;;Arandela Carioca Simples G;"Largura: 25cm | Altura: 40cm | Profundidade: 6cm
Base: G-9 02 -Lâmpadas Halopin
Material: Alumínio
Cores: Sólidas, Automotivas e Especiais";235.95;16.60;9
6632;;Arandela Carioca;"Largura: 30cm| Altura: 40cm| Profundidade: 7cm
Base: G-9 02 -Lâmpadas Halopin
Led COB : 3 W | 3.000K | 330 lm | 127V ou 220V
Material: Alumínio e Acrílico
Cores: Sólidas, Automotivas e Especiais";352.58;16.60;9
6634;;Arandela Carioca Dupla;"Largura: 32cm | Altura: 40cm | Profundidade: 13cm
Base: G-9 04 -Lâmpadas Halopin
Material: Alumínio
Cores: Sólidas, Automotivas e Especiais";364.77;16.60;9
6635;;Arandela Carioca Feijó;"Largura: 50cm | Altura: 1,45 m | Profundidade: 13cm
Base: G-9 09 -Lâmpadas Halopin
Material: Alumínio
Cores: Sólidas, Automotivas e Especiais";1421.86;16.60;9
6638;;Arandela Carioca Broto In;"Largura: 20 cmt | Altura: 90 cm| Profundidade: 42cm
Fita de Led: 4,5W | 3.000K ou 4.000K | 450 lm | 127V ou 220V
Material: Alumínio
Cores: Sólidas, Automotivas e Especiais";464.97;16.60;9
6639;;Arandela Carioca Broto Di;"Largura: 20 cmt | Altura: 90 cm| Profundidade: 45cm
Fita de Led: 4,5W | 3.000K ou 4.000K | 450 lm | 127V ou 220V
Material: Alumínio
Cores: Sólidas, Automotivas e Especiais";464.97;16.60;9
6642;;Pendente Carioca Broto;"Largura: 1,6 mt| Altura: 50 cm| Profundidade: 25cm
Fita de Led: 12,6W | 3.000K ou 4.000K | 1.260 lm | 127V ou 220V
Material: Alumínio (Cabo PP)
Cores: Sólidas, Automotivas e Especiais";896.33;16.60;9
6646;;Balizador Carioca Broto In;"Largura: 9cm | Altura: 70cm | Profundidade: 25cm
Fita de Led: 1,3W | 3.000K ou 4.000K | 130 lm | 127V ou 220V
Material: Alumínio
Cores: Sólidas, Automotivas e Especiais";256.35;16.60;9
6647;;Balizador Carioca Broto Di;"Largura: 9cm | Altura: 70cm | Profundidade: 26cm
Fita de Led: 1,3W | 3.000K ou 4.000K | 130 lm | 127V ou 220V
Material: Alumínio
Cores: Sólidas, Automotivas e Especiais";256.35;16.60;9
6580;;Arandela Almenara Simples;"Largura: 27cm| Altura: 27cm| Profundidade: 3,5cm
Fita de Led: 1,8W | 3.000K ou 4.000K | 180 lm | 127V ou 220V
Material: Alumínio e Acrílico Frisado
Cores: Sólidas, Automotivas e Especiais";192.55;16.60;10
6581;;Arandela Almenara Dupla;"Largura: 38,5cm| Altura: 38,5cm| Profundidade: 3,5cm
Fita de Led: 3,6W | 3.000K ou 4.000K | 360 lm | 127V ou 220V
Material: Alumínio e Acrílico Frisado
Cores: Sólidas, Automotivas e Especiais";293.91;16.60;10
6583;;Arandela Almenara Scult;"Largura: 38,5cm| Altura: 38,5cm| Profundidade: 4,5cm
Fita de Led: 3,6W | 3.000K ou 4.000K | 360 lm | 127V ou 220V
Material: Alumínio e Acrílico Frisado
Cores: Sólidas, Automotivas e Especiais";404.58;16.60;10
6582;;Arandela Almenara Slim P;"Largura: 25cm| Altura: 30cm| Profundidade: 10cm
Fita de Led: 7,2W | 3.000K ou 4.000K | 720 lm | 127V ou 220V
Material: Alumínio e Acrílico Frisado
Cores: Sólidas, Automotivas e Especiais";396.69;16.60;10
6584;;Arandela Almenara Slim G;"Largura: 25cm| Altura: 80cm| Profundidade: 10cm
Fita de Led: 7,2W | 3.000K ou 4.000K | 720 lm | 127V ou 220V
Material: Alumínio e Acrílico Frisado
Cores: Sólidas, Automotivas e Especiais";763.57;16.60;10
6585;;Pendente Almenara Quadrado;"Largura: 35cm| Altura: 35cm| Profundidade: 10cm
Fita de Led: 5,4W | 3.000K ou 4.000K | 540 lm | 127V ou 220V
Material: Alumínio e Acrílico Frisado (Cabo energizado)
Cores: Sólidas, Automotivas e Especiais";474.66;16.60;10
6586;;Pendente Almenara Vertical;"Largura: 25cm| Altura: 50cm| Profundidade: 10cm
Fita de Led: 3,6W | 3.000K ou 4.000K | 360 lm | 127V ou 220V
Material: Alumínio e Acrílico Frisado (Cabo energizado)
Cores: Sólidas, Automotivas e Especiais";474.66;16.60;10
6587;;Pendente Almenara Horizontal;"Largura: 50cm| Altura: 25cm| Profundidade: 10cm
Fita de Led: 8,1W | 3.000K ou 4.000K | 810 lm | 127V ou 220V
Material: Alumínio e Acrílico Frisado (Cabo energizado)
Cores: Sólidas, Automotivas e Especiais";534.71;16.60;10
6588;;Pendente Almenara Retangular;"Largura: 1,2mt| Altura: 25cm| Profundidade: 10cm
Fita de Led: 20,7W | 3.000K ou 4.000K | 2070 lm | 127V ou 220V
Material: Alumínio e Acrílico Frisado (Cabo energizado)
Cores: Sólidas, Automotivas e Especiais";1106.18;16.60;10
6596;;Pendente Almenara Balonê;"Largura: 60cm| Altura: 45cm| Profundidade: 6cm
Fita de Led: 3,6W | 3.000K ou 4.000K | 360 lm | 127V ou 220V
Material: Alumínio e Acrílico Frisado (Cabo energizado)
Cores: Sólidas, Automotivas e Especiais";726.62;16.60;10
6597;;Pendente Almenara Francê;"Largura: 40cm| Altura: 48cm| Profundidade: 6cm
Fita de Led: 3,6W | 3.000K ou 4.000K | 360 lm | 127V ou 220V
Material: Alumínio e Acrílico Frisado (Cabo energizado)
Cores: Sólidas, Automotivas e Especiais";676.51;16.60;11
6598;;Pendente Almenara Plisê;"Largura: 42cm| Altura: 43cm| Profundidade: 6cm
Fita de Led: 3,6W | 3.000K ou 4.000K | 360 lm | 127V ou 220V
Material: Alumínio e Acrílico Frisado (Cabo energizado)
Cores: Sólidas, Automotivas e Especiais";565.06;16.60;11
6589;;Lustre Almenara M;"Largura: 1,40mt| Altura: 35cm| Profundidade: 22,5cm
Fita de Led: 20,3W | 3.000K ou 4.000K | 2.030 lm | 127V ou 220V
Material: Alumínio e Acrílico Frisado (Cabo aço + Cabo PP)
Cores: Sólidas, Automotivas e Especiais";1755.84;16.60;11
6590;;Lustre Almenara G;"Largura: 1,85mt| Altura: 45cm| Profundidade: 22,5cm
de Led: 30,1W | 3.000K ou 4.000K | 3.015 lm | 127V ou 220V
Material: Alumínio e Acrílico Frisado (Cabo aço + Cabo PP)
Cores: Sólidas, Automotivas e Especiais";2252.19;16.60;11
6591;;Plafon Almenara Quadrado 50cm;"Largura: 50cm| Altura: 10cm| Profundidade: 50cm
de Led: 16,2W | 3.000K ou 4.000K | 1.620 lm | 127V ou 220V
Material: Alumínio e Acrílico Frisado
Cores: Sólidas, Automotivas e Especiais";903.53;16.60;11
6592;;Plafon Almenara Quadrado 80cm;"Largura: 80cm| Altura: 10cm| Profundidade: 80cm
Fita de Led: 27W | 3.000K ou 4.000K | 2.700 lm | 127V ou 220V
Material: Alumínio e Acrílico Frisado
Cores: Sólidas, Automotivas e Especiais";1639.22;16.60;11
6499;;Arandela Gold P;"Largura: 16cm | Altura: 44cm | Profundidade: 23cm
Base: E-27 01 -Lâmpada Filamento
Material: Alumínio e Vidro
Cores: Sólidas e Automotivas";582.31;16.60;11
6500;;Arandela Gold M;"Largura: 23cm | Altura: 60cm | Profundidade: 30cm
Base: E-27 01 -Lâmpada Filamento
Material: Alumínio e Vidro
Cores: Sólidas e Automotivas";1003.98;16.60;11
6501;;Arandela Gold G;"Largura: 35cm | Altura: 90cm | Profundidade: 40cm
Base: E-27 02 -LâmpadasFilamento
Material: Alumínio e Vidro
Cores: Sólidas e Automotivas";1752.38;16.60;11
6504;;Pendente Gold P;"Largura: 50cm | Altura: 73cm | Profundidade: 50cm
Base: E-27 04 -Lâmpadas Filamento
Material: Alumínio e Vidro (Corrente + Cabo PP)
Cores: Sólidas e Automotivas";2547.60;16.60;11
6504C;;Pendente Gold P com Cúpula;"Largura: 50cm | Altura: 73cm | Profundidade: 50cm
Base: E-27 04 -Lâmpadas Bolinha
Material: Alumínio, Vidro e Cúpula (Corrente + Cabo PP)
Cores: Sólidas e Automotivas
Cores Cúpulas: Preta, Bege e Branca";2675.01;16.60;12
6505;;Pendente Gold G;"Largura: 80cm | Altura: 1,20mt | Profundidade: 80cm
Base: E-27 04 -Lâmpadas Filamento
Material: Aluminio e Vidro (Corrente + Cabo PP)
Cores: Sólidas e Automotivas";4693.62;16.60;12
6505C;;Pendente Gold G com Cúpula;"Largura: 80cm | Altura: 1,20mt | Profundidade: 80cm
Base: E-27 04 -Lâmpadas Bulbo
Material: Alumínio, Vidro e Cúpula (Corrente + Cabo PP)
Cores: Sólidas e Automotivas
Cores Cúpulas: Branca, Preta e Bege";4928.28;16.60;12
6509;;Poste Gold P;"Largura: 23cm | Altura: 88cm | Profundidade: 18cm
Base: E-27 01 -Lâmpada Filamento
Material: Alumínio e Vidro
Cores: Sólidas e Automotivas";1021.68;16.60;12
6510;;Poste Gold G;"Largura: 23cm | Altura: 1,77mt | Profundidade: 18cm
Base: E-27 01 -Lâmpada Filamento
Material: Alumínio e Vidro
Cores: Sólidas e Automotivas";1249.17;16.60;12
6423;;Arandela Wild;"Largura: 21cm | Altura: 55cm | Profundidade: 8cm
Base: G-9 01 -LâmpadaHalopin
Material: Alumínio
Cores: Sólidas, Automotivas e Especiais";190.15;16.60;12
6424;;Arandela Wild Fall;"Largura: 36cm | Altura: 26cm | Profundidade: 9cm
Base: G-9 01 -LâmpadaHalopin
Material: Alumínio
Cores: Sólidas, Automotivas e Especiais";237.62;16.60;12
6425;;Arandela Wild Fall Cal;"Largura: 36cm | Altura: 64cm | Profundidade: 9cm
Base: G-9 01 -LâmpadaHalopin
Material: Alumínio
Cores: Sólidas, Automotivas e Especiais";304.92;16.60;12
6430;;Arandela Wild Fall P;"Largura: 12cm | Altura: 20cm | Profundidade: 9cm
Base: G-9 01 -LâmpadaHalopin
Material: Alumínio
Cores: Sólidas, Automotivas e Especiais";145.11;16.60;12
6431;;Arandela Wild Fall M;"Largura: 14cm | Altura: 25cm | Profundidade: 9cm
Base: G-9 01 -LâmpadaHalopin
Material: Alumínio
Cores: Sólidas, Automotivas e Especiais";168.78;16.60;12
6432;;Arandela Wild Fall G;"Largura: 20cm | Altura: 35cm | Profundidade: 9cm
Base: G-9 01 -LâmpadaHalopin
Material: Alumínio
Cores: Sólidas, Automotivas e Especiais";190.66;16.60;13
6435D;;Arandela Wild Fall Angel D;"Largura: 60cm | Altura: 1,3m | Profundidade: 15cm
Base: G-9 07 -LâmpadasHalopin
Material: Alumínio
Cores: Sólidas, Automotivas e Especiais";1713.88;16.60;13
6435E;;Arandela Wild Fall Angel E;"Largura: 60cm | Altura: 1,3m | Profundidade: 15cm
Base: G-9 07 -LâmpadasHalopin
Material: Alumínio
Cores: Sólidas, Automotivas e Especiais";1713.88;16.60;13
6438;;Lustre Wild Fall;"Largura: 70cm | Altura: 53cm | Profundidade: 70cm
Base: E-27 03 -LâmpadasBulbo
Base: G-9 09 -Lâmpadas Halopin
Material: Alumínio (Cabo PP com Tecido)
Cores: Sólidas, Automotivas e Especiais";3702.02;16.60;13
6201;;Arandela Toscana Arc Duo P;"Largura: 14cm | Altura: 40cm | Profundidade: 13cm
Base: E-27 01 -Lâmpada Filamento
Material: Alumínio e Vidro
Cores: Sólidas e Automotivas";524.76;16.60;13
6207;;Arandela Toscana Arc Duo G;"Largura: 18cm | Altura: 60cm | Profundidade: 17cm
Base: E-27 01 -Lâmpada Filamento
Material: Alumínio e Vidro
Cores: Sólidas e Automotivas";760.14;16.60;13
6213;;Arandela Toscana Arc Duo GG;"Largura: 25cm | Altura: 92cm | Profundidade: 24cm
Base: E-27 02 -Lâmpadas Filamento
Material: Alumínio e Vidro
Cores: Sólidas e Automotivas";1087.76;16.60;13
6200;;Arandela Toscana Arc P;"Largura: 14cm | Altura: 35cm | Profundidade: 13cm
Base: E-27 01 -Lâmpada Filamento
Material: Alumínio e Vidro
Cores: Sólidas e Automotivas";488.20;16.60;13
6206;;Arandela Toscana Arc G;"Largura: 18cm | Altura: 50cm | Profundidade: 17cm
Base: E-27 01 -Lâmpada Filamento
Material: Alumínio e Vidro
Cores: Sólidas e Automotivas";707.21;16.60;13
6212;;Arandela Toscana Arc GG;"Largura: 25cm | Altura: 82cm | Profundidade: 24cm
Base: E-27 02 -Lâmpadas Filamento
Material: Alumínio e Vidro
Cores: Sólidas e Automotivas";1011.87;16.60;13
6203;;Arandela Toscana Trap Duo P;"Largura: 14cm | Altura: 40cm | Profundidade: 13cm
Base: E-27 01 -Lâmpada Filamento
Material: Alumínio e Vidro
Cores: Sólidas e Automotivas";536.31;16.60;14
6209;;Arandela Toscana Trap Duo G;"Largura: 18cm | Altura: 45cm | Profundidade: 17cm
Base: E-27 01 -Lâmpada Filamento
Material: Alumínio e Vidro
Cores: Sólidas e Automotivas";828.07;16.60;14
6215;;Arandela Toscana Trap Duo GG;"Largura: 25cm | Altura: 78cm | Profundidade: 24cm
Base: E-27 02 -Lâmpadas Filamento
Material: Alumínio e Vidro
Cores: Sólidas e Automotivas";1205.29;16.60;14
6202;;Arandela Toscana Trap P;"Largura: 14cm | Altura: 32cm | Profundidade: 13cm
Base: E-27 01 -Lâmpada Filamento
Material: Alumínio e Vidro
Cores: Sólidas e Automotivas";495.51;16.60;14
6208;;Arandela Toscana Trap G;"Largura: 18cm | Altura: 45cm | Profundidade: 17cm
Base: E-27 01 -Lâmpada Filamento
Material: Alumínio e Vidro
Cores: Sólidas e Automotivas";784.51;16.60;14
6214;;Arandela Toscana Trap GG;"Largura: 25cm | Altura: 74cm | Profundidade: 24cm
Base: E-27 02 -Lâmpadas Filamento
Material: Alumínio e Vidro
Cores: Sólidas e Automotivas";1121.51;16.60;14
6240;;Arandela Toscana Arc Poli P;"Largura: 14cm | Altura: 35cm | Profundidade: 13cm
Fita de Led: 7,2W | 3.000K ou 4.000K | 720 lm | 127V ou 220V
Material: Alumínio e Vidro
Cores: Sólidas e Automotivas
Opção de Vidros: Prata, Bronze, Canelado e Cristal";537.08;16.60;14
6241;;Arandela Toscana Arc Poli G;"Largura: 18cm | Altura: 50cm | Profundidade: 17cm
de Led: 10,8W | 3.000K ou 4.000K | 1.080 lm | 127V ou 220V
Material: Alumínio e Vidro
Cores: Sólidas e Automotivas
Opção de Vidros: Prata, Bronze, Canelado e Cristal";742.61;16.60;14
6242;;Arandela Toscana Arc Poli GG;"Largura: 25cm | Altura: 82cm | Profundidade: 24cm
de Led: 19,8W | 3.000K ou 4.000K | 1.980 lm | 127V ou 220V
Material: Alumínio e Vidro
Cores: Sólidas e Automotivas
Opção de Vidros: Prata, Bronze, Canelado e Cristal";1061.42;16.60;14
6204;;Arandela Toscana Arc Duo Poli P;"Largura: 14cm | Altura: 40cm | Profundidade: 13cm
Fita de Led: 7,2W | 3.000K ou 4.000K | 720 lm | 127V ou 220V
Material: Alumínio e Vidro
Cores: Sólidas e Automotivas
Opção de Vidros: Prata, Bronze, Canelado e Cristal";577.26;16.60;14
6210;;Arandela Toscana Arc Duo Poli G;"Largura: 18cm | Altura: 60cm | Profundidade: 17cm
de Led: 10,8W | 3.000K ou 4.000K | 1.080 lm | 127V ou 220V
Material: Alumínio e Vidro
Cores: Sólidas e Automotivas
Opção de Vidros: Prata, Bronze, Canelado e Cristal";798.23;16.60;14
6216;;Arandela Toscana Arc Duo Poli GG;"Largura: 25cm | Altura: 92cm | Profundidade: 24cm
de Led: 19,8W | 3.000K ou 4.000K | 1.980 lm | 127V ou 220V
Material: Alumínio e Vidro
Cores: Sólidas e Automotivas
Opção de Vidros: Prata, Bronze, Canelado e Cristal";1142.10;16.60;15
6243;;Arandela Toscana Trap Poli P;"Largura: 14cm | Altura: 32cm | Profundidade: 13cm
Fita de Led: 7,2W | 3.000K ou 4.000K | 720 lm | 127V ou 220V
Material: Alumínio e Vidro
Cores: Sólidas e Automotivas
Opção de Vidros: Prata, Bronze, Canelado e Cristal";545.29;16.60;15
6244;;Arandela Toscana Trap Poli G;"Largura: 18cm | Altura: 45cm | Profundidade: 17cm
de Led: 10,8W | 3.000K ou 4.000K | 1.080 lm | 127V ou 220V
Material: Alumínio e Vidro
Cores: Sólidas e Automotivas
Opção de Vidros: Prata, Bronze, Canelado e Cristal";823.72;16.60;15
6245;;Arandela Toscana Trap Poli GG;"Largura: 25cm | Altura: 74cm | Profundidade: 24cm
de Led: 19,8W | 3.000K ou 4.000K | 1.980 lm | 127V ou 220V
Material: Alumínio e Vidro
Cores: Sólidas e Automotivas
Opção de Vidros: Prata, Bronze, Canelado e Cristal";1177.52;16.60;15
6205;;Arandela Toscana Trap Duo Poli P;"Largura: 14cm | Altura: 40cm | Profundidade: 13cm
Fita de Led: 7,2W | 3.000K ou 4.000K | 720 lm | 127V ou 220V
Material: Alumínio e Vidro
Cores: Sólidas e Automotivas
Opção de Vidros: Prata, Bronze, Canelado e Cristal";590.11;16.60;15
6211;;Arandela Toscana Trap Duo Poli G;"Largura: 18cm | Altura: 50cm | Profundidade: 17cm
de Led: 10,8W | 3.000K ou 4.000K | 1.080 lm | 127V ou 220V
Material: Alumínio e Vidro
Cores: Sólidas e Automotivas
Opção de Vidros: Prata, Bronze, Canelado e Cristal";869.51;16.60;15
6217;;Arandela Toscana Trap Duo Poli GG;"Largura: 25cm | Altura: 78cm | Profundidade: 24cm
de Led: 19,8W | 3.000K ou 4.000K | 1.980 lm | 127V ou 220V
Material: Alumínio e Vidro
Cores: Sólidas e Automotivas
Opção de Vidros: Prata, Bronze, Canelado e Cristal";1265.54;16.60;15
6184;;Arandela Toscana Arc Out P;"Largura: 14cm | Altura: 35cm | Profundidade: 21cm
Base: E-27 01 -Lâmpada Filamento
Material: Alumínio e Vidro
Cores: Sólidas e Automotivas
Opção de Vidros: Prata, Bronze, Canelado e Cristal";598.00;16.60;15
6185;;Arandela Toscana Arc Out G;"Largura: 18cm | Altura: 50cm | Profundidade: 25cm
Base: E-27 01 -Lâmpada Filamento
Material: Alumínio e Vidro
Cores: Sólidas e Automotivas
Opção de Vidros: Prata, Bronze, Canelado e Cristal";839.70;16.60;15
6188;;Arandela Toscana Arc Out Poli P;"Largura: 14cm | Altura: 35cm | Profundidade: 21cm
Base: E-27 01 -Lâmpada Bulbo
Material: Alumínio e Vidro
Cores: Sólidas e Automotivas
Opção de Vidros: Prata, Bronze, Canelado e Cristal";657.83;16.60;16
6189;;Arandela Toscana Arc Out Poli G;"Largura: 18cm | Altura: 50cm | Profundidade: 25cm
Base: E-27 01 -Lâmpada Bulbo
Material: Alumínio e Vidro
Cores: Sólidas e Automotivas
Opção de Vidros: Prata, Bronze, Canelado e Cristal";881.71;16.60;16
6194;;Arandela Toscana Trap Out P;"Largura: 14cm | Altura: 40cm | Profundidade: 21cm
Base: E-27 01 -Lâmpada Filamento
Material: Alumínio e Vidro
Cores: Sólidas e Automotivas
Opção de Vidros: Prata, Bronze, Canelado e Cristal";610.85;16.60;16
6195;;Arandela Toscana Trap Out G;"Largura: 18cm | Altura: 50cm | Profundidade: 25cm
Base: E-27 01 -Lâmpada Filamento
Material: Alumínio e Vidro
Cores: Sólidas e Automotivas
Opção de Vidros: Prata, Bronze, Canelado e Cristal";903.10;16.60;16
6197;;Arandela Toscana Trap Out Poli P;"Largura: 14cm | Altura: 40cm | Profundidade: 21cm
Base: E-27 01 -Lâmpada Bulbo
Material: Alumínio e Vidro
Cores: Sólidas e Automotivas
Opção de Vidros: Prata, Bronze, Canelado e Cristal";671.87;16.60;16
6198;;Arandela Toscana Trap Out Poli G;"Largura: 18cm | Altura: 50cm | Profundidade: 25cm
Base: E-27 01 -Lâmpada Bulbo
Material: Alumínio e Vidro
Cores: Sólidas e Automotivas
Opção de Vidros: Prata, Bronze, Canelado e Cristal";948.24;16.60;16
6220;;Pendente Toscana Arc P;"Largura: 25cm | Altura: 53cm | Profundidade: 25cm
Base: E-27 01 -Lâmpada Filamento
Material: Alumínio e Vidro (Corrente + Cabo PP)
Cores: Sólidas e Automotivas";1156.15;16.60;16
6224;;Pendente Toscana Arc G;"Largura: 48cm | Altura: 96cm | Profundidade: 48cm
Base: E-27 04 -Lâmpadas Filamento
Material: Alumínio e Vidro (Corrente + Cabo PP)
Cores: Sólidas e Automotivas";3113.42;16.60;16
6222;;Pendente Toscana Trap P;"Largura: 26cm | Altura: 52cm | Profundidade: 26cm
Base: E-27 01 -Lâmpada Filamento
Material: Alumínio e Vidro (Corrente + Cabo PP)
Cores: Sólidas e Automotivas";1242.88;16.60;16
6226;;Pendente Toscana Trap G;"Largura: 49cm | Altura: 86cm | Profundidade: 49cm
Base: E-27 04 -Lâmpadas Filamento
Material: Alumínio e Vidro (Corrente + Cabo PP)
Cores: Sólidas e Automotivas";3346.87;16.60;16
6230;;Balizador Toscana Arc;"Largura: 13,5cm | Altura: 65cm | Profundidade: 20cm
Base: E-27 01 -Lâmpada Filamento
Material: Alumínio e Vidro
Cores: Sólidas e Automotivas";451.89;16.60;17
6232;;Balizador Toscana Trap;"Largura: 14cm | Altura: 65cm | Profundidade: 20cm
Base: E-27 01 -Lâmpada Filamento
Material: Alumínio e Vidro
Cores: Sólidas e Automotivas";461.25;16.60;17
6235;;Lanterna Toscana Arc M;"Largura: 25cm | Altura: 64cm | Profundidade: 25cm
Base: E-27 01 -Lâmpada Filamento
Material: Alumínio e Vidro
Cores: Sólidas e Automotivas";1103.41;16.60;17
6236;;Lanterna Toscana Arc G;"Largura: 25cm | Altura: 86cm | Profundidade: 25cm
Base: E-27 01 -Lâmpada Filamento
Material: Alumínio e Vidro
Cores: Sólidas e Automotivas";1274.19;16.60;17
6238;;Lanterna Toscana Trap M;"Largura: 25cm | Altura: 64cm | Profundidade: 25cm
Base: E-27 01 -Lâmpada Filamento
Material: Alumínio e Vidro
Cores: Sólidas e Automotivas";1148.13;16.60;17
6239;;Lanterna Toscana Trap G;"Largura: 25cm | Altura: 86cm | Profundidade: 25cm
Base: E-27 01 -Lâmpada Filamento
Material: Alumínio e Vidro
Cores: Sólidas e Automotivas";1325.77;16.60;17
6350;;Abajur Moobe Pan Dupla;"Largura: 10cm| Altura: 42cm| Profundidade: 16,5cm
Base: G-9 04 -LâmpadasHalopin ou
de Led: 10,8W | 3.000K ou 4.000K | 1.080 lm | 127V ou 220V
Material: Alumínio e Acrílico
Cores: Sólidas, Automotivas, Espelhadas e Especiais";351.29;16.60;17
6351;;Abajur Moobe Pan;"Largura: 14cm| Altura: 40cm| Profundidade: 16,5cm
Base: G-9 02 -LâmpadasHalopin ou
Fita de Led: 5,4W | 3.000K ou 4.000K | 540 lm | 127V ou 220V
Material: Alumínio e Acrílico
Cores: Sólidas, Automotivas, Espelhadas e Especiais";291.32;16.60;17
6352;;Abajur Moobe Tub;"Largura: 16cm | Altura: 42,5cm | Profundidade: 30cm
Base: GU-10 01 -Lâmpada MiniDicróica
Material: Alumínio
Cores: Sólidas, Automotivas, Espelhadas e Especiais";293.49;16.60;17
6356;;Coluna Moobe Tub Simples;"Largura: 38cm | Altura: 1,55m | Profundidade: 22cm
Base: GU-10 01 -Lâmpada MiniDicróica
Material: Alumínio
Cores: Sólidas, Automotivas, Espelhadas e Especiais";512.90;16.60;17
6360;;Pendente Moobe Pan;"Largura: 10cm| Altura: 18cm| Profundidade: 10cm
Base: G-9 02 -LâmpadasHalopin ou
Fita de Led: 5,4W | 3.000K ou 4.000K | 540 lm | 127V ou 220V
Material: Alumínio e Acrílico (Cabo PP)
Cores: Sólidas, Automotivas, Espelhadas e Especiais";291.89;16.60;18
6361;;Pendente Moobe Tub;"Largura: 4,5cm | Altura: 43,5cm | Profundidade: 4,5cm
Base: GU-10 01 -Lâmpada MiniDicróica
Material: Alumínio (Cabo PP)
Cores: Sólidas, Automotivas, Espelhadas e Especiais";262.38;16.60;18
6365;;Pendente Moobe Pan Trilho;"Largura: 1,20m| Altura: 63cm| Profundidade: 10cm
Base: G-9 10-LâmpadasHalopin ou
Fita de Led: 27W | 3.000K ou 4.000K | 2.700 lm | 127V ou 220V
Material: Alumínio e Acrílico (Cabo energizado)
Cores: Sólidas, Automotivas, Espelhadas e Especiais";666.41;16.60;18
6366;;Pendente Moobe Tub Trilho;"Largura: 1,20m | Altura: 63cm | Profundidade: 12cm
Base: GU-10 05 -Lâmpadas MiniDicróica
Material: Alumínio (Cabo energizado)
Cores: Sólidas, Automotivas, Espelhadas e Especiais";649.86;16.60;18
6367;;Pendente Moobe Pan Tub Trilho;"Largura: 1,20m| Altura: 83cm| Profundidade: 10cm
Base: GU-10 02 -Lâmpada MiniDicróica
Base: G-9 06 -LâmpadasHalopin ou
Fita de Led: 16,2W | 3.000K ou 4.000K | 1.620 lm | 127V ou 220V
Material: Alumínio e Acrílico (Cabo energizado)
Cores: Sólidas, Automotivas, Espelhadas e Especiais";660.70;16.60;18
6170;;Arandela Moobe Toss;"Largura: 25cm| Altura: 70cm| Profundidade: 45cm
Base: E-27 01 -Lâmpada Bulbo
Material: Alumínio
Cores: Sólidas, Automotivas, Espelhadas e Especiais";211.12;16.60;18
6171;;Arandela Moobe Chanfro;"Largura: 11cm| Altura: 62cm| Profundidade: 26cm
Base: E-27 01 -Lâmpada Bulbo
Material: Alumínio
Cores: Sólidas, Automotivas, Espelhadas e Especiais";177.64;16.60;18
6171.C10;;Embalagem Combo 10 un - Arandela Moobe Chanfro;"Largura: 11cm| Altura: 62cm| Profundidade: 26cm
Base: E-27 01 -Lâmpada Bulbo
Material: Alumínio
Cores: Sólidas, Automotivas, Espelhadas e Especiais";113.90;16.60;18
6172;;Balizador de Jardim Moobe Chanfro;"Cores: Sólidas, Automotivas e Espelhadas
Largura: 11cm| Altura: 62cm| Profundidade: 26cm
Base: E-27 01 -Lâmpada Bulbo
Material: Alumínio
Cores: Sólidas, Automotivas, Espelhadas e Especiais";168.59;16.60;18
6172.C10;;Embalagem Combo 10 un - Balizador de Jardim Moobe Chanfro;"Cores: Sólidas, Automotivas e Espelhadas
Largura: 11cm| Altura: 62cm| Profundidade: 26cm
Base: E-27 01 -Lâmpada Bulbo
Material: Alumínio
Cores: Sólidas, Automotivas, Espelhadas e Especiais";113.90;16.60;18
6174;;Arandela Mobbe Tardy Low;"Cores: Sólidas, Automotivas e Espelhadas
Largura: 20cm| Altura: 62cm| Profundidade: 60cm
Base: GU-10 01 -Lâmpada Dicróica
Material: Alumínio
Cores: Sólidas, Automotivas, Espelhadas e Especiais";335.39;16.60;18
6177;;Arandela Moobe Pan Dupla;"Largura: 10cm| Altura: 52cm| Profundidade: 54cm
de Led: 10,8W | 3.000K ou 4.000K | 1.080 lm | 127V ou 220V
Material: Alumínio e Acrílico
Cores: Sólidas, Automotivas, Espelhadas e Especiais";554.85;16.60;19
6178;;Arandela Moobe Pan Simples P;"Largura: 10cm| Altura: 45cm| Profundidade: 42cm
Fita de Led: 5,4W | 3.000K ou 4.000K | 540 lm | 127V ou 220V
Material: Alumínio e Acrílico
Cores: Sólidas, Automotivas, Espelhadas e Especiais";334.94;16.60;19
6179;;Arandela Moobe Pan simples G;"Largura: 10cm| Altura: 47cm| Profundidade: 54cm
Fita de Led: 5,4W | 3.000K ou 4.000K | 540 lm | 127V ou 220V
Material: Alumínio e Acrílico
Cores: Sólidas, Automotivas, Espelhadas e Especiais";366.95;16.60;19
6180;;Arandela Moobe Tub Dupla;"Largura: 12cm | Altura: 70cm | Profundidade: 45cm
Base: GU-10 02 -Lâmpadas MiniDicróica
Material: Alumínio
Cores: Sólidas, Automotivas, Espelhadas e Especiais";639.47;16.60;19
6181;;Arandela Moobe Tub Simples P;"Largura: 11cm | Altura: 67cm | Profundidade: 35cm
Base: GU-10 01 -Lâmpada MiniDicróica
Material: Alumínio
Cores: Sólidas, Automotivas, Espelhadas e Especiais";358.48;16.60;19
6182;;Arandela Moobe Tub Simples G;"Largura: 11cm | Altura: 70cm | Profundidade: 45cm
Base: GU-10 01 -Lâmpada MiniDicróica
Material: Alumínio
Cores: Sólidas, Automotivas, Espelhadas e Especiais";392.10;16.60;19
6450;;Arandela Palm P;"Largura: 20cm | Altura: 25cm | Profundidade: 8cm
Base: E-27 01 -Lâmpada Bolinha
Material: Alumínio
Obs: Com regulagem de altura
Cores: Sólidas, Automotivas e Especiais";175.33;16.60;19
6451;;Arandela Palm M;"Largura: 28cm | Altura: 35cm | Profundidade: 8cm
Base: E-27 01 -Lâmpada Bolinha
Material: Alumínio
Obs: Com regulagem de altura
Cores: Sólidas, Automotivas e Especiais";230.95;16.60;19
6452;;Arandela Palm G;"Largura: 34cm | Altura: 44cm | Profundidade: 9cm
Base: E-27 01 -Lâmpada Bolinha
Material: Alumínio
Obs: Com regulagem de altura
Cores: Sólidas, Automotivas e Especiais";310.88;16.60;19
6454;;Arandela Palm Dupla;"Largura: 36cm | Altura: 45cm | Profundidade: 7cm
Base: E-27 01 -Lâmpada Bolinha
Material: Alumínio
Cores: Sólidas, Automotivas e Especiais";406.08;16.60;19
6455;;Arandela Palm Foco Triplo;"Largura: 63cm | Altura: 45cm| Profundidade: 5cm
Fita de Led: 13,5W | 3.000K ou 4.000K | 1.350 lm | 127V ou 220V
Material: Alumínio
Cores: Sólidas, Automotivas e Especiais";747.76;16.60;20
6456;;Arandela Palm Scult;"Largura: 1,40mt | Altura: 65cm| Profundidade: 8cm
Fita de Led: 33W | 3.000K ou 4.000K | 3.300 lm | 127V ou 220V
Material: Alumínio
Cores: Sólidas, Automotivas e Especiais";2527.59;16.60;20
6459;;Plafon - Arandela Palm M;"Largura: 1,20mt | Altura: 20cm | Profundidade: 90cm
Base: G-9 07 -Lâmpadas Halopin
Material: Alumínio
Cores: Sólidas, Automotivas e Especiais";4053.12;16.60;20
6460;;Plafon - Arandela Palm G;"Largura: 1,80mt | Altura: 25cm | Profundidade: 1,20mt
Base: G-9 08 -Lâmpadas Halopin
Material: Alumínio
Cores: Sólidas, Automotivas e Especiais";4706.06;16.60;20
6462;;Pendente Palm M;"Largura: 1,50mt | Altura: 60cm | Profundidade: 12cm
Base: G-9 10-Lâmpadas Halopin
de Led: 43,4W | 3.000K ou 4.000K | 4.340 lm | 127V ou 220V
Material: Alumínio e Acrílico (Cabo aço + Cabo energizado)
Cores: Sólidas, Automotivas e Especiais";6515.60;16.60;20
6463;;Pendente Palm G;"Largura: 2,50mt | Altura: 1mt | Profundidade: 12cm
Base: G-9 18 -Lâmpadas Halopin
Fita de Led: 77W | 3.000K ou 4.000K | 7.700 lm | 127V ou 220V
Material: Alumínio e Acrílico (Cabo aço + Cabo energizado)
Cores: Sólidas, Automotivas e Especiais";9493.21;16.60;20
5520P;;Arandela Retrô Quadrada Pequena;"Largura: 11cm | Altura: 30cm | Profundidade: 15cm
Base: E-27 01 -Lâmpadas Filamento
Material: Alumínio e Vidro
Cores: Sólidas e Automotivas";637.61;16.60;20
5520P.C05;;Embalagem Combo 05 un - Arandela Retrô Quadrada Pequena;"Largura: 11cm | Altura: 30cm | Profundidade: 15cm
Base: E-27 01 -Lâmpadas Filamento
Material: Alumínio e Vidro
Cores: Sólidas e Automotivas";410.90;16.60;20
5520P.C10;;Embalagem Combo 10 un - Arandela Retrô Quadrada Pequena;"Largura: 11cm | Altura: 30cm | Profundidade: 15cm
Base: E-27 01 -Lâmpadas Filamento
Material: Alumínio e Vidro
Cores: Sólidas e Automotivas";367.90;16.60;20
5520P.C20;;Embalagem Combo 20 un - Arandela Retrô Quadrada Pequena;"Largura: 11cm | Altura: 30cm | Profundidade: 15cm
Base: E-27 01 -Lâmpadas Filamento
Material: Alumínio e Vidro
Cores: Sólidas e Automotivas";313.90;16.60;20
5520G;;Arandela Retrô Quadrada Grande;"Largura: 20cm | Altura: 50cm | Profundidade: 17cm
Base: E-27 01 -Lâmpada Filamento
Material: Alumínio e Vidro
Cores: Sólidas e Automotivas";1008.66;16.60;20
5520G.C05;;Embalagem Combo 05 un - Arandela Retrô Quadrada Grande;"Largura: 20cm | Altura: 50cm | Profundidade: 17cm
Base: E-27 01 -Lâmpada Filamento
Material: Alumínio e Vidro
Cores: Sólidas e Automotivas";679.90;16.60;20
5520G.C10;;Embalagem Combo 10 un - Arandela Retrô Quadrada Grande;"Largura: 20cm | Altura: 50cm | Profundidade: 17cm
Base: E-27 01 -Lâmpada Filamento
Material: Alumínio e Vidro
Cores: Sólidas e Automotivas";614.90;16.60;20
5520G.C20;;Embalagem Combo 20 un - Arandela Retrô Quadrada Grande;"Largura: 20cm | Altura: 50cm | Profundidade: 17cm
Base: E-27 01 -Lâmpada Filamento
Material: Alumínio e Vidro
Cores: Sólidas e Automotivas";518.90;16.60;20
5520GG;;Arandela Retrô Quadrada GG;"Largura: 35cm | Altura: 93cm | Profundidade: 33cm
Base: G-8 04 -Lâmpadas T8Fluorescente Tubular LED
Material: Alumínio e Vidro
Cores: Sólidas e Automotivas";4197.02;16.60;21
5522P;;Arandela Retrô Sextavada Pequena;"Largura: 11cm | Altura: 30cm | Profundidade: 18cm
Base: E-27 01 -Lâmpada Filamento
Material: Alumínio e Vidro
Cores: Sólidas e Automotivas";637.61;16.60;21
5522P.C05;;Embalagem Combo 05 un - Arandela Retrô Sextavada Pequena;"Largura: 11cm | Altura: 30cm | Profundidade: 18cm
Base: E-27 01 -Lâmpada Filamento
Material: Alumínio e Vidro
Cores: Sólidas e Automotivas";410.90;16.60;21
5522P.C10;;Embalagem Combo 10 un - Arandela Retrô Sextavada Pequena;"Largura: 11cm | Altura: 30cm | Profundidade: 18cm
Base: E-27 01 -Lâmpada Filamento
Material: Alumínio e Vidro
Cores: Sólidas e Automotivas";367.90;16.60;21
5522P.C20;;Embalagem Combo 20 un - Arandela Retrô Sextavada Pequena;"Largura: 11cm | Altura: 30cm | Profundidade: 18cm
Base: E-27 01 -Lâmpada Filamento
Material: Alumínio e Vidro
Cores: Sólidas e Automotivas";313.90;16.60;21
5522G;;Arandela Retrô Sextavada Grande;"Largura: 21cm | Altura: 50cm | Profundidade: 24cm
Base: E-27 01 -Lâmpada Filamento
Material: Alumínio e Vidro
Cores: Sólidas e Automotivas";1008.66;16.60;21
5522G.C05;;Embalagem Combo 05 un - Arandela Retrô Sextavada Grande;"Largura: 21cm | Altura: 50cm | Profundidade: 24cm
Base: E-27 01 -Lâmpada Filamento
Material: Alumínio e Vidro
Cores: Sólidas e Automotivas";679.90;16.60;21
5522G.C10;;Embalagem Combo 10 un - Arandela Retrô Sextavada Grande;"Largura: 21cm | Altura: 50cm | Profundidade: 24cm
Base: E-27 01 -Lâmpada Filamento
Material: Alumínio e Vidro
Cores: Sólidas e Automotivas";614.90;16.60;21
5522G.C20;;Embalagem Combo 20 un - Arandela Retrô Sextavada Grande;"Largura: 21cm | Altura: 50cm | Profundidade: 24cm
Base: E-27 01 -Lâmpada Filamento
Material: Alumínio e Vidro
Cores: Sólidas e Automotivas";518.90;16.60;21
5522GG;;Arandela Retrô Sextavada GG;"Largura: 35cm | Altura: 93cm | Profundidade: 33cm
Base: G-8 04 -Lâmpadas T8Fluorescente Tubular LED
Material: Alumínio e Vidro
Cores: Sólidas e Automotivas";4197.02;16.60;21
5521PP;;Pendente Retrô Quadrado Mini;"Largura: 12cm | Altura: 24cm | Profundidade: 12cm
Base: E-27 01 -Lâmpada Filamento
Material: Alumínio e Vidro
Cores: Sólidas e Automotivas";637.61;16.60;21
5521P;;Pendente Retrô Quadrado Pequeno;"Largura: 17cm | Altura: 36cm | Profundidade: 17cm
Base: E-27 01 -Lâmpada Filamento
Material: Alumínio e Vidro
Cores: Sólidas e Automotivas";1008.66;16.60;21
5521G;;Pendente Retrô Quadrado Grande;"Largura: 30cm | Altura: 50cm | Profundidade: 30cm
Base: E-27 02 -Lâmpadas Filamento
Material: Alumínio e Vidro
Cores: Sólidas e Automotivas";1837.51;16.60;21
5523PP;;Pendente Retrô Sextavado Mini;"Largura: 15cm | Altura: 24cm | Profundidade: 15cm
Base: E-27 01 -Lâmpada Filamento
Material: Alumínio e Vidro
Cores: Sólidas e Automotivas";637.61;16.60;21
5523P;;Pendente Retrô Sextavado Pequeno;"Largura: 20cm | Altura: 36cm | Profundidade: 20cm
Base: E-27 01 -Lâmpada Filamento
Material: Alumínio e Vidro
Cores: Sólidas e Automotivas";1008.66;16.60;21
5523G;;Pendente Retrô Sextavado Grande;"Largura: 36cm | Altura: 50cm | Profundidade: 36cm
Base: E-27 02 -Lâmpadas Filamento
Material: Alumínio e Vidro
Cores: Sólidas e Automotivas";1984.54;16.60;22
5620;;Plafon Retrô Quadrado 40cm;"Largura: 40cm | Altura: 13cm | Profundidade: 40cm
Base: E-27 03 -Lâmpadas Bulbo
Material: Alumínio, Acrílico e Vidro
Cores: Sólidas e Automotivas";1326.79;16.60;22
5621;;Plafon Retrô Quadrado 50cm;"Largura: 50cm | Altura: 13cm | Profundidade: 50cm
Base: E-27 04 -Lâmpadas Bulbo
Material: Alumínio, Acrílico e Vidro
Cores: Sólidas e Automotivas";1514.50;16.60;22
5623;;Plafon Retrô Sextavado 40cm;"Largura: 40cm | Altura: 13cm | Profundidade: 40cm
Base: E-27 03 -Lâmpadas Bulbo
Material: Alumínio, Acrílico e Vidro
Cores: Sólidas e Automotivas";1393.00;16.60;22
5624;;Plafon Retrô Sextavado 50cm;"Largura: 50cm | Altura: 13cm | Profundidade: 50cm
Base: E-27 04 -Lâmpadas Bulbo
Material: Alumínio, Acrílico e Vidro
Cores: Sólidas e Automotivas";1590.26;16.60;22
5631P;;Poste Retrô Quadrado Pequeno 70cm;"Largura: 19cm | Altura: 70cm | Profundidade: 19cm
Base: E-27 01 -Lâmpada Bulbo
Material: Alumínio, Policarbonato e Vidro
Cores: Sólidas e Automotivas";1002.05;16.60;22
5631G;;Poste Retrô Quadrado Grande 70cm;"Largura: 32cm | Altura: 70cm | Profundidade: 32cm
Base: E-27 01 -Lâmpada Bulbo
Material: Alumínio, Policarbonato e Vidro
Cores: Sólidas e Automotivas";1859.25;16.60;22
5632P;;Poste Retrô Quadrado Pequeno 1m;"Largura: 19cm | Altura: 1mt| Profundidade: 19cm
Base: E-27 01 -Lâmpada Bulbo
Material: Alumínio, Policarbonato e Vidro
Cores: Sólidas e Automotivas";1064.22;16.60;22
5632G;;Poste Retrô Quadrado Grande 1m;"Largura: 32cm | Altura: 1mt | Profundidade: 32cm
Base: E-27 01 -Lâmpada Bulbo
Material: Alumínio, Policarbonato e Vidro
Cores: Sólidas e Automotivas";1983.71;16.60;22
5634P;;Poste Retrô Sextavado Pequeno 70cm;"Largura: 24cm | Altura: 70cm | Profundidade: 24cm
Base: E-27 01 -Lâmpada Bulbo
Material: Alumínio, Policarbonato e Vidro
Cores: Sólidas e Automotivas";1020.53;16.60;22
5634G;;Poste Retrô Sextavado Grande 70cm;"Largura: 39cm | Altura: 70cmt| Profundidade: 39cm
Base: E-27 01 -Lâmpada Bulbo
Material: Alumínio, Policarbonato e Vidro
Cores: Sólidas e Automotivas";1945.22;16.60;23
5635P;;Poste Retrô Sextavado Pequeno 1m;"Largura: 24cm | Altura: 1mt | Profundidade: 24cm
Base: E-27 01 -Lâmpada Bulbo
Material: Alumínio, Policarbonato e Vidro
Cores: Sólidas e Automotivas";1082.63;16.60;23
5635G;;Poste Retrô Sextavado Grande 1m;"Largura: 39cm | Altura: 1mt | Profundidade: 39cm
Base: E-27 01 -Lâmpada Bulbo
Material: Alumínio, Policarbonato e Vidro
Cores: Sólidas e Automotivas";2068.90;16.60;23
5628P;;Lanterna Retrô Quadrada Pequena;"Largura: 19cm | Altura: 45cm | Profundidade: 19cm
Base: E-27 01 -Lâmpada Bulbo
Material: Alumínio, Policarbonato e Vidro
Cores: Sólidas e Automotivas";815.37;16.60;23
5628G;;Lanterna Retrô Quadrada Grande;"Largura: 32cm | Altura: 52cm | Profundidade: 32cm
Base: E-27 01 -Lâmpada Bulbo
Material: Alumínio, Policarbonato e Vidro
Cores: Sólidas e Automotivas";1486.15;16.60;23
5629P;;Lanterna Retrô Sextavada Pequena;"Largura: 24cm | Altura: 45cm | Profundidade: 24cm
Base: E-27 01 -Lâmpada Bulbo
Material: Alumínio, Policarbonato e Vidro
Cores: Sólidas e Automotivas";833.78;16.60;23
5629G;;Lanterna Retrô Sextavada Grande;"Largura: 39cm | Altura: 52cm | Profundidade: 39cm
Base: E-27 01 -Lâmpada Bulbo
Material: Alumínio, Policarbonato e Vidro
Cores: Sólidas e Automotivas";1571.98;16.60;23
6400;;Arandela Arbo;"Largura: 9cm | Altura: 37cm | Profundidade: 14cm
Base: E-14 01 -Lâmpada Vela
Material: Alumínio e Vidro
Cores: Sólidas, Automotivas, Espelhadas e Especiais";411.02;16.60;23
6401;;Arandela Arbo Haste;"Largura: 9cm | Altura: 56cm | Profundidade: 17cm
Base: E-14 01 -Lâmpada Vela
Material: Alumínio e Vidro
Cores: Sólidas, Automotivas, Espelhadas e Especiais";431.42;16.60;23
6404;;Pendente Arbo;"Largura: 9cm | Altura: 56cm | Profundidade: 9cm
Base: E-14 01 -Lâmpada Vela
Material: Alumínio e Vidro (Cabo PP)
Cores: Sólidas, Automotivas, Espelhadas e Especiais";356.30;16.60;23
6405;;Pendente Arbo Ball P;"Largura: 15cm | Altura: 40cm | Profundidade: 15cm
Base: G-9 01 -Lâmpada Halopin
Material: Alumínio e Vidro (Esfera 15cm) (Cabo PP)
Cores: Sólidas, Automotivas, Espelhadas e Especiais";328.20;16.60;24
6406;;Pendente Arbo Ball G;"Largura: 20cm | Altura: 42cm | Profundidade: 20cm
Base: E-27 01 -Lâmpada Bolinha
Material: Alumínio e Vidro (Esfera 20cm) (Cabo PP)
Cores: Sólidas, Automotivas, Espelhadas e Especiais";349.24;16.60;24
6408;;Pendente Arbo Ball Haste;"Largura: 1,4m | Altura: 47cm | Profundidade: 20cm
Base: E-27 02 -Lâmpadas Bolinha
Material: Alumínio e Vidro (Esfera 20cm) (Cabo energizado)
Cores: Sólidas, Automotivas, Espelhadas e Especiais";698.49;16.60;24
6410;;Lustre Arbo;"Largura: 74cm | Altura: 87cm | Profundidade: 74cm
Base: E-14 04 -Lâmpadas Vela
Material: Alumínio e Vidro (Cabo PP)
Cores: Sólidas, Automotivas, Espelhadas e Especiais";1379.91;16.60;24
6270G;;Pendente Pass Plane G;"Largura: 58cm | Altura: 8cm | Profundidade: 7cm
Base: E-27 01 -LâmpadaBulbo
Material: Alumínio e Acrílico (Cabo PP)
Cores: Sólidas, Automotivas e Especiais
Espelhadas apenas na canopla e copo do soquete";146.20;16.60;24
6270P;;Pendente Pass Plane P;"Largura: 32cm | Altura: 8cm | Profundidade: 6cm
Base: E-27 01 -LâmpadaBulbo
Material: Alumínio e Acrílico (Cabo PP)
Cores: Sólidas, Automotivas e Especiais
Espelhadas apenas na canopla e copo do soquete";131.77;16.60;24
6271G;;Pendente Pass Rise G;"Largura: 55cm | Altura: 11cm | Profundidade: 7cm
Base: E-27 01 -LâmpadaBulbo
Material: Alumínio e Acrílico (Cabo PP)
Cores: Sólidas, Automotivas e Especiais
Espelhadas apenas na canopla e copo do soquete";146.20;16.60;24
6271P;;Pendente Pass Rise P;"Largura: 31cm | Altura: 8cm | Profundidade: 6cm
Base: E-27 01 -LâmpadaBulbo
Material: Alumínio e Acrílico (Cabo PP)
Cores: Sólidas, Automotivas e Especiais
Espelhadas apenas na canopla e copo do soquete";131.77;16.60;24
6272G;;Pendente Pass Velox G;"Largura: 50cm | Altura: 16cm | Profundidade: 7cm
Base: E-27 01 -LâmpadaBulbo
Material: Alumínio e Acrílico (Cabo PP)
Cores: Sólidas, Automotivas e Especiais
Espelhadas apenas na canopla e copo do soquete";146.20;16.60;24
6272P;;Pendente Pass Velox P;"Largura: 29cm | Altura: 9cm | Profundidade: 6cm
Base: E-27 01 -LâmpadaBulbo
Material: Alumínio e Acrílico (Cabo PP)
Cores: Sólidas, Automotivas e Especiais
Espelhadas apenas na canopla e copo do soquete";131.77;16.60;24
6016;;Abajur Thomas Cup;"Largura: 17cm | Altura: 46cm | Profundidade: 17cm
Base: E-27 01 -Lâmpada Bulbo
Material: Alumínio e Cúpula
Cores: Sólidas, Automotivas, Espelhadas e Especiais
Cores Cúpulas: Preta, Bege e Branca";273.29;16.60;25
6017;;Abajur Thomas Cup Duplo;"Largura: 35cm | Altura: 50cm | Profundidade: 35cm
Base: E-27 02 -Lâmpadas Bulbo
Material: Alumínio e Cúpula
Cores: Sólidas, Automotivas e Especiais
Cores Cúpulas: Preta, Bege e Branca";477.10;16.60;25
6018;;Coluna Thomas Cup Simples;"Largura: 22cm | Altura: 1,80mt| Profundidade: 22cm
Base: E-27 01 -Lâmpada Bulbo
Material: Alumínio e Cúpula
Cores: Sólidas, Automotivas, Espelhadas e Especiais
Cores Cúpulas: Preta, Bege e Branca";675.14;16.60;25
6019;;Coluna Thomas Cup Quatro;"Largura: 53cm | Altura: 1,85mt| Profundidade: 53cm
Base: E-27 04 -Lâmpadas Bulbo
Material: Alumínio e Cúpula
Cores: Sólidas, Automotivas e Especiais
Cores Cúpulas: Preta, Bege e Branca";1497.69;16.60;25
5985CP;;Arandela Thomas Cup Cúpula Pequena;"Largura: 17cm | Altura: 34cm| Profundidade: 17cm
Base: E-27 01 -Lâmpada Bolinha
Material: Alumínio e Cúpula
Cores: Sólidas, Automotivas, Espelhadas e Especiais
Cores Cúpulas: Preta, Bege e Branca";136.19;16.60;25
5985CG;;Arandela Thomas Cup Cúpula Grande;"Largura: 17cm | Altura: 34cm| Profundidade: 17cm
Base: E-27 01 -Lâmpada Bolinha
Material: Alumínio e Cúpula
Cores: Sólidas, Automotivas, Espelhadas e Especiais
Cores Cúpulas: Preta, Bege e Branca";189.76;16.60;25
5987CP;;Arandela Thomas Cup Haste Cúpula Pequena;"Largura: 17cm | Altura: 50cm| Profundidade: 17cm
Base: E-27 01 -Lâmpada Bolinha
Material: Alumínio e Cúpula
Cores: Sólidas, Automotivas e Especiais
Cores Cúpulas: Preta, Bege e Branca";144.09;16.60;25
5987CG;;Arandela Thomas Cup Haste Cúpula Grande;"Largura: 17cm | Altura: 50cm| Profundidade: 17cm
Base: E-27 01 -Lâmpada Bolinha
Material: Alumínio e Cúpula
Cores: Sólidas, Automotivas e Especiais
Cores Cúpulas: Preta, Bege e Branca";197.33;16.60;25
6009;;Lustre Thomas Haste Cup 4;"Largura: 50cm | Altura: 48cm| Profundidade: 50cm
Base: E-27 04 -Lâmpadas Bolinha
Material: Alumínio e Cúpula (Corrente + Cabo PP)
Cores: Sólidas, Automotivas e Especiais
Cores Cúpulas: Preta, Bege e Branca";945.34;16.60;25
6010;;Lustre Thomas Haste Cup 6;"Largura: 85cm | Altura: 50cm| Profundidade: 85cm
Base: E-27 06 -Lâmpadas Bolinha
Material: Alumínio e Cúpula (Corrente + Cabo PP)
Cores: Sólidas, Automotivas e Especiais
Cores Cúpulas: Preta, Bege e Branca";1338.47;16.60;25
6011;;Lustre Thomas Haste Cup 10;"Largura: 85cm | Altura: 70cm| Profundidade: 85cm
Base: E-27 10-Lâmpadas Bolinha
Material: Alumínio e Cúpula (Corrente + Cabo PP)
Cores: Sólidas, Automotivas e Especiais
Cores Cúpulas: Preta, Bege e Branca";2214.98;16.60;25
6027;;Pendente Kellua Light 80cm;"Largura: 80cm | Altura: 2,5cm| Profundidade: 3,5cm
de Led: 13,4W | 3.000K ou 4.000K | 1.340 lm | 127V ou 220V
Material: Alumínio e Acrílico (Cabo energizado)
Cores: Sólidas, Automotivas e Especiais";652.49;16.60;26
6028;;Pendente Kellua Light 1,00 mt;"Largura: 1mt | Altura: 2,5cm| Profundidade: 3,5cm
Fita de Led: 17W | 3.000K ou 4.000K | 1.700 lm | 127V ou 220V
Material: Alumínio e Acrílico (Cabo energizado)
Cores: Sólidas, Automotivas e Especiais";815.50;16.60;26
6029;;Pendente Kellua Light 1,20 mt;"Largura: 1,2mt | Altura: 2,5cm| Profundidade: 3,5cm
Fita de Led: 20,7W | 3.000K ou 4.000K | 2.070 lm | 127V ou 220V
Material: Alumínio e Acrílico (Cabo energizado)
Cores: Sólidas, Automotivas e Especiais";978.70;16.60;26
6035;;Arandela Kellua Minimal 50cm;"Largura: 3,5cm| Altura: 55cm| Profundidade: 8cm
Fita de Led: 8,2W | 3.000K ou 4.000K | 820 lm | 127V ou 220V
Material: Alumínio e Acrílico
Cores: Sólidas, Automotivas e Especiais";442.71;16.60;26
6036;;Arandela Kellua Minimal 80cm;"Largura: 3,5cm| Altura: 85cm| Profundidade: 8cm
de Led: 13,60W | 3.000K ou 4.000K | 1.360 lm | 127V ou 220V
Material: Alumínio e Acrílico
Cores: Sólidas e Automotivas";460.55;16.60;26
6037;;Arandela Kellua Minimal 1 mt;"Largura: 3,5cm| Altura: 1,05m| Profundidade: 8cm
Fita de Led: 17,2W | 3.000K ou 4.000K | 1.720 lm | 127V ou 220V
Material: Alumínio e Acrílico
Cores: Sólidas e Automotivas";595.78;16.60;26
6038;;Arandela Kellua Minimal 1,50 mt;"Largura: 3,5cm| Altura: 1,55mt| Profundidade: 8cm
Fita de Led: 26,2W | 3.000K ou 4.000K | 2.620 lm | 127V ou 220V
Material: Alumínio e Acrílico
Cores: Sólidas e Automotivas";893.64;16.60;26
6023;;Arandela Kellua Camarim;"Largura: 56cm| Altura: 10cm| Profundidade: 9cm
Fita de Led: 9W | 3.000K ou 4.000K | 900 lm | 127V ou 220V
Material: Alumínio e Acrílico
Cores: Sólidas, Automotivas e Especiais";473.12;16.60;26
6020D;;Arandela Kellua Light Direta P;"Largura: 8cm| Altura: 56cm| Profundidade: 5,5cm
Fita de Led: 9W | 3.000K ou 4.000K | 900 lm | 127V ou 220V
Material: Alumínio e Acrílico
Cores: Sólidas, Automotivas e Especiais";466.13;16.60;26
6020i;;Arandela Kellua Light Indireta P;"Largura: 8cm| Altura: 56cm| Profundidade: 5,5cm
Fita de Led: 9W | 3.000K ou 4.000K | 900 lm | 127V ou 220V
Material: Alumínio e Acrílico
Cores: Sólidas, Automotivas e Especiais";466.13;16.60;26
6021D;;Arandela Kellua Light Direta M;"Largura: 8cm| Altura: 82cm| Profundidade: 5,5cm
de Led: 13,7W | 3.000K ou 4.000K | 1.370 lm | 127V ou 220V
Material: Alumínio e Acrílico
Cores: Sólidas, Automotivas e Especiais";523.54;16.60;27
6021i;;Arandela Kellua Light Indireta M;"Largura: 8cm| Altura: 82cm| Profundidade: 5,5cm
de Led: 13,7W | 3.000K ou 4.000K | 1.370 lm | 127V ou 220V
Material: Alumínio e Acrílico
Cores: Sólidas, Automotivas e Especiais";523.54;16.60;27
6022D;;Arandela Kellua Light Direta G;"Largura: 8cm| Altura: 1,06m| Profundidade: 5,5cm
de Led: 18W | 3.000K ou 4.000K | 1.800 lm | 127V ou 220V
Material: Alumínio e Acrílico
Cores: Sólidas, Automotivas e Especiais";626.51;16.60;27
6022i;;Arandela Kellua Light Indireta G;"Largura: 8cm| Altura: 1,06m| Profundidade: 5,5cm
de Led: 18W | 3.000K ou 4.000K | 1.800 lm | 127V ou 220V
Material: Alumínio e Acrílico
Cores: Sólidas, Automotivas e Especiais";626.51;16.60;27
5861;;Abajur Kellua Light;"Largura: 12cm| Altura: 65m| Profundidade: 16cm
de Led: 6,3W | 3.000K ou 4.000K | 630 lm | 127V ou 220V
Material: Alumínio e Acrílico
Cores: Sólidas, Automotivas e Especiais";637.29;16.60;27
5859;;Coluna Kellua Light;"Largura: 18cm| Altura: 1,75m| Profundidade: 15cm
de Led: 25,2W | 3.000K ou 4.000K | 2.520 lm | 127V ou 220V
Material: Alumínio e Acrílico
Cores: Sólidas, Automotivas e Especiais";1122.40;16.60;27
6049;;Abajur Kellua Single;"Largura: 20cm | Altura: 25cm | Profundidade: 20cm
Base: E-27 01 -Lâmpada Bulbo
Material: Alumínio e Vidro (Esfera 20cm)
Cores: Sólidas, Automotivas e Especiais";383.82;16.60;27
6050;;Abajur Kellua Couple;"Largura: 20cm | Altura: 25cm | Profundidade: 40cm
Base: E-27 02 -Lâmpadas Bulbo/ Bolinha
Material: Alumínio e Vidro (Esfera 20cm / 15cm)
Cores: Sólidas, Automotivas e Especiais";528.68;16.60;27
6026;;Arandela Kellua Chanfro;"Largura: 15cm | Altura: 38cm | Profundidade: 21cm
Base: E-27 01 -Lâmpada Bolinha
Material: Alumínio e Vidro (Esfera 15cm)
Cores: Sólidas, Automotivas e Especiais";325.31;16.60;27
6026.C05;;Embalagem Combo 05 un - Arandela Kellua Chanfro;"Largura: 15cm | Altura: 38cm | Profundidade: 21cm
Base: E-27 01 -Lâmpada Bolinha
Material: Alumínio e Vidro (Esfera 15cm)
Cores: Sólidas, Automotivas e Especiais";221.90;16.60;27
6025;;Arandela Kellua Quadrada;"Largura: 15cm | Altura: 25cm | Profundidade: 27cm
Base: E-27 01 -Lâmpada Bolinha
Material: Alumínio e Vidro (Esfera 15cm)
Cores: Sólidas, Automotivas e Especiais";345.65;16.60;27
5862;;Arandela Kellua;"Largura: 67cm | Altura: 1mt | Profundidade: 23cm
Base: E-27 2-Lâmpadas Bulbo
Fita de Led: 7W | 3.000K ou 4.000K | 700 lm | 127V ou 220V
Material: Alumínio e Vidro (Esfera 20cm)
Cores: Sólidas, Automotivas, Espelhadas (detalhes) e Especiais";1409.42;16.60;27
5863;;Arandela Kellua Sfera;"Largura: 20cm | Altura: 24cm | Profundidade: 28cm
Base: E-27 01 -Lâmpada Bulbo
Material: Alumínio e Vidro (Esfera 20cm)
Cores: Sólidas, Automotivas e Especiais";384.27;16.60;28
6061;;Pendente Kellua Chanfro M;"Largura: 15cm | Altura: 47cm | Profundidade: 15cm
Base: E-27 01 -Lâmpada Bulbo
Material: Alumínio e Vidro (Esfera 15cm) (Cabo PP)
Cores: Sólidas, Automotivas e Especiais";325.50;16.60;28
6061.C05;;Embalagem Combo 05 un - Pendente Kellua Chanfro M;"Largura: 15cm | Altura: 47cm | Profundidade: 15cm
Base: E-27 01 -Lâmpada Bulbo
Material: Alumínio e Vidro (Esfera 15cm) (Cabo PP)
Cores: Sólidas, Automotivas e Especiais";269.90;16.60;28
6062;;Pendente Kellua Chanfro G;"Largura: 20cm | Altura: 52cm | Profundidade: 20cm
Base: E-27 01 -Lâmpada Bulbo
Material: Alumínio e Vidro (Esfera 20cm) (Cabo PP)
Cores: Sólidas, Automotivas e Especiais";353.67;16.60;28
6062.C05;;Embalagem Combo 05 un - Pendente Kellua Chanfro G;"Largura: 20cm | Altura: 52cm | Profundidade: 20cm
Base: E-27 01 -Lâmpada Bulbo
Material: Alumínio e Vidro (Esfera 20cm) (Cabo PP)
Cores: Sólidas, Automotivas e Especiais";291.90;16.60;28
6063;;Pendente Kellua Chanfro P;"Largura: 10cm | Altura: 35cm | Profundidade: 10cm
Base: E-27 01 -Lâmpada Bolinha
Material: Alumínio e Vidro (Esfera 10cm) (Cabo PP)
Cores: Sólidas, Automotivas e Especiais";297.32;16.60;28
6063.C05;;Embalagem Combo 05 un - Pendente Kellua Chanfro P;"Largura: 10cm | Altura: 35cm | Profundidade: 10cm
Base: E-27 01 -Lâmpada Bolinha
Material: Alumínio e Vidro (Esfera 10cm) (Cabo PP)
Cores: Sólidas, Automotivas e Especiais";221.90;16.60;28
40000;;Abajur Perla P;"Largura: 16cm | Altura: 15cm | Profundidade: 17cm
Base: G-9 01 -LâmpadaHalopin
Material: Alumínio, Acrílico e Vidro (Esfera 10cm)
Cores: Sólidas, Automotivas e Especiais";364.00;16.60;28
40001;;Abajur Perla G;"Largura: 20cm | Altura: 18cm | Profundidade: 21cm
Base: E-27 01 -LâmpadaBolinha
Material: Alumínio, Acrílico e Vidro (Esfera 15cm)
Cores: Sólidas, Automotivas e Especiais";418.91;16.60;28
40005;;Arandela Perla P;"Largura: 17cm | Altura: 23cm | Profundidade: 12cm
Base: G-9 01 -LâmpadaHalopin
Material: Alumínio, Acrílico e Vidro (Esfera 10cm)
Cores: Sólidas, Automotivas e Especiais";335.96;16.60;28
40006;;Arandela Perla G;"Largura: 20cm | Altura: 30cm | Profundidade: 16cm
Base: E-27 01 -LâmpadaBolinha
Material: Alumínio, Acrílico e Vidro (Esfera 15cm)
Cores: Sólidas, Automotivas e Especiais";391.13;16.60;28
40008;;Pendente Perla P;"Largura: 25cm | Altura: 13cm | Profundidade: 17cm
Base: G-9 01 -LâmpadaHalopin
Material: Alumínio, Acrílico e Vidro (Esfera 10cm) (Cabo PP)
Cores: Sólidas, Automotivas e Especiais";346.04;16.60;28
40009;;Pendente Perla G;"Largura: 30cm | Altura: 20cm | Profundidade: 21cm
Base: E-27 01 -LâmpadaBolinha
Material: Alumínio, Acrílico e Vidro (Esfera 15cm) (Cabo PP)
Cores: Sólidas, Automotivas e Especiais";401.91;16.60;28
40010;;Pendente Perla GG;"Largura: 57cm | Altura: 25cm | Profundidade: 57cm
Base: E-27 01 -LâmpadaBulbo
Alumínio, Fibra de Vidro e Vidro (Esfera 20cm) (Cabo PP)
Cores: Sólidas, Automotivas e Especiais";745.45;16.60;29
40020;;Pendente Perla Haste Horizontal Triplo;"Largura: 1,40m | Altura: 37cm | Profundidade: 33cm
Base: E-27 03 -LâmpadasBolinha
Alumínio, Acrílico e Vidro (Esfera 15cm) (Cabo energizado)
Cores: Sólidas, Automotivas e Especiais";1116.31;16.60;29
40023;;Pendente Perla Haste Vertical;"Largura: 33cm | Altura: 60cm | Profundidade: 22cm
Base: E-27 02 -LâmpadasBolinha
Base: GU-10 01 -Lâmpada Mini Dicróica
Material: Alumínio, Acrílico e Vidro (Esfera 15cm) (Cabo PP)
Cores: Sólidas, Automotivas e Especiais";726.78;16.60;29
40025;;Pendente Perla Haste Horizontal Quatro;"Largura: 1,4m | Altura: 37cm | Profundidade: 22cm
Base: E-27 04 -LâmpadasBolinha
Alumínio, Acrílico e Vidro (Esfera 15cm) (Cabo eletrificado)
Cores: Sólidas, Automotivas e Especiais";1173.47;16.60;29
5837;;Arandela Vintage AR P;"Largura: 19cm | Altura: 60cm | Profundidade: 27cm
Base: GU-10 01 -LâmpadaDicróica
Material: Alumínio e Vidro
Cores: Sólidas e Automotivas";811.14;16.60;29
5838;;Arandela Vintage P;"Largura: 19cm | Altura: 60cm | Profundidade: 27cm
Base: E-27 01 -LâmpadaBulbo
Material: Alumínio, Vidro e Policarbonato UV
Cores: Sólidas e Automotivas";891.97;16.60;29
5839;;Arandela Vintage Duo P;"Largura: 19cm | Altura: 60cm | Profundidade: 27cm
Base: E-27 01 -LâmpadaBulbo
Material: Alumínio, Vidro e Policarbonato UV
Cores: Sólidas e Automotivas";1005.39;16.60;29
5840;;Arandela Vintage Duo G;"Largura: 24cm | Altura: 90cm | Profundidade: 37cm
Base: G-8 01 -LâmpadaTubular Led T-8
Material: Alumínio, Vidro e Policarbonato UV
Cores: Sólidas e Automotivas";3496.54;16.60;29
5845;;Lanterna Vintage P;"Largura: 18cm | Altura: 62cm | Profundidade: 18cm
Base: GU-10 01 -LâmpadaDicróica
Material: Alumínio e Vidro
Cores: Sólidas e Automotivas";740.83;16.60;29
5846;;Lanterna Vintage M;"Largura: 18cm | Altura: 72cm | Profundidade: 18cm
Base: GU-10 01 -LâmpadaDicróica
Material: Alumínio e Vidro
Cores: Sólidas e Automotivas";856.04;16.60;29
5847;;Lanterna Vintage G;"Largura: 18cm | Altura: 82cm | Profundidade: 18cm
Base: GU-10 01 -LâmpadaDicróica
Material: Alumínio e Vidro
Cores: Sólidas e Automotivas";931.10;16.60;30
5848;;Lanterna Vintage Poli P;"Largura: 18cm | Altura: 62cm | Profundidade: 18cm
Base: E-27 01 -LâmpadaBulbo
Material: Alumínio, Vidro e Policarbonato UV
Cores: Sólidas e Automotivas";814.86;16.60;30
5849;;Lanterna Vintage Poli M;"Largura: 18cm | Altura: 72cm | Profundidade: 18cm
Base: E-27 01 -LâmpadaBulbo
Material: Alumínio, Vidro e Policarbonato UV
Cores: Sólidas e Automotivas";941.62;16.60;30
5850;;Lanterna Vintage Poli G;"Largura: 18cm | Altura: 82cm | Profundidade: 18cm
Base: E-27 01 -LâmpadaBulbo
Material: Alumínio, Vidro e Policarbonato UV
Cores: Sólidas e Automotivas";1024.12;16.60;30
5852;;Pendente Vintage P;"Largura: 18cm | Altura: 62cm | Profundidade: 18cm
Base: GU-10 01 -LâmpadaAR70
Material: Alumínio e Vidro
Cores: Sólidas e Automotivas";740.83;16.60;30
5853;;Pendente Vintage M;"Largura: 18cm | Altura: 72cm | Profundidade: 18cm
Base: GU-10 01 -LâmpadaAR70
Material: Alumínio e Vidro
Cores: Sólidas e Automotivas";856.04;16.60;30
5854;;Pendente Vintage G;"Largura: 18cm | Altura: 82cm | Profundidade: 18cm
Base: GU-10 01 -LâmpadaAR70
Material: Alumínio e Vidro
Cores: Sólidas e Automotivas";931.10;16.60;30
6247B;;Pendente Fluid 35cm Ball;"Largura: 35cm | Altura: 25cm | Profundidade: 35cm
Base: G-9 01 -Lâmpada Halopin
Material: Alumínio, Acrílico e Vidro (Esfera 10cm) (Cabo PP)
Cores: Sólidas, Automotivas, Espelhadas (detalhes) e Especiais";243.65;16.60;30
6247E;;Pendente Fluid 35cm E-27;"Largura: 35cm | Altura: 21cm | Profundidade: 35cm
Base: E-27 01 -Lâmpada Filamento
Material: Alumínio e Acrílico (Cabo PP)
Cores: Sólidas, Automotivas, Espelhadas (detalhes) e Especiais";192.33;16.60;30
6248B;;Pendente Fluid Line 35cm Ball;"Largura: 35cm | Altura: 25cm | Profundidade: 35cm
Base: G-9 01 -Lâmpada Halopin
Material: Alumínio, Acrílico e Vidro (Esfera 10cm) (Cabo PP)
Cores: Sólidas, Automotivas, Espelhadas (detalhes) e Especiais";243.65;16.60;30
6248E;;Pendente Fluid Line 35cm E-27;"Largura: 35cm | Altura: 21cm | Profundidade: 35cm
Base: E-27 01 -Lâmpada Filamento
Material: Alumínio e Acrílico (Cabo PP)
Cores: Sólidas, Automotivas, Espelhadas (detalhes) e Especiais";192.33;16.60;31
6249B;;Pendente Fluid Daisy 35cm Ball;"Largura: 35cm | Altura: 25cm | Profundidade: 35cm
Base: G-9 01 -Lâmpada Halopin
Material: Alumínio, Acrílico e Vidro (Esfera 10cm) (Cabo PP)
Cores: Sólidas, Automotivas, Espelhadas (detalhes) e Especiais";243.65;16.60;31
6249E;;Pendente Fluid Daisy 35cm E-27;"Largura: 35cm | Altura: 21cm | Profundidade: 35cm
Base: E-27 01 -Lâmpada Filamento
Material: Alumínio e Acrílico (Cabo PP)
Cores: Sólidas, Automotivas, Espelhadas (detalhes) e Especiais";192.33;16.60;31
6250B;;Pendente Fluid 60cm Ball;"Largura: 60cm | Altura: 34cm | Profundidade: 60cm
Base: G-9 01 -Lâmpada Halopin
Material: Alumínio, Acrílico e Vidro (Esfera 10cm (Cabo PP)
Cores: Sólidas, Automotivas, Espelhadas (detalhes) e Especiais";551.58;16.60;31
6250E;;Pendente Fluid 60cm E-27;"Largura: 60cm | Altura: 30cm | Profundidade: 60cm
Base: E-27 01 -Lâmpada Filamento
Material: Alumínio e Acrílico (Cabo PP)
Cores: Sólidas, Automotivas, Espelhadas (detalhes) e Especiais";487.43;16.60;31
6251B;;Pendente Fluid Line 60cm Ball;"Largura: 60cm | Altura: 34cm | Profundidade: 60cm
Base: G-9 01 -Lâmpada Halopin
Material: Alumínio, Acrílico e Vidro (Esfera 10cm) (Cabo PP)
Cores: Sólidas, Automotivas, Espelhadas (detalhes) e Especiais";551.58;16.60;31
6251E;;Pendente Fluid Line 60cm E-27;"Largura: 60cm | Altura: 30cm | Profundidade: 60cm
Base: E-27 01 -Lâmpada Filamento
Material: Alumínio e Acrílico (Cabo PP)
Cores: Sólidas, Automotivas, Espelhadas (detalhes) e Especiais";487.43;16.60;31
6255B;;Pendente Fluid Daisy 60cm Ball;"Largura: 60cm | Altura: 34cm | Profundidade: 60cm
Base: G-9 01 -Lâmpada Halopin
Material: Alumínio, Acrílico e Vidro (Esfera 10cm) (Cabo PP)
Cores: Sólidas, Automotivas, Espelhadas (detalhes) e Especiais";551.58;16.60;31
6255E;;Pendente Fluid Daisy 60cm E-27;"Largura: 60cm | Altura: 30cm | Profundidade: 60cm
Base: E-27 01 -Lâmpada Filamento
Material: Alumínio e Acrílico (Cabo PP)
Cores: Sólidas, Automotivas, Espelhadas (detalhes) e Especiais";487.43;16.60;31
6260B;;Pendente Fluid 80cm Ball;"Largura: 80cm | Altura: 39cm | Profundidade: 80cm
Base: E-27 01 -Lâmpada Bolinha
Material: Alumínio, Acrílico e Vidro (Esfera 15cm) (Cabo PP)
Cores: Sólidas, Automotivas, Espelhadas (detalhes) e Especiais";872.34;16.60;31
6260E;;Pendente Fluid 80cm E-27;"Largura: 80cm | Altura: 35cm | Profundidade: 80cm
Base: E-27 01 -Lâmpada Filamento
Material: Alumínio e Acrílico (Cabo PP)
Cores: Sólidas, Automotivas, Espelhadas (detalhes) e Especiais";769.70;16.60;31
6261B;;Pendente Fluid Line 80cm Ball;"Largura: 80cm | Altura: 39cm | Profundidade: 80cm
Base: E-27 01 -Lâmpada Bolinha
Material: Alumínio, Acrílico e Vidro (Esfera 15cm) (Cabo PP)
Cores: Sólidas, Automotivas, Espelhadas (detalhes) e Especiais";872.34;16.60;32
6261E;;Pendente Fluid Line 80cm E-27;"Largura: 80cm | Altura: 35cm | Profundidade: 80cm
Base: E-27 01 -Lâmpada Filamento
Material: Alumínio e Acrílico (Cabo PP)
Cores: Sólidas, Automotivas, Espelhadas (detalhes) e Especiais";769.70;16.60;32
6265B;;Pendente Fluid Daisy 80cm Ball;"Largura: 80cm | Altura: 39cm | Profundidade: 80cm
Base: E-27 01 -Lâmpada Bolinha
Material: Alumínio, Acrílico e Vidro (Esfera 15cm) (Cabo PP)
Cores: Sólidas, Automotivas, Espelhadas (detalhes) e Especiais";872.34;16.60;32
6265E;;Pendente Fluid Daisy 80cm E-27;"Largura: 80cm | Altura: 35cm | Profundidade: 80cm
Base: E-27 01 -Lâmpada Filamento
Material: Alumínio e Acrílico (Cabo PP)
Cores: Sólidas, Automotivas, Espelhadas (detalhes) e Especiais";769.70;16.60;32
6290;;Abajur Papir Ball;"Largura: 31cm | Altura: 20cm | Profundidade: 25cm
Base: E-27 01 -LâmpadaBolinha
Material: Alumínio, Acrílico e Vidro (Esfera 15cm)
Cores: Sólidas, Automotivas e Especiais";395.95;16.60;32
6294;;Arandela Papir In;"Largura: 31cm| Altura: 25cm| Profundidade: 8cm
Fita de Led: 9W | 3.000K ou 4.000K | 900 lm | 127V ou 220V
Material: Alumínio e Acrílico
Cores: Sólidas, Automotivas e Especiais";308.31;16.60;32
6295;;Arandela Papir Ball;"Largura: 30cm | Altura: 25cm | Profundidade: 17cm
Base: G-9 01 -LâmpadaHalopin
Material: Alumínio, Acrílico e Vidro (Esfera 10cm)
Cores: Sólidas, Automotivas e Especiais";356.36;16.60;32
6296;;Arandela Papir Ball In;"Largura: 30cm | Altura: 25cm | Profundidade: 17cm
Base: G-9 01 -LâmpadaHalopin
Fita de Led: 9W | 3.000K ou 4.000K | 900 lm | 127V ou 220V
Material: Alumínio, Acrílico e Vidro (Esfera 10cm)
Cores: Sólidas, Automotivas e Especiais";414.04;16.60;32
6302;;Pendente Papir In M;"Largura: 65cm| Altura: 45cm| Profundidade: 10cm
Fita de Led: 4,2W | 3.000K ou 4.000K | 420 lm | 127V ou 220V
Material: Alumínio e Acrílico
Cores: Sólidas, Automotivas e Especiais";693.74;16.60;32
6303;;Pendente Papir In G;"Largura: 1,30m| Altura: 50cm| Profundidade: 15cm
de Led: 15,4W | 3.000K ou 4.000K | 1.540 lm | 127V ou 220V
Material: Alumínio e Acrílico
Cores: Sólidas, Automotivas e Especiais";1387.55;16.60;32
6304;;Pendente Papir In P;"Largura: 31m| Altura: 25cm| Profundidade: 8cm
Fita de Led: 2,1W | 3.000K ou 4.000K | 210 lm | 127V ou 220V
Material: Alumínio e Acrílico
Cores: Sólidas, Automotivas e Especiais";338.72;16.60;33
5800;;Arandela Minimal P;"Largura: 10cm| Altura: 70cm| Profundidade: 12cm
Base: G-8 01 -LâmpadaTubular Menor Led T-8
Material: Alumínio e Policarbonato
Cores: Sólidas e Automotivas";644.34;16.60;33
5801;;Arandela Minimal G;"Largura: 10cm| Altura: 1,30m| Profundidade: 12cm
Base: G-8 01 -LâmpadaTubular Maior Led T-8
Material: Alumínio e Policarbonato
Cores: Sólidas e Automotivas";1132.35;16.60;33
5810;;Pendente Minimal;"Largura: 8cm| Altura: 48cm| Profundidade: 8cm
Base: GU-10 01 -LâmpadaDicróica
Material: Alumínio e Acrílico
Cores: Sólidas, Automotivas e Especiais";358.99;16.60;33
5805;;Plafon Minimal;"Largura: 8cm| Altura: 48cm| Profundidade: 8cm
Base: GU-10 01 -LâmpadaDicróica
Material: Alumínio e Acrílico
Cores: Sólidas, Automotivas e Especiais";317.10;16.60;33
5806;;Poste Minimal P;"Largura: 8cm| Altura: 20cm| Profundidade: 8cm
Base: GU-10 01 -LâmpadaDicróica
Material: Alumínio e Acrílico
Cores: Sólidas e Automotivas";124.01;16.60;33
5806.C10;;Embalagem Combo 10 un - Poste Minimal P;"Largura: 8cm| Altura: 20cm| Profundidade: 8cm
Base: GU-10 01 -LâmpadaDicróica
Material: Alumínio e Acrílico
Cores: Sólidas e Automotivas";91.90;16.60;33
5807;;Poste Minimal M;"Largura: 8cm| Altura: 50cm| Profundidade: 8cm
Base: GU-10 01 -LâmpadaDicróica
Material: Alumínio e Acrílico
Cores: Sólidas e Automotivas";235.95;16.60;33
5807.C10;;Embalagem Combo 10 un - Poste Minimal M;"Largura: 8cm| Altura: 50cm| Profundidade: 8cm
Base: GU-10 01 -LâmpadaDicróica
Material: Alumínio e Acrílico
Cores: Sólidas e Automotivas";172.90;16.60;33
5808;;Poste Minimal G;"Largura: 8cm| Altura: 70cm| Profundidade: 8cm
Base: GU-10 01 -LâmpadaDicróica
Material: Alumínio e Acrílico
Cores: Sólidas e Automotivas
Cores: Sólidas, Automotivas e Espelhadas";271.23;16.60;33
5808.C10;;Embalagem Combo 10 un - Poste Minimal G;"Largura: 8cm| Altura: 70cm| Profundidade: 8cm
Base: GU-10 01 -LâmpadaDicróica
Material: Alumínio e Acrílico
Cores: Sólidas e Automotivas
Cores: Sólidas, Automotivas e Espelhadas";226.69;16.60;33
6088;;Arandela Sole Sfera;"Largura: 15cm | Altura: 15cm | Profundidade: 16cm
Base: E-27 01 -Lâmpada Bolinha
Material: Alumínio e Vidro (Esfera 15cm)
Cores: Sólidas, Automotivas e Especiais";212.15;16.60;33
6088.C05;;Embalagem Combo 05 un - Arandela Sole Sfera;"Largura: 15cm | Altura: 15cm | Profundidade: 16cm
Base: E-27 01 -Lâmpada Bolinha
Material: Alumínio e Vidro (Esfera 15cm)
Cores: Sólidas, Automotivas e Especiais";169.90;16.60;33
6077;;Arandela Sole Gota;"Largura: 18cm | Altura: 41cm | Profundidade: 10cm
Base: G-9 01 -Lâmpada Halopin
Material: Alumínio e Vidro (Esfera 10cm)
Cores: Sólidas, Automotivas e Especiais";241.98;16.60;34
6077.C05;;Embalagem Combo 05 un - Arandela Sole Gota;"Largura: 18cm | Altura: 41cm | Profundidade: 10cm
Base: G-9 01 -Lâmpada Halopin
Material: Alumínio e Vidro (Esfera 10cm)
Cores: Sólidas, Automotivas e Especiais";169.90;16.60;34
6075;;Arandela Sole Oval;"Largura: 10cm | Altura: 33cm | Profundidade: 17cm
Base: G-9 01 -Lâmpada Halopin
Material: Alumínio e Vidro (Esfera 10cm)
Cores: Sólidas, Automotivas, Espelhadas e Especiais";241.98;16.60;34
6075.C05;;Embalagem Combo 05 un - Arandela Sole Oval;"Largura: 10cm | Altura: 33cm | Profundidade: 17cm
Base: G-9 01 -Lâmpada Halopin
Material: Alumínio e Vidro (Esfera 10cm)
Cores: Sólidas, Automotivas, Espelhadas e Especiais";169.90;16.60;34
6066;;Arandela Sole Haste Simples PP;"Largura: 10cm | Altura: 40cm | Profundidade: 12cm
Base: G-9 01 -Lâmpada Halopin
Material: Alumínio e Vidro (Esfera 10cm)
Cores: Sólidas, Automotivas, Espelhadas e Especiais";233.90;16.60;34
6066.C05;;Embalagem Combo 05 un - Arandela Sole Haste Simples PP;"Largura: 10cm | Altura: 40cm | Profundidade: 12cm
Base: G-9 01 -Lâmpada Halopin
Material: Alumínio e Vidro (Esfera 10cm)
Cores: Sólidas, Automotivas, Espelhadas e Especiais";169.90;16.60;34
6067;;Arandela Sole Haste Simples P;"Largura: 15cm | Altura: 45cm | Profundidade: 15cm
Base: E-27 01 -Lâmpada Bolinha
Material: Alumínio e Vidro (Esfera 15cm)
Cores: Sólidas, Automotivas, Espelhadas e Especiais";256.86;16.60;34
6068;;Arandela Sole Haste Dupla PP;"Largura: 10cm | Altura: 68cm | Profundidade: 14cm
Base: G-9 02 -Lâmpadas Halopin
Material: Alumínio e Vidro (Esfera 10cm)
Cores: Sólidas, Automotivas, Espelhadas e Especiais";423.98;16.60;34
6069;;Arandela Sole Haste Dupla P;"Largura: 15cm | Altura: 75cm | Profundidade: 18cm
Base: E-27 02 -Lâmpadas Bolinha
Material: Alumínio e Vidro (Esfera 15cm)
Cores: Sólidas, Automotivas, Espelhadas e Especiais";482.62;16.60;34
6070;;Arandela Sole Haste Dupla Mista;"Largura: 15cm | Altura: 72cm | Profundidade: 18cm
Base: G-9 01 -Lâmpada Halopin
Base: E-27 01 -Lâmpada Bolinha
Material: Alumínio e Vidro (Esfera 15cm/10cm)
Cores: Sólidas, Automotivas, Espelhadas e Especiais";453.36;16.60;34
6071;;Arandela Sole Curve PP;"Largura: 10cm | Altura: 22cm | Profundidade: 26cm
Base: G-9 01 -Lâmpada Halopin
Material: Alumínio e Vidro (Esfera 10cm)
Cores: Sólidas, Automotivas, Espelhadas e Especiais";240.51;16.60;34
6071.C05;;Embalagem Combo 05 un - Arandela Sole Curve PP;"Largura: 10cm | Altura: 22cm | Profundidade: 26cm
Base: G-9 01 -Lâmpada Halopin
Material: Alumínio e Vidro (Esfera 10cm)
Cores: Sólidas, Automotivas, Espelhadas e Especiais";169.90;16.60;34
6072;;Arandela Sole Curve P;"Largura: 15cm | Altura: 32cm | Profundidade: 30cm
Base: E-27 01 -Lâmpada Bolinha
Material: Alumínio e Vidro (Esfera 15cm)
Cores: Sólidas, Automotivas, Espelhadas e Especiais";263.47;16.60;34
6073;;Arandela Sole Haste Curve Simples;"Largura: 15cm | Altura: 26cm | Profundidade: 29cm
Base: E-27 01 -Lâmpada Bolinha
Material: Alumínio e Vidro (Esfera 15cm)
Cores: Sólidas, Automotivas, Espelhadas e Especiais";263.47;16.60;34
6074;;Arandela Sole Haste Curve Dupla;"Largura: 15cm | Altura: 33cm | Profundidade: 30cm
Base: G-9 01 -Lâmpada Halopin
Base: E-27 01 -Lâmpada Bolinha
Material: Alumínio e Vidro (Esfera 15cm/10cm)
Cores: Sólidas, Automotivas, Espelhadas e Especiais";411.86;16.60;35
6191;;Arandela Sole Eclipse;"Largura: 15cm | Altura: 23cm | Profundidade: 18cm
Base: G-9 02 -Lâmpadas Halopin
Material: Alumínio e Vidro (Esfera 10cm)
Cores: Sólidas, Automotivas, Espelhadas e Especiais";477.23;16.60;35
6193;;Arandela Sole Eclipse Simples;"Largura: 15cm | Altura: 45cm | Profundidade: 25cm
Base: G-9 01 -Lâmpada Halopin
Material: Alumínio e Vidro (Esfera 10cm)
Cores: Sólidas, Automotivas, Espelhadas e Especiais";333.08;16.60;36
6080;;Arandela Sole;"Largura: 12,5cm | Altura: 12,5cm | Profundidade: 5cm
Base: G-9 01 -Lâmpada Halopin
Material: Alumínio e Policarbonato
Cores: Sólidas e Automotivas";89.68;16.60;36
6080.C20;;Embalagem Combo 20 un - Arandela Sole;"Largura: 12,5cm | Altura: 12,5cm | Profundidade: 5cm
Base: G-9 01 -Lâmpada Halopin
Material: Alumínio e Policarbonato
Cores: Sólidas e Automotivas";51.90;16.60;36
6080.C40;;Embalagem Combo 40 un - Arandela Sole;"Largura: 12,5cm | Altura: 12,5cm | Profundidade: 5cm
Base: G-9 01 -Lâmpada Halopin
Material: Alumínio e Policarbonato
Cores: Sólidas e Automotivas";48.90;16.60;36
6080.C60;;Embalagem Combo 60 un - Arandela Sole;"Largura: 12,5cm | Altura: 12,5cm | Profundidade: 5cm
Base: G-9 01 -Lâmpada Halopin
Material: Alumínio e Policarbonato
Cores: Sólidas e Automotivas";46.90;16.60;36
6080AC;;Arandela Sole Acrílico;"Largura: 12,5cm | Altura: 12,5cm | Profundidade: 5cm
Base: G-9 01 -Lâmpada Halopin
Material: Alumínio, Policarbonato e Acrílico
Cores: Sólidas e Automotivas";89.68;16.60;36
6080AC.C20;;Embalagem Combo 20 un - Arandela Sole Acrílico;"Largura: 12,5cm | Altura: 12,5cm | Profundidade: 5cm
Base: G-9 01 -Lâmpada Halopin
Material: Alumínio, Policarbonato e Acrílico
Cores: Sólidas e Automotivas";51.90;16.60;36
6080AC.C40;;Embalagem Combo 40 un - Arandela Sole Acrílico;"Largura: 12,5cm | Altura: 12,5cm | Profundidade: 5cm
Base: G-9 01 -Lâmpada Halopin
Material: Alumínio, Policarbonato e Acrílico
Cores: Sólidas e Automotivas";48.90;16.60;36
6080AC.C60;;Embalagem Combo 60 un - Arandela Sole Acrílico;"Largura: 12,5cm | Altura: 12,5cm | Profundidade: 5cm
Base: G-9 01 -Lâmpada Halopin
Material: Alumínio, Policarbonato e Acrílico
Cores: Sólidas e Automotivas";46.90;16.60;36
6081;;Arandela Sole Ball Far;"Largura: 12,5cm | Altura: 12,5cm | Profundidade: 5cm
Base: G-9 01 -Lâmpada Halopin
Material: Alumínio e Policarbonato
Cores: Sólidas e Automotivas";89.68;16.60;36
6081.C20;;Embalagem Combo 20 un - Arandela Sole Ball Far;"Largura: 12,5cm | Altura: 12,5cm | Profundidade: 5cm
Base: G-9 01 -Lâmpada Halopin
Material: Alumínio e Policarbonato
Cores: Sólidas e Automotivas";51.90;16.60;36
6081.C40;;Embalagem Combo 40 un - Arandela Sole Ball Far;"Largura: 12,5cm | Altura: 12,5cm | Profundidade: 5cm
Base: G-9 01 -Lâmpada Halopin
Material: Alumínio e Policarbonato
Cores: Sólidas e Automotivas";48.90;16.60;36
6081.C60;;Embalagem Combo 60 un - Arandela Sole Ball Far;"Largura: 12,5cm | Altura: 12,5cm | Profundidade: 5cm
Base: G-9 01 -Lâmpada Halopin
Material: Alumínio e Policarbonato
Cores: Sólidas e Automotivas";46.90;16.60;36
6081AC;;Arandela Sole Ball Far Acrílico;"Largura: 12,5cm | Altura: 12,5cm | Profundidade: 5cm
Base: G-9 01 -Lâmpada Halopin
Material: Alumínio, Policarbonato e Acrílico
Cores: Sólidas e Automotivas";89.68;16.60;36
6081AC.C20;;Embalagem Combo 20 un - Arandela Sole Ball Far Acrílico;"Largura: 12,5cm | Altura: 12,5cm | Profundidade: 5cm
Base: G-9 01 -Lâmpada Halopin
Material: Alumínio, Policarbonato e Acrílico
Cores: Sólidas e Automotivas";51.90;16.60;36
6081AC.C40;;Embalagem Combo 40 un - Arandela Sole Ball Far Acrílico;"Largura: 12,5cm | Altura: 12,5cm | Profundidade: 5cm
Base: G-9 01 -Lâmpada Halopin
Material: Alumínio, Policarbonato e Acrílico
Cores: Sólidas e Automotivas";48.90;16.60;36
6081AC.C60;;Embalagem Combo 60 un - Arandela Sole Ball Far Acrílico;"Largura: 12,5cm | Altura: 12,5cm | Profundidade: 5cm
Base: G-9 01 -Lâmpada Halopin
Material: Alumínio, Policarbonato e Acrílico
Cores: Sólidas e Automotivas";46.90;16.60;36
6082;;Arandela Sole Ball Near;"Largura: 12,5cm | Altura: 12,5cm | Profundidade: 5cm
Base: G-9 01 -Lâmpada Halopin
Material: Alumínio e Policarbonato
Cores: Sólidas e Automotivas";89.68;16.60;36
6082.C20;;Embalagem Combo 20 un - Arandela Sole Ball Near;"Largura: 12,5cm | Altura: 12,5cm | Profundidade: 5cm
Base: G-9 01 -Lâmpada Halopin
Material: Alumínio e Policarbonato
Cores: Sólidas e Automotivas";51.90;16.60;36
6082.C40;;Embalagem Combo 40 un - Arandela Sole Ball Near;"Largura: 12,5cm | Altura: 12,5cm | Profundidade: 5cm
Base: G-9 01 -Lâmpada Halopin
Material: Alumínio e Policarbonato
Cores: Sólidas e Automotivas";48.90;16.60;36
6082.C60;;Embalagem Combo 60 un - Arandela Sole Ball Near;"Largura: 12,5cm | Altura: 12,5cm | Profundidade: 5cm
Base: G-9 01 -Lâmpada Halopin
Material: Alumínio e Policarbonato
Cores: Sólidas e Automotivas";46.90;16.60;36
6082AC;;Arandela Sole Ball Near Acrílico;"Largura: 12,5cm | Altura: 12,5cm | Profundidade: 5cm
Base: G-9 01 -Lâmpada Halopin
Material: Alumínio, Policarbonato e Acrílico
Cores: Sólidas e Automotivas";89.68;16.60;37
6082AC.C20;;Embalagem Combo 20 un - Arandela Sole Ball Near Acrílico;"Largura: 12,5cm | Altura: 12,5cm | Profundidade: 5cm
Base: G-9 01 -Lâmpada Halopin
Material: Alumínio, Policarbonato e Acrílico
Cores: Sólidas e Automotivas";51.90;16.60;37
6082AC.C40;;Embalagem Combo 40 un - Arandela Sole Ball Near Acrílico;"Largura: 12,5cm | Altura: 12,5cm | Profundidade: 5cm
Base: G-9 01 -Lâmpada Halopin
Material: Alumínio, Policarbonato e Acrílico
Cores: Sólidas e Automotivas";48.90;16.60;37
6082AC.C60;;Embalagem Combo 60 un - Arandela Sole Ball Near Acrílico;"Largura: 12,5cm | Altura: 12,5cm | Profundidade: 5cm
Base: G-9 01 -Lâmpada Halopin
Material: Alumínio, Policarbonato e Acrílico
Cores: Sólidas e Automotivas";46.90;16.60;37
6089;;Pendente Sole PP;"Largura: 10cm | Altura: 34cm | Profundidade: 10cm
Base: G-9 01 -Lâmpada Halopin
Material: Alumínio e Vidro (Esfera 10cm) (Cabo PP)
Cores: Sólidas, Automotivas, Espelhadas e Especiais";201.05;16.60;37
6089.C05;;Embalagem Combo 05 un - Pendente Sole PP;"Largura: 10cm | Altura: 34cm | Profundidade: 10cm
Base: G-9 01 -Lâmpada Halopin
Material: Alumínio e Vidro (Esfera 10cm) (Cabo PP)
Cores: Sólidas, Automotivas, Espelhadas e Especiais";172.90;16.60;37
6090;;Pendente Sole P;"Largura: 15cm | Altura: 39cm | Profundidade: 15cm
Base: E-27 01 -Lâmpada Bolinha
Material: Alumínio e Vidro (Esfera 15cm) (Cabo PP)
Cores: Sólidas, Automotivas, Espelhadas e Especiais";232.17;16.60;37
6090.C05;;Embalagem Combo 05 un - Pendente Sole P;"Largura: 15cm | Altura: 39cm | Profundidade: 15cm
Base: E-27 01 -Lâmpada Bolinha
Material: Alumínio e Vidro (Esfera 15cm) (Cabo PP)
Cores: Sólidas, Automotivas, Espelhadas e Especiais";194.90;16.60;37
6091;;Pendente Sole M;"Largura: 20cm | Altura: 44cm | Profundidade: 20cm
Base: E-27 01 -Lâmpada Bulbo
Material: Alumínio e Vidro (Esfera 20cm) (Cabo PP)
Cores: Sólidas, Automotivas, Espelhadas e Especiais";288.75;16.60;37
6091.C05;;Embalagem Combo 05 un - Pendente Sole M;"Largura: 20cm | Altura: 44cm | Profundidade: 20cm
Base: E-27 01 -Lâmpada Bulbo
Material: Alumínio e Vidro (Esfera 20cm) (Cabo PP)
Cores: Sólidas, Automotivas, Espelhadas e Especiais";214.90;16.60;37
6096;;Pendente Sole Gota;"Largura: 23cm | Altura: 44cm | Profundidade: 15cm
Base: E-27 01 -Lâmpada Bolinha
Material: Alumínio e Vidro (Esfera 15cm) (Cabo PP)
Cores: Sólidas, Automotivas, Espelhadas e Especiais";302.80;16.60;37
6097;;Pendente Sole Oval Simples Vertical;"Largura: 24cm | Altura: 50cm | Profundidade: 15cm
Base: E-27 01 -Lâmpada Bolinha
Material: Alumínio e Vidro (Esfera 15cm) (Cabo PP)
Cores: Sólidas, Automotivas, Espelhadas e Especiais";462.41;16.60;37
6100;;Pendente Sole Oval Central Vertical;"Largura: 24cm | Altura: 50cm | Profundidade: 15cm
Base: E-27 01 -Lâmpada Bolinha
Material: Alumínio e Vidro (Esfera 15cm) (Cabo PP)
Cores: Sólidas, Automotivas, Espelhadas e Especiais";462.41;16.60;37
6113;;Pendente Sole Oval Triplo Alternado;"Largura: 82cm | Altura: 24cm | Profundidade: 15cm
Base: E-27 03 -Lâmpadas Bolinha
Material: Alumínio e Vidro (Esfera 15cm) (Cabo energizado)
Cores: Sólidas, Automotivas, Espelhadas e Especiais";764.82;16.60;37
6102;;Pendente Sole Dupla;"Largura: 22cm | Altura: 50cm | Profundidade: 10cm
Base: G-9 02 -Lâmpadas Halopin
Material: Alumínio e Vidro (Esfera 10cm) (Cabo PP)
Cores: Sólidas, Automotivas, Espelhadas e Especiais";281.45;16.60;37
6530;;Arandela Ballon P;"Largura: 20cm | Altura: 45cm | Profundidade: 30cm
Base: E-14 01 -Lâmpada Vela
Material: Alumínio, Tricô Náutico e Vidro ou FakeStone
Cores: Sólidas e Automotivas
FakeStone: Esmeralda Oxi, Imperial Dark e Calacatta Oro";769.57;16.60;38
6531;;Arandela Ballon G;"Largura: 30cm | Altura: 60cm | Profundidade: 37cm
Base: E-27 01 -Lâmpada Bulbo
Material: Alumínio, Tricô Náutico e Vidro ou Fake Stone
Cores: Sólidas e Automotivas
FakeStone: Esmeralda Oxi, Imperial Dark e Calacatta Oro";1359.51;16.60;38
6535;;Pendente Ballon M;"Largura: 30cm | Altura: 55cm | Profundidade: 30cm
Base: E-27 01 -Lâmpada Bulbo
Material: Alumínio, Tricô Náutico e Vidro ou Fake Stone
Cores: Sólidas e Automotivas
FakeStone: Esmeralda Oxi, Imperial Dark e Calacatta Oro";1359.51;16.60;38
6536;;Pendente Ballon G;"Largura: 30cm | Altura: 65cm | Profundidade: 30cm
Base: E-27 01 -Lâmpada Bulbo
Material: Alumínio, Tricô Náutico e Vidro ou Fake Stone
Cores: Sólidas e Automotivas
FakeStone: Esmeralda Oxi, Imperial Dark e Calacatta Oro";1735.31;16.60;38
6539;;Lanterna Ballon M;"Largura: 30cm | Altura: 67cm | Profundidade: 30cm
Base: E-27 01 -Lâmpada Bulbo
Material: Alumínio, Tricô Náutico e Vidro ou Fake Stone
Cores: Sólidas e Automotivas
FakeStone: Esmeralda Oxi, Imperial Dark e Calacatta Oro";1282.78;16.60;38
6540;;Lanterna Ballon G;"Largura: 30cm | Altura: 76cm | Profundidade: 30cm
Base: E-27 01 -Lâmpada Bulbo
Material: Alumínio, Tricô Náutico e Vidro ou Fake Stone
Cores: Sólidas e Automotivas
FakeStone: Esmeralda Oxi, Imperial Dark e Calacatta Oro";1658.59;16.60;38
5757;;Arandela Mandarim P;"Largura: 22cm | Altura: 32cm | Profundidade: 22cm
Base: E-27 01 -Lâmpada Filamento
Material: Alumínio (Cabo PP)
Cores: Sólidas e Automotivas";203.49;16.60;38
5757.C10;;Embalagem Combo 10 un - Arandela Mandarim P;"Largura: 22cm | Altura: 32cm | Profundidade: 22cm
Base: E-27 01 -Lâmpada Filamento
Material: Alumínio (Cabo PP)
Cores: Sólidas e Automotivas";118.90;16.60;38
5758;;Arandela Tarim P;"Largura: 17cm | Altura: 30cm | Profundidade: 17cm
Base: E-27 01 -Lâmpada Filamento
Material: Alumínio (Cabo PP)
Cores: Sólidas e Automotivas";203.49;16.60;38
5758.C10;;Embalagem Combo 10 un - Arandela Tarim P;"Largura: 17cm | Altura: 30cm | Profundidade: 17cm
Base: E-27 01 -Lâmpada Filamento
Material: Alumínio (Cabo PP)
Cores: Sólidas e Automotivas";118.90;16.60;38
5759;;Arandela Tuim P;"Largura: 26cm | Altura: 32cm | Profundidade: 26cm
Base: E-27 01 -Lâmpada Filamento
Material: Alumínio (Cabo PP)
Cores: Sólidas e Automotivas";203.49;16.60;39
5759.C10;;Embalagem Combo 10 un - Arandela Tuim P;"Largura: 26cm | Altura: 32cm | Profundidade: 26cm
Base: E-27 01 -Lâmpada Filamento
Material: Alumínio (Cabo PP)
Cores: Sólidas e Automotivas";118.90;16.60;39
5760;;Arandela Birds;"Largura: 21cm | Altura: 21cm | Profundidade: 8cm
Base: G-9 01 -Lâmpada Halopin
Material: Alumínio e Acrílico
Cores: Sólidas e Automotivas";154.86;16.60;39
5760.C10;;Embalagem Combo 10 un - Arandela Birds;"Largura: 21cm | Altura: 21cm | Profundidade: 8cm
Base: G-9 01 -Lâmpada Halopin
Material: Alumínio e Acrílico
Cores: Sólidas e Automotivas";113.90;16.60;39
5736;;Pendente Mandarim P;"Largura: 22cm | Altura: 27cm | Profundidade: 22cm
Base: E-27 01 -Lâmpada Filamento
Material: Alumínio (Cabo PP)
Cores: Sólidas e Automotivas";197.07;16.60;39
5736.C10;;Embalagem Combo 10 un - Pendente Mandarim P;"Largura: 22cm | Altura: 27cm | Profundidade: 22cm
Base: E-27 01 -Lâmpada Filamento
Material: Alumínio (Cabo PP)
Cores: Sólidas e Automotivas";99.90;16.60;39
5737;;Pendente Tarim P;"Cores: Sólidase Automotivas
Largura: 22cm | Altura: 27cm | Profundidade: 22cm
Base: E-27 01 -Lâmpada Filamento
Material: Alumínio (Cabo PP)
Cores: Sólidas e Automotivas";197.07;16.60;39
5737.C10;;Embalagem Combo 10 un - Pendente Tarim P;"Cores: Sólidase Automotivas
Largura: 22cm | Altura: 27cm | Profundidade: 22cm
Base: E-27 01 -Lâmpada Filamento
Material: Alumínio (Cabo PP)
Cores: Sólidas e Automotivas";99.90;16.60;39
5738;;Pendente Tuim P;"Largura: 24cm | Altura: 26cm | Profundidade: 24cm
Base: E-27 01 -Lâmpada Filamento
Material: Alumínio (Cabo PP)
Cores: Sólidas e Automotivas";197.07;16.60;39
5738.C10;;Embalagem Combo 10 un - Pendente Tuim P;"Largura: 24cm | Altura: 26cm | Profundidade: 24cm
Base: E-27 01 -Lâmpada Filamento
Material: Alumínio (Cabo PP)
Cores: Sólidas e Automotivas";99.90;16.60;39
5731G/E;;Pendente Tarim;"Largura: 18cm | Altura: 38cm | Profundidade: 18cm
Base: E-27 01 -Lâmpada Filamento (E) ou
Base: GU-10 01 -Lâmpada Dicróica (G)
Material: Alumínio (Cabo PP)
Cores: Sólidas e Automotivas";439.18;16.60;39
5730G/E;;Pendente Mainá;"Largura: 12cm | Altura: 40cm | Profundidade: 12cm
Base: E-27 01 -Lâmpada Filamento (E) ou
Base: GU-10 01 -Lâmpada Dicróica (G)
Material: Alumínio (Cabo PP)
Cores: Sólidas e Automotivas";304.27;16.60;39
5735G/E;;Pendente Maú;"Largura: 20cm | Altura: 65cm | Profundidade: 20cm
Base: E-27 01 -Lâmpada Filamento (E) ou
Base: GU-10 01 -Lâmpada Dicróica (G)
Material: Alumínio (Cabo PP)
Cores: Sólidas e Automotivas";428.21;16.60;39
5732G/E;;Pendente Tuim;"Largura: 24cm | Altura: 26cm | Profundidade: 24cm
Base: E-27 01 -Lâmpada Filamento (E) ou
Base: GU-10 01 -Lâmpada Dicróica (G)
Material: Alumínio (Cabo PP)
Cores: Sólidas e Automotivas";390.36;16.60;39
5734G/E;;Pendente Petrim;"Largura: 44cm | Altura: 47cm | Profundidade: 44cm
Base: E-27 01 -Lâmpada Filamento (E) ou
Base: GU-10 01 -Lâmpada Dicróica (G)
Material: Alumínio (Cabo PP)
Cores: Sólidas e Automotivas";665.96;16.60;40
5739G/E;;Pendente Mandarim;"Largura: 40cm | Altura: 57cm | Profundidade: 40cm
Base: E-27 01 -Lâmpada Filamento (E) ou
Base: GU-10 01 -Lâmpada Dicróica (G)
Material: Alumínio (Cabo PP)
Cores: Sólidas e Automotivas";480.76;16.60;40
5733G/E;;Pendente Flautim;"Largura: 55cm | Altura: 41cm | Profundidade: 55cm
Base: E-27 01 -Lâmpada Filamento (E) ou
Base: GU-10 01 -Lâmpada Dicróica (G)
Material: Alumínio (Cabo PP)
Cores: Sólidas e Automotivas";605.27;16.60;40
5750;;Pendente Manon 40 cm;"Largura: 40cm | Altura: 35cm | Profundidade: 40cm
Base: GU-10 03 -Lâmpadas Dicróica
Material: Alumínio (Cabo PP)
Cores: Sólidas e Automotivas";890.24;16.60;40
5751;;Pendente Manon 60 cm;"Largura: 60cm | Altura: 40cm | Profundidade: 60cm
Base: GU-10 04 -Lâmpadas Dicróica
Material: Alumínio (Cabo PP)
Cores: Sólidas e Automotivas";1289.52;16.60;40
5752;;Pendente Manon 80cm;"Largura: 80cm | Altura: 48cm | Profundidade: 80cm
Base: GU-10 05 -Lâmpadas Dicróica
Material: Alumínio (Cabo PP)
Cores: Sólidas e Automotivas";1728.99;16.60;40
5754;;Pendente Pavó 40 cm;"Largura: 40cm | Altura: 35cm | Profundidade: 40cm
Base: GU-10 03 -Lâmpadas Dicróica
Material: Alumínio (Cabo PP)
Cores: Sólidas e Automotivas";1012.32;16.60;40
5755;;Pendente Pavó 60 cm;"Largura: 60cm | Altura: 40cm | Profundidade: 60cm
Base: GU-10 04 -Lâmpadas Dicróica
Material: Alumínio (Cabo PP)
Cores: Sólidas e Automotivas";1462.02;16.60;40
5756;;Pendente Pavó 80cm;"Largura: 80cm | Altura: 48cm | Profundidade: 80cm
Base: GU-10 05 -Lâmpadas Dicróica
Material: Alumínio (Cabo PP)
Cores: Sólidas e Automotivas";1879.27;16.60;40
5746;;Plafon Manon 40cm;"Largura: 43cm | Altura: 16cm | Profundidade: 43cm
Base: E-27 03 -Lâmpadas Filamento
Material: Alumínio
Cores: Sólidas e Automotivas";375.16;16.60;40
5747;;Plafon Manon 50cm;"Largura: 53cm | Altura: 16cm | Profundidade: 53cm
Base: E-27 04 -Lâmpadas Filamento
Material: Alumínio
Cores: Sólidas e Automotivas";490.38;16.60;41
5748;;Plafon Manon 60cm;"Largura: 63cm | Altura: 16cm | Profundidade: 63cm
Base: E-27 05 -Lâmpadas Filamento
Material: Alumínio
Cores: Sólidas e Automotivas";608.23;16.60;41
5640P;;Arandela Colonial Quadrada P;"Largura: 11cm | Altura: 22cm | Profundidade: 11cm
Base: E-27 01 -Lâmpada Filamento
Material: Alumínio e Vidro
Cores: Sólidas e Automotivas";280.41;16.60;41
5640G;;Arandela Colonial Quadrada G;"Largura: 15cm | Altura: 35cm | Profundidade: 15cm
Base: E-27 01 -Lâmpada Filamento
Material: Alumínio e Vidro
Cores: Sólidas e Automotivas";453.11;16.60;41
5640GG;;Arandela Colonial Quadrada GG;"Largura: 23cm | Altura: 60cm | Profundidade: 21cm
Base: E-27 02 -Lâmpadas Filamento
Material: Alumínio e Vidro
Cores: Sólidas e Automotivas";766.23;16.60;41
5641P;;Arandela Colonial Quadrada P Moder;"Largura: 13cm | Altura: 23cm | Profundidade: 12cm
Base: E-27 01 -Lâmpada Filamento
Material: Alumínio e Vidro
Cores: Sólidas e Automotivas";288.75;16.60;41
5641G;;Arandela Colonial Quadrada G Moder;"Largura: 18cm | Altura: 36cm | Profundidade: 16cm
Base: E-27 01 -Lâmpada Filamento
Material: Alumínio e Vidro
Cores: Sólidas e Automotivas";470.04;16.60;41
5641GG;;Arandela Colonial Quadrada GG Moder;"Largura: 26cm | Altura: 61cm | Profundidade: 22cm
Base: E-27 02 -Lâmpadas Filamento
Material: Alumínio e Vidro
Cores: Sólidas e Automotivas";766.23;16.60;41
5642P;;Arandela Colonial Quadrada P Class;"Largura: 17cm | Altura: 25cm | Profundidade: 14cm
Base: E-27 01 -Lâmpada Filamento
Material: Alumínio e Vidro
Cores: Sólidas e Automotivas";335.26;16.60;41
5642G;;Arandela Colonial Quadrada G Class;"Largura: 22cm | Altura: 38cm | Profundidade: 18cm
Base: E-27 01 -Lâmpada Filamento
Material: Alumínio e Vidro
Cores: Sólidas e Automotivas";537.72;16.60;41
5642GG;;Arandela Colonial Quadrada GG Class;"Largura: 30cm | Altura: 63cm | Profundidade: 24cm
Base: E-27 02 -Lâmpadas Filamento
Material: Alumínio e Vidro
Cores: Sólidas e Automotivas";874.46;16.60;42
5644P;;Arandela Colonial Sextavada P;"Largura: 15cm | Altura: 23cm | Profundidade: 7cm
Base: E-27 01 -Lâmpada Filamento
Material: Alumínio e Vidro
Cores: Sólidas e Automotivas";247.82;16.60;42
5644G;;Arandela Colonial Sextavada G;"Largura: 20cm | Altura: 36cm | Profundidade: 9cm
Base: E-27 01 -Lâmpada Filamento
Material: Alumínio e Vidro
Cores: Sólidas e Automotivas";379.72;16.60;42
5644GG;;Arandela Colonial Sextavada GG;"Largura: 32cm | Altura: 61cm | Profundidade: 14cm
Base: E-27 02 -Lâmpadas Filamento
Material: Alumínio e Vidro
Cores: Sólidas e Automotivas";656.02;16.60;42
5645P;;Arandela Colonial Sextavada P Moder;"Largura: 17cm | Altura: 23cm | Profundidade: 8cm
Base: E-27 01 -Lâmpada Filamento
Material: Alumínio e Vidro
Cores: Sólidas e Automotivas";256.03;16.60;42
5645G;;Arandela Colonial Sextavada G Moder;"Largura: 23cm | Altura: 37cm | Profundidade: 10cm
Base: E-27 01 -Lâmpada Filamento
Material: Alumínio e Vidro
Cores: Sólidas e Automotivas";398.70;16.60;42
5645GG;;Arandela Colonial Sextavada GG Moder;"Largura: 35cm | Altura: 62cm | Profundidade: 15cm
Base: E-27 02 -Lâmpadas Filamento
Material: Alumínio e Vidro
Cores: Sólidas e Automotivas";648.38;16.60;42
5646P;;Arandela Colonial Sextavada P Class;"Largura: 21cm | Altura: 26cm | Profundidade: 10cm
Base: E-27 01 -Lâmpada Filamento
Material: Alumínio e Vidro
Cores: Sólidas e Automotivas";295.23;16.60;42
5646G;;Arandela Colonial Sextavada G Class;"Largura: 27cm | Altura: 39cm | Profundidade: 12cm
Base: E-27 01 -Lâmpada Filamento
Material: Alumínio e Vidro
Cores: Sólidas e Automotivas";453.11;16.60;42
5646GG;;Arandela Colonial Sextavada GG Class;"Largura: 39cm | Altura: 64cm | Profundidade: 17cm
Base: E-27 02 -Lâmpadas Filamento
Material: Alumínio e Vidro
Cores: Sólidas e Automotivas";682.19;16.60;42
5650;;Plafon Colonial Quadrado 40cm Moder;"Largura: 40cm | Altura: 16cm | Profundidade: 40cm
Base: E-27 03 -Lâmpadas Filamento
Material: Alumínio e Vidro
Cores: Sólidas e Automotivas";911.28;16.60;43
5651;;Plafon Colonial Quadrado 40cm Class;"Largura: 40cm | Altura: 18cm | Profundidade: 40cm
Base: E-27 03 -Lâmpadas Filamento
Material: Alumínio e Vidro
Cores: Sólidas e Automotivas";955.29;16.60;43
5652;;Plafon Colonial Quadrado 50cm Moder;"Largura: 50cm | Altura: 16cm | Profundidade: 50cm
Base: E-27 04 -Lâmpadas Filamento
Material: Alumínio e Vidro
Cores: Sólidas e Automotivas";1033.36;16.60;43
5653;;Plafon Colonial Quadrado 50cm Class;"Largura: 50cm | Altura: 18cm | Profundidade: 50cm
Base: E-27 04 -Lâmpadas Filamento
Material: Alumínio e Vidro
Cores: Sólidas e Automotivas";1085.08;16.60;43
5656;;Plafon Colonial Sextavado 40cm Moder;"Largura: 40cm | Altura: 16cm | Profundidade: 40cm
Base: E-27 03 -Lâmpadas Filamento
Material: Alumínio e Vidro
Cores: Sólidas e Automotivas";944.77;16.60;43
5657;;Plafon Colonial Sextavado 40cm Class;"Largura: 40cm | Altura: 18cm | Profundidade: 40cm
Base: E-27 03 -Lâmpadas Filamento
Material: Alumínio e Vidro
Cores: Sólidas e Automotivas";1003.53;16.60;43
5658;;Plafon Colonial Sextavado 50cm Moder;"Largura: 50cm | Altura: 16cm | Profundidade: 50cm
Base: E-27 04 -Lâmpadas Filamento
Material: Alumínio e Vidro
Cores: Sólidas e Automotivas";996.67;16.60;43
5659;;Plafon Colonial Sextavado 50cm Class;"Largura: 50cm | Altura: 18cm | Profundidade: 50cm
Base: E-27 04 -Lâmpadas Filamento
Material: Alumínio e Vidro
Cores: Sólidas e Automotivas";1044.78;16.60;43
5662;;Pendente Colonial Quadrado Moder;"Largura: 60cm | Altura: 52cm | Profundidade: 60cm
Base: E-27 04 -Lâmpadas Filamento
Material: Alumínio e Vidro
Cores: Sólidas e Automotivas";2290.87;16.60;43
5662C;;Pendente Colonial Quadrado Moder Cúpula;"Largura: 60cm | Altura: 52cm | Profundidade: 60cm
Base: E-27 04 -Lâmpadas Filamento
Material: Alumínio e Vidro
Cores: Sólidas e Automotivas
Cores Cúpulas: Preta, Bege e Branca";1975.30;16.60;43
5663;;Pendente Colonial Quadrado Class;"Largura: 60cm | Altura: 54cm | Profundidade: 60cm
Base: E-27 04 -Lâmpadas Filamento
Material: Alumínio e Vidro
Cores: Sólidas e Automotivas";2342.45;16.60;44
5663C;;Pendente Colonial Quadrado Class Cúpula;"Largura: 60cm | Altura: 54cm | Profundidade: 60cm
Base: E-27 04 -Lâmpadas Filamento
Material: Alumínio e Vidro
Cores: Sólidas e Automotivas
Cores Cúpulas: Preta, Bege e Branca";2015.50;16.60;44
5664;;Pendente Colonial Retangular Moder;"Largura: 92cm | Altura: 37cm | Profundidade: 60cm
Base: E-27 04 -Lâmpadas Filamento
Material: Alumínio e Vidro
Cores: Sólidas e Automotivas";2163.08;16.60;44
5665;;Pendente Colonial Retangular Class;"Largura: 92cm | Altura: 39cm | Profundidade: 60cm
Base: E-27 04 -Lâmpadas Filamento
Material: Alumínio e Vidro
Cores: Sólidas e Automotivas";2223.32;16.60;44
5524;;Arandela Wave P;"Largura: 15cm | Altura: 45cm | Profundidade: 15cm
Base: G-9 01 -Lâmpada Halopin
Material: Alúminio e Inox
Cores: Sólidas, Automotivas e Especiais";514.95;16.60;44
5525;;Arandela Wave G;"Largura: 15cm | Altura: 68cm | Profundidade: 15cm
Base: G-9 01 -Lâmpada Halopin
Material: Alúminio e Inox
Cores: Sólidas, Automotivas e Especiais";703.23;16.60;44
5529;;Arandela Wave Low P;"Largura: 12cm | Altura: 50cm | Profundidade: 12cm
Base: GU-10 02 -Lâmpadas Dicróica
Material: Alúminio e Inox
Cores: Sólidas, Automotivas e Especiais";427.38;16.60;44
5530;;Arandela Wave Low G;"Largura: 12cm | Altura: 1m | Profundidade: 12cm
Base: GU-10 02 -Lâmpadas Dicróica
Material: Alúminio e Inox
Cores: Sólidas, Automotivas e Especiais";657.81;16.60;44
5497;;Arandela Sisal;"Largura: 20cm | Altura: 30cm | Profundidade: 30cm
Base: E-27 01 -Lâmpada Bolinha
Material: Alúminio e Sisal
Cores: Sólidas, Automotivas, Espelhadas e Especiais";348.86;16.60;44
5510;;Pendente Sisal;"Largura: 4,5cm | Altura: 2m | Profundidade: 4,5cm
Base: E-27 01 -Lâmpada Filamento
Material: Alúminio (Cabo Sisal)
Cores: Sólidas, Automotivas, Espelhadas e Especiais";243.65;16.60;44
5511;;Pendente Sisal Stalk;"Largura: 45cm | Altura: 32cm | Profundidade: 45cm
Base: E-27 01 -Lâmpada Bulbo
Material: Alúminio (Cabo Sisal Estruturado)
Cores: Sólidas, Automotivas, Espelhadas e Especiais";769.70;16.60;45
5512;;Pendente Sisal Root;"Largura: 40cm | Altura: 32cm | Profundidade: 40cm
Base: E-27 01 -Lâmpada Bulbo
Material: Alúminio (Cabo Sisal Estruturado)
Cores: Sólidas, Automotivas, Espelhadas e Especiais";679.88;16.60;45
5513;;Pendente Sisal Branch;"Largura: 38cm | Altura: 36cm | Profundidade: 38cm
Base: E-27 01 -Lâmpada Bulbo
Material: Alúminio (Cabo Sisal Estruturado)
Cores: Sólidas, Automotivas, Espelhadas e Especiais";641.39;16.60;45
5514;;Pendente Sisal Leaf;"Largura: 25cm | Altura: 20cm | Profundidade: 25cm
Base: E-27 01 -Lâmpada Bulbo
Material: Alúminio (Cabo Sisal Estruturado)
Cores: Sólidas, Automotivas, Espelhadas e Especiais";474.60;16.60;45
50106G;;Abajur Mini Redondo;"Largura: 7cm | Altura: 60cm | Profundidade: 20cm
Led Cob: 3W | 3.000K | 330 lm | 127V ou 220V (L) ou
Base: GU-10 01 -Lâmpada Mini Dicróica (G)
Material: Alumínio
Cores: Sólidas e Automotivas";241.21;16.60;46
50106L;;Abajur Mini Redondo;"Largura: 7cm | Altura: 60cm | Profundidade: 20cm
Led Cob: 3W | 3.000K | 330 lm | 127V ou 220V (L) ou
Base: GU-10 01 -Lâmpada Mini Dicróica (G)
Material: Alumínio
Cores: Sólidas e Automotivas";277.39;16.60;46
6013;;Abajur Thomas;"Largura: 12cm | Altura: 50cm | Profundidade: 17cm
Base: E-27 01 -LâmpadaFilamento
Material: Alumínio
Cores: Sólidas, Espelhadas e Automotivas";201.18;16.60;46
6013.C05;;Embalagem Combo 05 un - Abajur Thomas;"Largura: 12cm | Altura: 50cm | Profundidade: 17cm
Base: E-27 01 -LâmpadaFilamento
Material: Alumínio
Cores: Sólidas, Espelhadas e Automotivas";99.90;16.60;46
6015;;Abajur Thomas Baldy;"Largura: 12cm | Altura: 50cm | Profundidade: 21cm
Base: E-27 01 -LâmpadaBulbo
Material: Alumínio
Cores: Sólidas, Espelhadas e Automotivas";241.40;16.60;46
6015.C05;;Embalagem Combo 05 un - Abajur Thomas Baldy;"Largura: 12cm | Altura: 50cm | Profundidade: 21cm
Base: E-27 01 -LâmpadaBulbo
Material: Alumínio
Cores: Sólidas, Espelhadas e Automotivas";169.90;16.60;46
7007;;Abajur Campana;"Largura: 20cm | Altura: 28cm | Profundidade: 20cm
Base: G-9 02 -Lâmpadas Halopin
Material: Alumínio e Acrílico
Cor: Sólidas, Automotivas e Especiais";237.11;16.60;46
7050;;Abajur Klasike P;"Largura: 10cm | Altura: 24cm | Profundidade: 10cm
Base: G-9 01 -Lâmpada Halopin
Material: Alumínio
Cor: Sólidas, Automotivas e Especiais";170.18;16.60;46
7051;;Abajur Klasike M;"Largura: 16cm | Altura: 31cm | Profundidade: 16cm
Base: G-9 01 -Lâmpada Halopin
Material: Alumínio
Cor: Sólidas, Automotivas e Especiais";212.87;16.60;46
7000;;Arandela Campana;"Largura: 20cm | Altura: 32cm | Profundidade: 30cm
Base: E-27 01 -Lâmpada Bulbo
Material: Alumínio
Cores: Sólidas, Automotivas e Especiais";160.70;16.60;46
7000.C10;;Embalagem Combo 10 un - Arandela Campana;"Largura: 20cm | Altura: 32cm | Profundidade: 30cm
Base: E-27 01 -Lâmpada Bulbo
Material: Alumínio
Cores: Sólidas, Automotivas e Especiais";118.90;16.60;46
7001;;Arandela Campana Di Prua;"Largura: 20cm | Altura: 70cm | Profundidade: 40cm
Base: E-27 01 -Lâmpada Bulbo
Material: Alumínio
Cores: Sólidas, Automotivas e Especiais";217.86;16.60;47
7001.C05;;Embalagem Combo 05 un - Arandela Campana Di Prua;"Largura: 20cm | Altura: 70cm | Profundidade: 40cm
Base: E-27 01 -Lâmpada Bulbo
Material: Alumínio
Cores: Sólidas, Automotivas e Especiais";159.90;16.60;47
7002;;Arandela Campana Turno;"Largura: 20cm | Altura: 65cm | Profundidade: 41cm
Base: E-27 01 -Lâmpada Bulbo
Material: Alumínio
Cores: Sólidas, Automotivas e Especiais";219.14;16.60;47
7002.C05;;Embalagem Combo 05 un - Arandela Campana Turno;"Largura: 20cm | Altura: 65cm | Profundidade: 41cm
Base: E-27 01 -Lâmpada Bulbo
Material: Alumínio
Cores: Sólidas, Automotivas e Especiais";159.90;16.60;47
7070;;Arandela Link;"Largura: 30cm | Altura: 61cm | Profundidade: 41cm
Base: E-27 01 -Lâmpada Bulbo
Material: Alumínio
Cor: Sólidas, Automotivas e Especiais";229.20;16.60;47
7010;;Arandela Ápice Um Foco;"Largura: 6cm | Altura: 6cm | Profundidade: 8cm
Base: G-9 01 -Lâmpada Halopin
Material: Alumínio e Acrílico
Cores: Sólidas e Automotivas";101.87;16.60;47
7011;;Arandela Ápice Dois Focos;"Largura: 6cm | Altura: 6cm | Profundidade: 8cm
Base: G-9 01 -Lâmpada Halopin
Material: Alumínio e Acrílico
Cores: Sólidas e Automotivas";101.87;16.60;47
7090;;ARANDELA WALL FOCO 1;"Largura:11 cm | Altura: 15cm | Profundidade: 5,5cm
Base: GU-10 01 -Lâmpada MiniDicroica
Material: Alumínio e Vidro
Cores: Sólidas e Automotivas";81.53;16.60;47
7090.C60;;Embalagem Combo 60 un - ARANDELA WALL FOCO 1;"Largura:11 cm | Altura: 15cm | Profundidade: 5,5cm
Base: GU-10 01 -Lâmpada MiniDicroica
Material: Alumínio e Vidro
Cores: Sólidas e Automotivas";64.90;16.60;47
7091;;ARANDELA WALL FOCO 2;"Cores: Sólidas, Automotivas e Espelhadas
Largura:11 cm | Altura: 15cm | Profundidade: 5,5cm
Base: GU-10 02 -Lâmpada MiniDicroica
Material: Alumínio e Vidro
Cores: Sólidas e Automotivas";81.53;16.60;47
7091.C60;;Embalagem Combo 60 un - ARANDELA WALL FOCO 2;"Cores: Sólidas, Automotivas e Espelhadas
Largura:11 cm | Altura: 15cm | Profundidade: 5,5cm
Base: GU-10 02 -Lâmpada MiniDicroica
Material: Alumínio e Vidro
Cores: Sólidas e Automotivas";64.90;16.60;47
535;;Arandela Box Foco;"Cores: Sólidas, Automotivas e Espelhadas
Largura: 17cm | Altura: 9cm | Profundidade: 7cm
Base: G-9 01 -Lâmpada Halopin
Material: Alumínio e Acrílico
Cores: Sólidas e Automotivas
Acrílico Cristal ou Leitosoapenas na parte superior e inferior";128.18;16.60;47
535.C20;;Embalagem Combo 20 un - Arandela Box Foco;"Cores: Sólidas, Automotivas e Espelhadas
Largura: 17cm | Altura: 9cm | Profundidade: 7cm
Base: G-9 01 -Lâmpada Halopin
Material: Alumínio e Acrílico
Cores: Sólidas e Automotivas
Acrílico Cristal ou Leitosoapenas na parte superior e inferior";71.90;16.60;47
535.C40;;Embalagem Combo 40 un - Arandela Box Foco;"Cores: Sólidas, Automotivas e Espelhadas
Largura: 17cm | Altura: 9cm | Profundidade: 7cm
Base: G-9 01 -Lâmpada Halopin
Material: Alumínio e Acrílico
Cores: Sólidas e Automotivas
Acrílico Cristal ou Leitosoapenas na parte superior e inferior";67.90;16.60;47
535.C60;;Embalagem Combo 60 un - Arandela Box Foco;"Cores: Sólidas, Automotivas e Espelhadas
Largura: 17cm | Altura: 9cm | Profundidade: 7cm
Base: G-9 01 -Lâmpada Halopin
Material: Alumínio e Acrílico
Cores: Sólidas e Automotivas
Acrílico Cristal ou Leitosoapenas na parte superior e inferior";63.90;16.60;47
536;;Arandela Box Foco Corte Sup-Inf;"Largura: 17cm | Altura: 9cm | Profundidade: 7cm
Base: G-9 01 -Lâmpada Halopin
Material: Alumínio e Acrílico
Cores: Sólidas e Automotivas
Acrílico Cristal ou Leitosoapenas na parte superior e inferior";128.18;16.60;47
536.C20;;Embalagem Combo 20 un - Arandela Box Foco Corte Sup-Inf;"Largura: 17cm | Altura: 9cm | Profundidade: 7cm
Base: G-9 01 -Lâmpada Halopin
Material: Alumínio e Acrílico
Cores: Sólidas e Automotivas
Acrílico Cristal ou Leitosoapenas na parte superior e inferior";71.90;16.60;47
536.C40;;Embalagem Combo 40 un - Arandela Box Foco Corte Sup-Inf;"Largura: 17cm | Altura: 9cm | Profundidade: 7cm
Base: G-9 01 -Lâmpada Halopin
Material: Alumínio e Acrílico
Cores: Sólidas e Automotivas
Acrílico Cristal ou Leitosoapenas na parte superior e inferior";67.90;16.60;47
536.C60;;Embalagem Combo 60 un - Arandela Box Foco Corte Sup-Inf;"Largura: 17cm | Altura: 9cm | Profundidade: 7cm
Base: G-9 01 -Lâmpada Halopin
Material: Alumínio e Acrílico
Cores: Sólidas e Automotivas
Acrílico Cristal ou Leitosoapenas na parte superior e inferior";63.90;16.60;48
537;;Arandela Box Foco Corte Risco;"Cores: Sólidas, Automotivas e Espelhadas
Largura: 17cm | Altura: 9cm | Profundidade: 7cm
Base: G-9 01 -Lâmpada Halopin
Material: Alumínio e Acrílico
Cores: Sólidas e Automotivas
Acrílico Cristal ou Leitosoapenas na parte superior e inferior";128.18;16.60;48
537.C20;;Embalagem Combo 20 un - Arandela Box Foco Corte Risco;"Cores: Sólidas, Automotivas e Espelhadas
Largura: 17cm | Altura: 9cm | Profundidade: 7cm
Base: G-9 01 -Lâmpada Halopin
Material: Alumínio e Acrílico
Cores: Sólidas e Automotivas
Acrílico Cristal ou Leitosoapenas na parte superior e inferior";71.90;16.60;48
537.C40;;Embalagem Combo 40 un - Arandela Box Foco Corte Risco;"Cores: Sólidas, Automotivas e Espelhadas
Largura: 17cm | Altura: 9cm | Profundidade: 7cm
Base: G-9 01 -Lâmpada Halopin
Material: Alumínio e Acrílico
Cores: Sólidas e Automotivas
Acrílico Cristal ou Leitosoapenas na parte superior e inferior";67.90;16.60;48
537.C60;;Embalagem Combo 60 un - Arandela Box Foco Corte Risco;"Cores: Sólidas, Automotivas e Espelhadas
Largura: 17cm | Altura: 9cm | Profundidade: 7cm
Base: G-9 01 -Lâmpada Halopin
Material: Alumínio e Acrílico
Cores: Sólidas e Automotivas
Acrílico Cristal ou Leitosoapenas na parte superior e inferior";63.90;16.60;48
538;;Arandela Box Foco Corte Silhueta;"Cores: Sólidas, Automotivas e Espelhadas
Largura: 17cm | Altura: 9cm | Profundidade: 7cm
Base: G-9 01 -Lâmpada Halopin
Material: Alumínio e Acrílico
Cores: Sólidas e Automotivas
Acrílico Cristal ou Leitosoapenas na parte superior e inferior";128.18;16.60;48
538.C20;;Embalagem Combo 20 un - Arandela Box Foco Corte Silhueta;"Cores: Sólidas, Automotivas e Espelhadas
Largura: 17cm | Altura: 9cm | Profundidade: 7cm
Base: G-9 01 -Lâmpada Halopin
Material: Alumínio e Acrílico
Cores: Sólidas e Automotivas
Acrílico Cristal ou Leitosoapenas na parte superior e inferior";71.90;16.60;48
538.C40;;Embalagem Combo 40 un - Arandela Box Foco Corte Silhueta;"Cores: Sólidas, Automotivas e Espelhadas
Largura: 17cm | Altura: 9cm | Profundidade: 7cm
Base: G-9 01 -Lâmpada Halopin
Material: Alumínio e Acrílico
Cores: Sólidas e Automotivas
Acrílico Cristal ou Leitosoapenas na parte superior e inferior";67.90;16.60;48
538.C60;;Embalagem Combo 60 un - Arandela Box Foco Corte Silhueta;"Cores: Sólidas, Automotivas e Espelhadas
Largura: 17cm | Altura: 9cm | Profundidade: 7cm
Base: G-9 01 -Lâmpada Halopin
Material: Alumínio e Acrílico
Cores: Sólidas e Automotivas
Acrílico Cristal ou Leitosoapenas na parte superior e inferior";63.90;16.60;48
540;;Arandela Box Silhueta P;"Cores: Sólidas, Automotivas e Espelhadas
Largura: 17cm | Altura: 20cm | Profundidade: 7cm
Base: E-27 02 -Lâmpadas Bulbo
Material: Alumínio e Acrílico
Cores: Sólidas e Automotivas";183.47;16.60;48
540.C20;;Embalagem Combo 20 un - Arandela Box Silhueta P;"Cores: Sólidas, Automotivas e Espelhadas
Largura: 17cm | Altura: 20cm | Profundidade: 7cm
Base: E-27 02 -Lâmpadas Bulbo
Material: Alumínio e Acrílico
Cores: Sólidas e Automotivas";115.90;16.60;48
540.C40;;Embalagem Combo 40 un - Arandela Box Silhueta P;"Cores: Sólidas, Automotivas e Espelhadas
Largura: 17cm | Altura: 20cm | Profundidade: 7cm
Base: E-27 02 -Lâmpadas Bulbo
Material: Alumínio e Acrílico
Cores: Sólidas e Automotivas";107.90;16.60;48
540.C60;;Embalagem Combo 60 un - Arandela Box Silhueta P;"Cores: Sólidas, Automotivas e Espelhadas
Largura: 17cm | Altura: 20cm | Profundidade: 7cm
Base: E-27 02 -Lâmpadas Bulbo
Material: Alumínio e Acrílico
Cores: Sólidas e Automotivas";99.90;16.60;48
541;;Arandela Box Silhueta G;"Cores: Sólidas, Automotivas e Espelhadas
Largura: 17cm | Altura: 40cm | Profundidade: 7cm
Base: E-27 02 -Lâmpadas Bulbo
Material: Alumínio e Acrílico
Cores: Sólidas e Automotivas";303.05;16.60;48
541.C20;;Embalagem Combo 20 un - Arandela Box Silhueta G;"Cores: Sólidas, Automotivas e Espelhadas
Largura: 17cm | Altura: 40cm | Profundidade: 7cm
Base: E-27 02 -Lâmpadas Bulbo
Material: Alumínio e Acrílico
Cores: Sólidas e Automotivas";178.90;16.60;48
542;;Arandela Box Risco P;"Largura: 17cm | Altura: 20cm | Profundidade: 7cm
Base: E-27 02 -Lâmpadas Bulbo
Material: Alumínio e Acrílico
Cores: Sólidas e Automotivas";183.47;16.60;48
542.C20;;Embalagem Combo 20 un - Arandela Box Risco P;"Largura: 17cm | Altura: 20cm | Profundidade: 7cm
Base: E-27 02 -Lâmpadas Bulbo
Material: Alumínio e Acrílico
Cores: Sólidas e Automotivas";115.90;16.60;48
542.C40;;Embalagem Combo 40 un - Arandela Box Risco P;"Largura: 17cm | Altura: 20cm | Profundidade: 7cm
Base: E-27 02 -Lâmpadas Bulbo
Material: Alumínio e Acrílico
Cores: Sólidas e Automotivas";107.90;16.60;48
542.C60;;Embalagem Combo 60 un - Arandela Box Risco P;"Largura: 17cm | Altura: 20cm | Profundidade: 7cm
Base: E-27 02 -Lâmpadas Bulbo
Material: Alumínio e Acrílico
Cores: Sólidas e Automotivas";99.90;16.60;48
543;;Arandela Box Risco G;"Cores: Sólidas, Automotivas e Espelhadas
Largura: 17cm | Altura: 40cm | Profundidade: 7cm
Base: E-27 02 -Lâmpadas Bulbo
Material: Alumínio e Acrílico
Cores: Sólidas e Automotivas";303.05;16.60;48
543.C20;;Embalagem Combo 20 un - Arandela Box Risco G;"Cores: Sólidas, Automotivas e Espelhadas
Largura: 17cm | Altura: 40cm | Profundidade: 7cm
Base: E-27 02 -Lâmpadas Bulbo
Material: Alumínio e Acrílico
Cores: Sólidas e Automotivas";178.90;16.60;48
544;;Arandela Box Diagonal P;"Largura: 17cm | Altura: 20cm | Profundidade: 7cm
Base: E-27 02 -Lâmpadas Bulbo
Material: Alumínio e Acrílico
Cores: Sólidas e Automotivas
Cores: Sólidas, Automotivas e Espelhadas";183.47;16.60;48
544.C20;;Embalagem Combo 20 un - Arandela Box Diagonal P;"Largura: 17cm | Altura: 20cm | Profundidade: 7cm
Base: E-27 02 -Lâmpadas Bulbo
Material: Alumínio e Acrílico
Cores: Sólidas e Automotivas
Cores: Sólidas, Automotivas e Espelhadas";115.90;16.60;48
544.C40;;Embalagem Combo 40 un - Arandela Box Diagonal P;"Largura: 17cm | Altura: 20cm | Profundidade: 7cm
Base: E-27 02 -Lâmpadas Bulbo
Material: Alumínio e Acrílico
Cores: Sólidas e Automotivas
Cores: Sólidas, Automotivas e Espelhadas";107.90;16.60;48
544.C60;;Embalagem Combo 60 un - Arandela Box Diagonal P;"Largura: 17cm | Altura: 20cm | Profundidade: 7cm
Base: E-27 02 -Lâmpadas Bulbo
Material: Alumínio e Acrílico
Cores: Sólidas e Automotivas
Cores: Sólidas, Automotivas e Espelhadas";99.90;16.60;48
545;;Arandela Box Diagonal G;"Largura: 17cm | Altura: 40cm | Profundidade: 7cm
Base: E-27 02 -Lâmpadas Bulbo
Material: Alumínio e Acrílico
Cores: Sólidas e Automotivas";303.05;16.60;49
545.C20;;Embalagem Combo 20 un - Arandela Box Diagonal G;"Largura: 17cm | Altura: 40cm | Profundidade: 7cm
Base: E-27 02 -Lâmpadas Bulbo
Material: Alumínio e Acrílico
Cores: Sólidas e Automotivas";178.90;16.60;49
530;;Arandela Box;"Largura: 10cm | Altura: 20cm | Profundidade: 8cm
Base: E-27 01 -Lâmpada Bulbo
Material: Alumínio e Acrílico
Cores: Sólidas e Automotivas";102.51;16.60;49
530.C20;;Embalagem Combo 20 un - Arandela Box;"Largura: 10cm | Altura: 20cm | Profundidade: 8cm
Base: E-27 01 -Lâmpada Bulbo
Material: Alumínio e Acrílico
Cores: Sólidas e Automotivas";64.90;16.60;49
530.C40;;Embalagem Combo 40 un - Arandela Box;"Largura: 10cm | Altura: 20cm | Profundidade: 8cm
Base: E-27 01 -Lâmpada Bulbo
Material: Alumínio e Acrílico
Cores: Sólidas e Automotivas";61.90;16.60;49
530.C60;;Embalagem Combo 60 un - Arandela Box;"Largura: 10cm | Altura: 20cm | Profundidade: 8cm
Base: E-27 01 -Lâmpada Bulbo
Material: Alumínio e Acrílico
Cores: Sólidas e Automotivas";57.90;16.60;49
531;;Arandela Box Com Rasgo Lateral;"Cores: Sólidas, Automotivas e Espelhadas
Largura: 10cm | Altura: 20cm | Profundidade: 8cm
Base: E-27 01 -Lâmpada Bulbo
Material: Alumínio e Acrílico
Cores: Sólidas e Automotivas";102.51;16.60;49
531.C20;;Embalagem Combo 20 un - Arandela Box Com Rasgo Lateral;"Cores: Sólidas, Automotivas e Espelhadas
Largura: 10cm | Altura: 20cm | Profundidade: 8cm
Base: E-27 01 -Lâmpada Bulbo
Material: Alumínio e Acrílico
Cores: Sólidas e Automotivas";64.90;16.60;49
531.C40;;Embalagem Combo 40 un - Arandela Box Com Rasgo Lateral;"Cores: Sólidas, Automotivas e Espelhadas
Largura: 10cm | Altura: 20cm | Profundidade: 8cm
Base: E-27 01 -Lâmpada Bulbo
Material: Alumínio e Acrílico
Cores: Sólidas e Automotivas";61.90;16.60;49
531.C60;;Embalagem Combo 60 un - Arandela Box Com Rasgo Lateral;"Cores: Sólidas, Automotivas e Espelhadas
Largura: 10cm | Altura: 20cm | Profundidade: 8cm
Base: E-27 01 -Lâmpada Bulbo
Material: Alumínio e Acrílico
Cores: Sólidas e Automotivas";57.90;16.60;49
532;;Arandela Box Com Rasgo Canto;"Cores: Sólidas, Automotivas e Espelhadas
Largura: 10cm | Altura: 20cm | Profundidade: 8cm
Base: E-27 01 -Lâmpada Bulbo
Material: Alumínio e Acrílico
Cores: Sólidas e Automotivas";102.51;16.60;49
532.C20;;Embalagem Combo 20 un - Arandela Box Com Rasgo Canto;"Cores: Sólidas, Automotivas e Espelhadas
Largura: 10cm | Altura: 20cm | Profundidade: 8cm
Base: E-27 01 -Lâmpada Bulbo
Material: Alumínio e Acrílico
Cores: Sólidas e Automotivas";64.90;16.60;49
532.C40;;Embalagem Combo 40 un - Arandela Box Com Rasgo Canto;"Cores: Sólidas, Automotivas e Espelhadas
Largura: 10cm | Altura: 20cm | Profundidade: 8cm
Base: E-27 01 -Lâmpada Bulbo
Material: Alumínio e Acrílico
Cores: Sólidas e Automotivas";61.90;16.60;49
532.C60;;Embalagem Combo 60 un - Arandela Box Com Rasgo Canto;"Cores: Sólidas, Automotivas e Espelhadas
Largura: 10cm | Altura: 20cm | Profundidade: 8cm
Base: E-27 01 -Lâmpada Bulbo
Material: Alumínio e Acrílico
Cores: Sólidas e Automotivas";57.90;16.60;49
533;;Arandela Box Com Quadradinhos;"Cores: Sólidas, Automotivas e Espelhadas
Largura: 10cm | Altura: 20cm | Profundidade: 8cm
Base: E-27 01 -Lâmpada Bulbo
Material: Alumínio e Acrílico
Cores: Sólidas e Automotivas";102.51;16.60;49
533.C20;;Embalagem Combo 20 un - Arandela Box Com Quadradinhos;"Cores: Sólidas, Automotivas e Espelhadas
Largura: 10cm | Altura: 20cm | Profundidade: 8cm
Base: E-27 01 -Lâmpada Bulbo
Material: Alumínio e Acrílico
Cores: Sólidas e Automotivas";64.90;16.60;49
533.C40;;Embalagem Combo 40 un - Arandela Box Com Quadradinhos;"Cores: Sólidas, Automotivas e Espelhadas
Largura: 10cm | Altura: 20cm | Profundidade: 8cm
Base: E-27 01 -Lâmpada Bulbo
Material: Alumínio e Acrílico
Cores: Sólidas e Automotivas";61.90;16.60;49
533.C60;;Embalagem Combo 60 un - Arandela Box Com Quadradinhos;"Cores: Sólidas, Automotivas e Espelhadas
Largura: 10cm | Altura: 20cm | Profundidade: 8cm
Base: E-27 01 -Lâmpada Bulbo
Material: Alumínio e Acrílico
Cores: Sólidas e Automotivas";57.90;16.60;49
7030;;Arandela Luna P;"Cores: Sólidas, Automotivas e Espelhadas
Largura: 13cm | Altura: 7cm | Profundidade: 6,5cm
Base: G-9 01 -Lâmpada Halopin
Material: Alumínio e Vidro
Cores: Sólidas e Automotivas";69.52;16.60;49
7030.C60;;Embalagem Combo 60 un - Arandela Luna P;"Cores: Sólidas, Automotivas e Espelhadas
Largura: 13cm | Altura: 7cm | Profundidade: 6,5cm
Base: G-9 01 -Lâmpada Halopin
Material: Alumínio e Vidro
Cores: Sólidas e Automotivas";57.90;16.60;49
7031;;Arandela Luna G;"Cores: Sólidas, Automotivas e Espelhadas
Largura: 23cm | Altura: 11cm | Profundidade: 10cm
Base: G-9 02 -Lâmpadas Halopin
Material: Alumínio e Vidro
Cores: Sólidas e Automotivas";126.67;16.60;49
7032;;Arandela Luna Risc P;"Largura: 13cm | Altura: 7cm | Profundidade: 6,5cm
Base: G-9 01 -Lâmpada Halopin
Material: Alumínio, Acrílico e Vidro
Cores: Sólidas e Automotivas
Cores: Sólidas, Automotivas e Espelhadas";72.55;16.60;49
7032.C60;;Embalagem Combo 60 un - Arandela Luna Risc P;"Largura: 13cm | Altura: 7cm | Profundidade: 6,5cm
Base: G-9 01 -Lâmpada Halopin
Material: Alumínio, Acrílico e Vidro
Cores: Sólidas e Automotivas
Cores: Sólidas, Automotivas e Espelhadas";57.90;16.60;49
7033;;Arandela Luna Risc G;"Largura: 23cm | Altura: 11cm | Profundidade: 10cm
Base: G-9 02 -Lâmpadas Halopin
Material: Alumínio, Acrílico e Vidro
Cores: Sólidas e Automotivas";133.55;16.60;50
7036;;Arandela Cub P;"Largura: 13cm | Altura: 7cm | Profundidade: 6,5cm
Base: G-9 01 -Lâmpada Halopin
Material: Alumínio e Vidro
Cores: Sólidas e Automotivas";71.97;16.60;50
7036.C60;;Embalagem Combo 60 un - Arandela Cub P;"Largura: 13cm | Altura: 7cm | Profundidade: 6,5cm
Base: G-9 01 -Lâmpada Halopin
Material: Alumínio e Vidro
Cores: Sólidas e Automotivas";57.90;16.60;50
7037;;Arandela Cub G;"Cores: Sólidas, Automotivas e Espelhadas
Largura: 23cm | Altura: 11cm | Profundidade: 10cm
Base: G-9 02 -Lâmpadas Halopin
Material: Alumínio e Vidro
Cores: Sólidas e Automotivas";132.85;16.60;50
7038;;Arandela Cub Risc P;"Largura: 13cm | Altura: 7cm | Profundidade: 6,5cm
Base: G-9 01 -Lâmpada Halopin
Material: Alumínio, Acrílico e Vidro
Cores: Sólidas e Automotivas";71.97;16.60;50
7638C.C60;;Embalagem Combo 60 un - Arandela Cub Risc P;"Largura: 13cm | Altura: 7cm | Profundidade: 6,5cm
Base: G-9 01 -Lâmpada Halopin
Material: Alumínio, Acrílico e Vidro
Cores: Sólidas e Automotivas";57.90;16.60;50
7039;;Arandela Cub Risc G;"Cores: Sólidas, Automotivas e Espelhadas
Largura: 23cm | Altura: 11cm | Profundidade: 10cm
Base: G-9 02 -Lâmpadas Halopin
Material: Alumínio, Acrílico e Vidro
Cores: Sólidas e Automotivas";139.85;16.60;50
7020;;Arandela Nano Quadrada;"Largura: 7,5cm | Altura: 7,5cm | Profundidade: 2cm
de Led: 2,8W | 3.000K ou 4.000K | 280 lm | 127V ou 220V
Material: Alumínio, Acrílico e Policarbonato
Cores: Sólidas e Automotivas";61.24;16.60;50
7021;;Arandela Nano Retangular;"Largura: 8,5cm | Altura: 10,5cm | Profundidade: 2cm
de Led: 2,8W | 3.000K ou 4.000K | 280 lm | 127V ou 220V
Material: Alumínio, Acrílico e Policarbonato
Cores: Sólidas e Automotivas";64.39;16.60;50
7022;;Arandela Nano Sextavada;"Largura: 8,5cm | Altura: 7,5cm | Profundidade: 2cm
de Led: 2,8W | 3.000K ou 4.000K | 280 lm | 127V ou 220V
Material: Alumínio, Acrílico e Policarbonato
Cores: Sólidas e Automotivas";62.64;16.60;50
5895;;Arandela Fulmini Quadrada;"Largura: 18cm | Altura: 18cm | Profundidade: 4cm
Fita de Led: 5,6W | 3.000K ou 4.000K | 560 lm | 127V ou 220V
Material: Alumínio e Acrílico
Cores: Sólidas e Automotivas";129.27;16.60;50
5896;;Arandela Fulmini Retangular;"Largura: 18cm | Altura: 18cm | Profundidade: 4cm
Fita de Led: 5,6W | 3.000K ou 4.000K | 560 lm | 127V ou 220V
Material: Alumínio e Acrílico
Cores: Sólidas e Automotivas";146.78;16.60;50
5897;;Arandela Fulmini Redonda;"Largura: 23cm | Altura: 23cm | Profundidade: 4cm
de Led: 5,6W | 3.000K ou 4.000K | 560 lm | 127V ou 220V
Material: Alumínio e Acrílico
Cores: Sólidas e Automotivas";173.53;16.60;51
5970;;Arandela Thomas P;"Largura: 7cm | Altura: 18cm | Profundidade: 13cm
Base: E-27 01 -Lâmpada Filamento
Material: Alumínio
Cores: Sólidas e Automotivas";75.83;16.60;51
5970.C20;;Embalagem Combo 20 un - Arandela Thomas P;"Largura: 7cm | Altura: 18cm | Profundidade: 13cm
Base: E-27 01 -Lâmpada Filamento
Material: Alumínio
Cores: Sólidas e Automotivas";41.90;16.60;51
5971;;Arandela Thomas G;"Largura: 7cm | Altura: 18cm | Profundidade: 22cm
Base: E-27 01 -Lâmpada Filamento
Material: Alumínio
Cores: Sólidas e Automotivas";94.05;16.60;51
5971.C20;;Embalagem Combo 20 un - Arandela Thomas G;"Largura: 7cm | Altura: 18cm | Profundidade: 22cm
Base: E-27 01 -Lâmpada Filamento
Material: Alumínio
Cores: Sólidas e Automotivas";49.90;16.60;51
5974;;Arandela Thomas Haste;"Largura: 7cm | Altura: 37cm | Profundidade: 13cm
Base: E-27 01 -Lâmpada Filamento
Material: Alumínio
Cores: Sólidas e Automotivas";98.41;16.60;51
5974.C20;;Embalagem Combo 20 un - Arandela Thomas Haste;"Largura: 7cm | Altura: 37cm | Profundidade: 13cm
Base: E-27 01 -Lâmpada Filamento
Material: Alumínio
Cores: Sólidas e Automotivas";49.90;16.60;51
5977;;Arandela Thomas Quadro;"Largura: 10cm | Altura: 29cm | Profundidade: 12cm
Base: E-27 01 -Lâmpada Filamento
Material: Alumínio
Cores: Sólidas e Automotivas";116.82;16.60;51
5977.C20;;Embalagem Combo 20 un - Arandela Thomas Quadro;"Largura: 10cm | Altura: 29cm | Profundidade: 12cm
Base: E-27 01 -Lâmpada Filamento
Material: Alumínio
Cores: Sólidas e Automotivas";91.90;16.60;51
5978;;Arandela Thomas Quadro Glass;"Largura: 10cm | Altura: 29cm | Profundidade: 12cm
Base: E-27 01 -Lâmpada Filamento
Material: Alumínio e Vidro
Cores: Sólidas e Automotivas";116.82;16.60;51
5978.C20;;Embalagem Combo 20 un - Arandela Thomas Quadro Glass;"Largura: 10cm | Altura: 29cm | Profundidade: 12cm
Base: E-27 01 -Lâmpada Filamento
Material: Alumínio e Vidro
Cores: Sólidas e Automotivas";91.90;16.60;51
510;;Arandela Retangular 16cm;"Largura: 13cm | Altura: 16cm | Profundidade: 9cm
Base: E-27 01 -Lâmpada Bulbo
Material: Alumínio e Vidro
Cores: Sólidas e Automotivas";102.51;16.60;51
510.C20;;Embalagem Combo 20 un - Arandela Retangular 16cm;"Largura: 13cm | Altura: 16cm | Profundidade: 9cm
Base: E-27 01 -Lâmpada Bulbo
Material: Alumínio e Vidro
Cores: Sólidas e Automotivas";64.90;16.60;51
510.C40;;Embalagem Combo 40 un - Arandela Retangular 16cm;"Largura: 13cm | Altura: 16cm | Profundidade: 9cm
Base: E-27 01 -Lâmpada Bulbo
Material: Alumínio e Vidro
Cores: Sólidas e Automotivas";61.90;16.60;51
510.C60;;Embalagem Combo 60 un - Arandela Retangular 16cm;"Largura: 13cm | Altura: 16cm | Profundidade: 9cm
Base: E-27 01 -Lâmpada Bulbo
Material: Alumínio e Vidro
Cores: Sólidas e Automotivas";57.90;16.60;51
511;;Arandela Triangular 17cm;"Cores: Sólidas, Automotivas e Espelhadas
Largura: 19cm | Altura: 17cm | Profundidade: 9,5cm
Base: E-27 01 -Lâmpada Bulbo
Material: Alumínio e Vidro
Cores: Sólidas e Automotivas";102.51;16.60;51
511.C20;;Embalagem Combo 20 un - Arandela Triangular 17cm;"Cores: Sólidas, Automotivas e Espelhadas
Largura: 19cm | Altura: 17cm | Profundidade: 9,5cm
Base: E-27 01 -Lâmpada Bulbo
Material: Alumínio e Vidro
Cores: Sólidas e Automotivas";64.90;16.60;51
511.C40;;Embalagem Combo 40 un - Arandela Triangular 17cm;"Cores: Sólidas, Automotivas e Espelhadas
Largura: 19cm | Altura: 17cm | Profundidade: 9,5cm
Base: E-27 01 -Lâmpada Bulbo
Material: Alumínio e Vidro
Cores: Sólidas e Automotivas";61.90;16.60;51
511.C60;;Embalagem Combo 60 un - Arandela Triangular 17cm;"Cores: Sólidas, Automotivas e Espelhadas
Largura: 19cm | Altura: 17cm | Profundidade: 9,5cm
Base: E-27 01 -Lâmpada Bulbo
Material: Alumínio e Vidro
Cores: Sólidas e Automotivas";57.90;16.60;51
512;;Arandela Retangular Dupla 36cm;"Cores: Sólidas, Automotivas e Espelhadas
Largura: 13cm | Altura: 36cm | Profundidade: 9cm
Base: E-27 02 -Lâmpadas Bulbo
Material: Alumínio e Vidro
Cores: Sólidas e Automotivas";205.16;16.60;51
512.C20;;Embalagem Combo 20 un - Arandela Retangular Dupla 36cm;"Cores: Sólidas, Automotivas e Espelhadas
Largura: 13cm | Altura: 36cm | Profundidade: 9cm
Base: E-27 02 -Lâmpadas Bulbo
Material: Alumínio e Vidro
Cores: Sólidas e Automotivas";143.90;16.60;51
513;;Arandela Retangular 23cm;"Largura: 13cm | Altura: 23cm | Profundidade: 9cm
Base: E-27 01 -Lâmpada Bulbo
Material: Alumínio e Vidro
Cores: Sólidas e Automotivas";115.35;16.60;52
513.C20;;Embalagem Combo 20 un - Arandela Retangular 23cm;"Largura: 13cm | Altura: 23cm | Profundidade: 9cm
Base: E-27 01 -Lâmpada Bulbo
Material: Alumínio e Vidro
Cores: Sólidas e Automotivas";75.90;16.60;52
513.C40;;Embalagem Combo 40 un - Arandela Retangular 23cm;"Largura: 13cm | Altura: 23cm | Profundidade: 9cm
Base: E-27 01 -Lâmpada Bulbo
Material: Alumínio e Vidro
Cores: Sólidas e Automotivas";72.90;16.60;52
513.C60;;Embalagem Combo 60 un - Arandela Retangular 23cm;"Largura: 13cm | Altura: 23cm | Profundidade: 9cm
Base: E-27 01 -Lâmpada Bulbo
Material: Alumínio e Vidro
Cores: Sólidas e Automotivas";67.90;16.60;52
514;;Arandela Triangular 23cm;"Cores: Sólidas, Automotivas e Espelhadas
Largura: 19cm | Altura: 23cm | Profundidade: 9,5cm
Base: E-27 01 -Lâmpada Bulbo
Material: Alumínio e Vidro
Cores: Sólidas e Automotivas";121.76;16.60;52
514.C20;;Embalagem Combo 20 un - Arandela Triangular 23cm;"Cores: Sólidas, Automotivas e Espelhadas
Largura: 19cm | Altura: 23cm | Profundidade: 9,5cm
Base: E-27 01 -Lâmpada Bulbo
Material: Alumínio e Vidro
Cores: Sólidas e Automotivas";75.90;16.60;52
514.C40;;Embalagem Combo 40 un - Arandela Triangular 23cm;"Cores: Sólidas, Automotivas e Espelhadas
Largura: 19cm | Altura: 23cm | Profundidade: 9,5cm
Base: E-27 01 -Lâmpada Bulbo
Material: Alumínio e Vidro
Cores: Sólidas e Automotivas";72.90;16.60;52
514.C60;;Embalagem Combo 60 un - Arandela Triangular 23cm;"Cores: Sólidas, Automotivas e Espelhadas
Largura: 19cm | Altura: 23cm | Profundidade: 9,5cm
Base: E-27 01 -Lâmpada Bulbo
Material: Alumínio e Vidro
Cores: Sólidas e Automotivas";67.90;16.60;52
515;;Arandela Triangular 30cm;"Cores: Sólidas, Automotivas e Espelhadas
Largura: 18cm | Altura: 30cm | Profundidade: 9,5cm
Base: E-27 01 -Lâmpada Bulbo
Material: Alumínio e Vidro
Cores: Sólidas e Automotivas";141.01;16.60;52
515.C20;;Embalagem Combo 20 un - Arandela Triangular 30cm;"Cores: Sólidas, Automotivas e Espelhadas
Largura: 18cm | Altura: 30cm | Profundidade: 9,5cm
Base: E-27 01 -Lâmpada Bulbo
Material: Alumínio e Vidro
Cores: Sólidas e Automotivas";102.90;16.60;52
517;;Arandela Triangular Design 17cm;"Largura: 19cm | Altura: 17cm | Profundidade: 9,5cm
Base: E-27 01 -Lâmpada Bulbo
Material: Alumínio e Vidro BC/PG
Cores: Sólidas e Automotivas";124.45;16.60;52
518;;Arandela Retangular Design 23 cm;"Largura: 13cm | Altura: 23cm | Profundidade: 9cm
Base: E-27 01 -Lâmpada Bulbo
Material: Alumínio e Vidro BC/PG
Cores: Sólidas e Automotivas";186.68;16.60;52
5728;;Arandela Spin 360;"Largura: 8cm | Altura: 8cm | Profundidade: 8cm
Base: G-9 01 -Lâmpada Halopin
Material: Alumínio e Acrílico
Cores: Sólidas e Automotivas
EMBALAGEM COMBO 20 un
EMBALAGEM COMBO 40 un
EMBALAGEM COMBO 60 un";115.35;16.60;52
5728.C20;;Embalagem Combo 20 un - Arandela Spin 360;"Largura: 8cm | Altura: 8cm | Profundidade: 8cm
Base: G-9 01 -Lâmpada Halopin
Material: Alumínio e Acrílico
Cores: Sólidas e Automotivas
EMBALAGEM COMBO 20 un
EMBALAGEM COMBO 40 un
EMBALAGEM COMBO 60 un";57.90;16.60;52
5728.C40;;Embalagem Combo 40 un - Arandela Spin 360;"Largura: 8cm | Altura: 8cm | Profundidade: 8cm
Base: G-9 01 -Lâmpada Halopin
Material: Alumínio e Acrílico
Cores: Sólidas e Automotivas
EMBALAGEM COMBO 20 un
EMBALAGEM COMBO 40 un
EMBALAGEM COMBO 60 un";53.90;16.60;52
5728.C60;;Embalagem Combo 60 un - Arandela Spin 360;"Largura: 8cm | Altura: 8cm | Profundidade: 8cm
Base: G-9 01 -Lâmpada Halopin
Material: Alumínio e Acrílico
Cores: Sólidas e Automotivas
EMBALAGEM COMBO 20 un
EMBALAGEM COMBO 40 un
EMBALAGEM COMBO 60 un";49.90;16.60;52
5729;;Arandela Spin 360 COM BASE;"Largura: 11cm | Altura: 11cm | Profundidade: 9,5cm
Base: G-9 01 -Lâmpada Halopin
Material: Alumínio e Acrílico
Cores: Sólidas e Automotivas
EMBALAGEM COMBO 20 um
EMBALAGEM COMBO 40 un
EMBALAGEM COMBO 60 um";128.18;16.60;52
5729.C20;;Embalagem Combo 20 un - Arandela Spin 360 COM BASE;"Largura: 11cm | Altura: 11cm | Profundidade: 9,5cm
Base: G-9 01 -Lâmpada Halopin
Material: Alumínio e Acrílico
Cores: Sólidas e Automotivas
EMBALAGEM COMBO 20 um
EMBALAGEM COMBO 40 un
EMBALAGEM COMBO 60 um";72.90;16.60;52
5729.C40;;Embalagem Combo 40 un - Arandela Spin 360 COM BASE;"Largura: 11cm | Altura: 11cm | Profundidade: 9,5cm
Base: G-9 01 -Lâmpada Halopin
Material: Alumínio e Acrílico
Cores: Sólidas e Automotivas
EMBALAGEM COMBO 20 um
EMBALAGEM COMBO 40 un
EMBALAGEM COMBO 60 um";67.90;16.60;52
5729.C60;;Embalagem Combo 60 un - Arandela Spin 360 COM BASE;"Largura: 11cm | Altura: 11cm | Profundidade: 9,5cm
Base: G-9 01 -Lâmpada Halopin
Material: Alumínio e Acrílico
Cores: Sólidas e Automotivas
EMBALAGEM COMBO 20 um
EMBALAGEM COMBO 40 un
EMBALAGEM COMBO 60 um";61.90;16.60;52
5480L;;Arandela Lustro P;"Largura: 13cm | Altura: 17cm | Profundidade: 5cm
Led Cob: 6W | 3.000K | 660 lm | 127V ou 220V (L) ou
Base: G-9 01 -Lâmpada Halopin
Material: Alumínio e Acrílico
Cores: Sólidas, Automotivas, Espelhadas, Rotic e Especiais";135.55;16.60;52
5480G;;Arandela Lustro P;"Largura: 13cm | Altura: 17cm | Profundidade: 5cm
Led Cob: 6W | 3.000K | 660 lm | 127V ou 220V (L) ou
Base: G-9 01 -Lâmpada Halopin
Material: Alumínio e Acrílico
Cores: Sólidas, Automotivas, Espelhadas, Rotic e Especiais";208.62;16.60;52
5481L;;Arandela Lustro G;"Largura: 24cm | Altura: 24cm | Profundidade: 5cm
Led Cob: 12W | 3.000K | 1.320 lm | 127V ou 220V (L) ou
Base: G-9 01 -Lâmpada Halopin
Material: Alumínio e Acrílico
Cores: Sólidas, Automotivas, Espelhadas, Rotic e Especiais";296.51;16.60;53
5481G;;Arandela Lustro G;"Largura: 24cm | Altura: 24cm | Profundidade: 5cm
Led Cob: 12W | 3.000K | 1.320 lm | 127V ou 220V (L) ou
Base: G-9 01 -Lâmpada Halopin
Material: Alumínio e Acrílico
Cores: Sólidas, Automotivas, Espelhadas, Rotic e Especiais";407.05;16.60;53
5720;;Arandela Kitte;"Largura: 8cm | Altura: 12cm | Profundidade: 5cm
Base: G-9 01 -Lâmpada Halopin
Material: Alumínio e Acrílico
Cores: Sólidas e Automotivas
EMBALAGEM COMBO 20 un
EMBALAGEM COMBO 40 un
EMBALAGEM COMBO 60 un";76.85;16.60;53
5720.C20;;Embalagem Combo 20 un - Arandela Kitte;"Largura: 8cm | Altura: 12cm | Profundidade: 5cm
Base: G-9 01 -Lâmpada Halopin
Material: Alumínio e Acrílico
Cores: Sólidas e Automotivas
EMBALAGEM COMBO 20 un
EMBALAGEM COMBO 40 un
EMBALAGEM COMBO 60 un";48.90;16.60;53
5720.C40;;Embalagem Combo 40 un - Arandela Kitte;"Largura: 8cm | Altura: 12cm | Profundidade: 5cm
Base: G-9 01 -Lâmpada Halopin
Material: Alumínio e Acrílico
Cores: Sólidas e Automotivas
EMBALAGEM COMBO 20 un
EMBALAGEM COMBO 40 un
EMBALAGEM COMBO 60 un";43.90;16.60;53
5720.C60;;Embalagem Combo 60 un - Arandela Kitte;"Largura: 8cm | Altura: 12cm | Profundidade: 5cm
Base: G-9 01 -Lâmpada Halopin
Material: Alumínio e Acrílico
Cores: Sólidas e Automotivas
EMBALAGEM COMBO 20 un
EMBALAGEM COMBO 40 un
EMBALAGEM COMBO 60 un";37.90;16.60;53
5721;;Arandela Kitte Lateral;"Largura: 8cm | Altura: 12cm | Profundidade: 5cm
Base: G-9 01 -Lâmpada Halopin
Material: Alumínio e Acrílico
Cores: Sólidas e Automotivas
EMBALAGEM COMBO 20 un
EMBALAGEM COMBO 40 un
EMBALAGEM COMBO 60 un";76.85;16.60;53
5721.C20;;Embalagem Combo 20 un - Arandela Kitte Lateral;"Largura: 8cm | Altura: 12cm | Profundidade: 5cm
Base: G-9 01 -Lâmpada Halopin
Material: Alumínio e Acrílico
Cores: Sólidas e Automotivas
EMBALAGEM COMBO 20 un
EMBALAGEM COMBO 40 un
EMBALAGEM COMBO 60 un";48.90;16.60;53
5721.C40;;Embalagem Combo 40 un - Arandela Kitte Lateral;"Largura: 8cm | Altura: 12cm | Profundidade: 5cm
Base: G-9 01 -Lâmpada Halopin
Material: Alumínio e Acrílico
Cores: Sólidas e Automotivas
EMBALAGEM COMBO 20 un
EMBALAGEM COMBO 40 un
EMBALAGEM COMBO 60 un";43.90;16.60;53
5721.C60;;Embalagem Combo 60 un - Arandela Kitte Lateral;"Largura: 8cm | Altura: 12cm | Profundidade: 5cm
Base: G-9 01 -Lâmpada Halopin
Material: Alumínio e Acrílico
Cores: Sólidas e Automotivas
EMBALAGEM COMBO 20 un
EMBALAGEM COMBO 40 un
EMBALAGEM COMBO 60 un";37.90;16.60;53
5722;;Arandela Kitte Breeze;"Largura: 8cm | Altura: 12cm | Profundidade: 5cm
Base: G-9 01 -Lâmpada Halopin
Material: Alumínio e Acrílico
Cores: Sólidas e Automotivas
EMBALAGEM COMBO 20 un
EMBALAGEM COMBO 40 un
EMBALAGEM COMBO 60 un";76.85;16.60;53
5722.C20;;Embalagem Combo 20 un - Arandela Kitte Breeze;"Largura: 8cm | Altura: 12cm | Profundidade: 5cm
Base: G-9 01 -Lâmpada Halopin
Material: Alumínio e Acrílico
Cores: Sólidas e Automotivas
EMBALAGEM COMBO 20 un
EMBALAGEM COMBO 40 un
EMBALAGEM COMBO 60 un";48.90;16.60;53
5722.C40;;Embalagem Combo 40 un - Arandela Kitte Breeze;"Largura: 8cm | Altura: 12cm | Profundidade: 5cm
Base: G-9 01 -Lâmpada Halopin
Material: Alumínio e Acrílico
Cores: Sólidas e Automotivas
EMBALAGEM COMBO 20 un
EMBALAGEM COMBO 40 un
EMBALAGEM COMBO 60 un";43.90;16.60;53
5722.C60;;Embalagem Combo 60 un - Arandela Kitte Breeze;"Largura: 8cm | Altura: 12cm | Profundidade: 5cm
Base: G-9 01 -Lâmpada Halopin
Material: Alumínio e Acrílico
Cores: Sólidas e Automotivas
EMBALAGEM COMBO 20 un
EMBALAGEM COMBO 40 un
EMBALAGEM COMBO 60 un";37.90;16.60;53
5723;;Arandela Kitte Frontal;"Largura: 8cm | Altura: 12cm | Profundidade: 5cm
Base: G-9 01 -Lâmpada Halopin
Material: Alumínio e Acrílico
Cores: Sólidas e Automotivas
EMBALAGEM COMBO 20 un
EMBALAGEM COMBO 40 un
EMBALAGEM COMBO 60 un";76.85;16.60;53
5723.C20;;Embalagem Combo 20 un - Arandela Kitte Frontal;"Largura: 8cm | Altura: 12cm | Profundidade: 5cm
Base: G-9 01 -Lâmpada Halopin
Material: Alumínio e Acrílico
Cores: Sólidas e Automotivas
EMBALAGEM COMBO 20 un
EMBALAGEM COMBO 40 un
EMBALAGEM COMBO 60 un";48.90;16.60;53
5723.C40;;Embalagem Combo 40 un - Arandela Kitte Frontal;"Largura: 8cm | Altura: 12cm | Profundidade: 5cm
Base: G-9 01 -Lâmpada Halopin
Material: Alumínio e Acrílico
Cores: Sólidas e Automotivas
EMBALAGEM COMBO 20 un
EMBALAGEM COMBO 40 un
EMBALAGEM COMBO 60 un";43.90;16.60;53
5723.C60;;Embalagem Combo 60 un - Arandela Kitte Frontal;"Largura: 8cm | Altura: 12cm | Profundidade: 5cm
Base: G-9 01 -Lâmpada Halopin
Material: Alumínio e Acrílico
Cores: Sólidas e Automotivas
EMBALAGEM COMBO 20 un
EMBALAGEM COMBO 40 un
EMBALAGEM COMBO 60 un";37.90;16.60;53
5724;;Arandela Kitte Diagonal;"Largura: 8cm | Altura: 12cm | Profundidade: 5cm
Base: G-9 01 -Lâmpada Halopin
Material: Alumínio e Acrílico
Cores: Sólidas e Automotivas
EMBALAGEM COMBO 20 un
EMBALAGEM COMBO 40 un
EMBALAGEM COMBO 60 un";76.85;16.60;53
5724.C20;;Embalagem Combo 20 un - Arandela Kitte Diagonal;"Largura: 8cm | Altura: 12cm | Profundidade: 5cm
Base: G-9 01 -Lâmpada Halopin
Material: Alumínio e Acrílico
Cores: Sólidas e Automotivas
EMBALAGEM COMBO 20 un
EMBALAGEM COMBO 40 un
EMBALAGEM COMBO 60 un";48.90;16.60;53
5724.C40;;Embalagem Combo 40 un - Arandela Kitte Diagonal;"Largura: 8cm | Altura: 12cm | Profundidade: 5cm
Base: G-9 01 -Lâmpada Halopin
Material: Alumínio e Acrílico
Cores: Sólidas e Automotivas
EMBALAGEM COMBO 20 un
EMBALAGEM COMBO 40 un
EMBALAGEM COMBO 60 un";43.90;16.60;53
5724.C60;;Embalagem Combo 60 un - Arandela Kitte Diagonal;"Largura: 8cm | Altura: 12cm | Profundidade: 5cm
Base: G-9 01 -Lâmpada Halopin
Material: Alumínio e Acrílico
Cores: Sólidas e Automotivas
EMBALAGEM COMBO 20 un
EMBALAGEM COMBO 40 un
EMBALAGEM COMBO 60 un";37.90;16.60;53
5890;;Arandela Korre;"Largura: 10cm | Altura: 12cm | Profundidade: 8cm
Base: G-9 01 -Lâmpada Halopin
Material: Alumínio e Acrílico
Cores: Sólidas e Automotivas
EMBALAGEM COMBO 20 un
EMBALAGEM COMBO 40 un
EMBALAGEM COMBO 60 un
Cores: SólidaseAutomotivas";89.68;16.60;53
5890.C20;;Embalagem Combo 20 un - Arandela Korre;"Largura: 10cm | Altura: 12cm | Profundidade: 8cm
Base: G-9 01 -Lâmpada Halopin
Material: Alumínio e Acrílico
Cores: Sólidas e Automotivas
EMBALAGEM COMBO 20 un
EMBALAGEM COMBO 40 un
EMBALAGEM COMBO 60 un
Cores: SólidaseAutomotivas";48.90;16.60;53
5890.C40;;Embalagem Combo 40 un - Arandela Korre;"Largura: 10cm | Altura: 12cm | Profundidade: 8cm
Base: G-9 01 -Lâmpada Halopin
Material: Alumínio e Acrílico
Cores: Sólidas e Automotivas
EMBALAGEM COMBO 20 un
EMBALAGEM COMBO 40 un
EMBALAGEM COMBO 60 un
Cores: SólidaseAutomotivas";43.90;16.60;53
5890.C60;;Embalagem Combo 60 un - Arandela Korre;"Largura: 10cm | Altura: 12cm | Profundidade: 8cm
Base: G-9 01 -Lâmpada Halopin
Material: Alumínio e Acrílico
Cores: Sólidas e Automotivas
EMBALAGEM COMBO 20 un
EMBALAGEM COMBO 40 un
EMBALAGEM COMBO 60 un
Cores: SólidaseAutomotivas";37.90;16.60;53
5891;;Arandela Korre Lateral;"Largura: 10cm | Altura: 12cm | Profundidade: 8cm
Base: G-9 01 -Lâmpada Halopin
Material: Alumínio e Acrílico
Cores: Sólidas e Automotivas
EMBALAGEM COMBO 20 un
EMBALAGEM COMBO 40 un
EMBALAGEM COMBO 60 um";89.68;16.60;54
5891.C20;;Embalagem Combo 20 un - Arandela Korre Lateral;"Largura: 10cm | Altura: 12cm | Profundidade: 8cm
Base: G-9 01 -Lâmpada Halopin
Material: Alumínio e Acrílico
Cores: Sólidas e Automotivas
EMBALAGEM COMBO 20 un
EMBALAGEM COMBO 40 un
EMBALAGEM COMBO 60 um";48.90;16.60;54
5891.C40;;Embalagem Combo 40 un - Arandela Korre Lateral;"Largura: 10cm | Altura: 12cm | Profundidade: 8cm
Base: G-9 01 -Lâmpada Halopin
Material: Alumínio e Acrílico
Cores: Sólidas e Automotivas
EMBALAGEM COMBO 20 un
EMBALAGEM COMBO 40 un
EMBALAGEM COMBO 60 um";43.90;16.60;54
5891.C60;;Embalagem Combo 60 un - Arandela Korre Lateral;"Largura: 10cm | Altura: 12cm | Profundidade: 8cm
Base: G-9 01 -Lâmpada Halopin
Material: Alumínio e Acrílico
Cores: Sólidas e Automotivas
EMBALAGEM COMBO 20 un
EMBALAGEM COMBO 40 un
EMBALAGEM COMBO 60 um";37.90;16.60;54
5892;;Arandela Korre Frontal;"Largura: 10cm | Altura: 12cm | Profundidade: 8cm
Base: G-9 01 -Lâmpada Halopin
Material: Alumínio e Acrílico
Cores: Sólidas e Automotivas
EMBALAGEM COMBO 20 un
EMBALAGEM COMBO 40 un
EMBALAGEM COMBO 60 um";89.68;16.60;54
5892.C20;;Embalagem Combo 20 un - Arandela Korre Frontal;"Largura: 10cm | Altura: 12cm | Profundidade: 8cm
Base: G-9 01 -Lâmpada Halopin
Material: Alumínio e Acrílico
Cores: Sólidas e Automotivas
EMBALAGEM COMBO 20 un
EMBALAGEM COMBO 40 un
EMBALAGEM COMBO 60 um";48.90;16.60;54
5892.C40;;Embalagem Combo 40 un - Arandela Korre Frontal;"Largura: 10cm | Altura: 12cm | Profundidade: 8cm
Base: G-9 01 -Lâmpada Halopin
Material: Alumínio e Acrílico
Cores: Sólidas e Automotivas
EMBALAGEM COMBO 20 un
EMBALAGEM COMBO 40 un
EMBALAGEM COMBO 60 um";43.90;16.60;54
5892.C60;;Embalagem Combo 60 un - Arandela Korre Frontal;"Largura: 10cm | Altura: 12cm | Profundidade: 8cm
Base: G-9 01 -Lâmpada Halopin
Material: Alumínio e Acrílico
Cores: Sólidas e Automotivas
EMBALAGEM COMBO 20 un
EMBALAGEM COMBO 40 un
EMBALAGEM COMBO 60 um";37.90;16.60;54
5893;;Arandela Korre Frontal;"Largura: 10cm | Altura: 12cm | Profundidade: 8cm
Base: G-9 01 -Lâmpada Halopin
Material: Alumínio e Acrílico
Cores: Sólidas e Automotivas
EMBALAGEM COMBO 20 un
EMBALAGEM COMBO 40 un
EMBALAGEM COMBO 60 um";89.68;16.60;54
5893.C20;;Embalagem Combo 20 un - Arandela Korre Frontal;"Largura: 10cm | Altura: 12cm | Profundidade: 8cm
Base: G-9 01 -Lâmpada Halopin
Material: Alumínio e Acrílico
Cores: Sólidas e Automotivas
EMBALAGEM COMBO 20 un
EMBALAGEM COMBO 40 un
EMBALAGEM COMBO 60 um";48.90;16.60;54
5893.C40;;Embalagem Combo 40 un - Arandela Korre Frontal;"Largura: 10cm | Altura: 12cm | Profundidade: 8cm
Base: G-9 01 -Lâmpada Halopin
Material: Alumínio e Acrílico
Cores: Sólidas e Automotivas
EMBALAGEM COMBO 20 un
EMBALAGEM COMBO 40 un
EMBALAGEM COMBO 60 um";43.90;16.60;54
5893.C60;;Embalagem Combo 60 un - Arandela Korre Frontal;"Largura: 10cm | Altura: 12cm | Profundidade: 8cm
Base: G-9 01 -Lâmpada Halopin
Material: Alumínio e Acrílico
Cores: Sólidas e Automotivas
EMBALAGEM COMBO 20 un
EMBALAGEM COMBO 40 un
EMBALAGEM COMBO 60 um";37.90;16.60;54
5167IN;;Arandela Quadrada 36cm Indireta;"Largura: 10cm | Altura: 36cm | Profundidade: 10cm
Base: E-27 02 -Lâmpadas Bulbo Led
Material: Alumínio, Inox e Acrílico
Cores: Sólidas, Automotivas, Espelhadas, Rotic e Especiais";243.65;16.60;54
5167RA;;Arandela Quadrada 36cm Com Rasgo;"Largura: 8cm | Altura: 36cm | Profundidade: 8cm
Base: G-9 02 -Lâmpadas Halopin
Material: Alumínio e Acrílico
Cores: Sólidas e Automotivas";243.65;16.60;54
5167;;Arandela Quadrada Com Acrílico 36cm;"Largura: 8cm | Altura: 36cm | Profundidade: 8cm
Base: G-9 02 -Lâmpadas Halopin
Material: Alumínio e Acrílico
Cores: Sólidas e Automotivas
EMBALAGEM COMBO 20 un";192.33;16.60;54
5167.C20;;Embalagem Combo 20 un - Arandela Quadrada Com Acrílico 36cm;"Largura: 8cm | Altura: 36cm | Profundidade: 8cm
Base: G-9 02 -Lâmpadas Halopin
Material: Alumínio e Acrílico
Cores: Sólidas e Automotivas
EMBALAGEM COMBO 20 un";102.90;16.60;54
580;;Arandela Quadrada 18 cm;"Largura: 8cm | Altura: 18cm | Profundidade: 8cm
Base: E-27 01 -Lâmpada BulboLed
Material: Alumínio e Acrílico
Cores: Sólidas e Automotivas
EMBALAGEM COMBO 20 un";102.51;16.60;54
580.C20;;Embalagem Combo 20 un - Arandela Quadrada 18 cm;"Largura: 8cm | Altura: 18cm | Profundidade: 8cm
Base: E-27 01 -Lâmpada BulboLed
Material: Alumínio e Acrílico
Cores: Sólidas e Automotivas
EMBALAGEM COMBO 20 un";69.90;16.60;54
5584G;;Arandela CAD P;"Largura: 8cm | Altura: 40cm | Profundidade: 8cm
Led Cob: 6W | 3.000K | 660 lm | 127V ou 220V (L) ou
Base: G-9 02 -Lâmpadas Halopin
Material: Alumínio
Cores: Sólidas, Automotivas, Espelhadas, Rotic e Especiais";210.10;16.60;54
5584L;;Arandela CAD P;"Largura: 8cm | Altura: 40cm | Profundidade: 8cm
Led Cob: 6W | 3.000K | 660 lm | 127V ou 220V (L) ou
Base: G-9 02 -Lâmpadas Halopin
Material: Alumínio
Cores: Sólidas, Automotivas, Espelhadas, Rotic e Especiais";301.08;16.60;54
5590G;;Arandela CAD P com Rasgo;"Largura: 8cm | Altura: 40cm | Profundidade: 8cm
Led Cob: 6W | 3.000K | 660 lm | 127V ou 220V (L) ou
Base: G-9 01 -Lâmpada Halopin
Material: Alumínio
Cores: Sólidas, Automotivas, Espelhadas, Rotic e Especiais";170.90;16.60;55
5590L;;Arandela CAD P com Rasgo;"Largura: 8cm | Altura: 40cm | Profundidade: 8cm
Led Cob: 6W | 3.000K | 660 lm | 127V ou 220V (L) ou
Base: G-9 01 -Lâmpada Halopin
Material: Alumínio
Cores: Sólidas, Automotivas, Espelhadas, Rotic e Especiais";261.88;16.60;55
5580G;;Arandela TUB G Chanfrada;"Largura: 9cm | Altura: 50cm | Profundidade: 9cm
Led Cob: 6W | 3.000K | 660 lm | 127V ou 220V (L) ou
Base: GU-10 02 -Lâmpadas Dicróica
Material: Alumínio
Cores: Sólidas, Automotivas, Espelhadas e Especiais";270.79;16.60;55
5580L;;Arandela TUB G Chanfrada;"Largura: 9cm | Altura: 50cm | Profundidade: 9cm
Led Cob: 6W | 3.000K | 660 lm | 127V ou 220V (L) ou
Base: GU-10 02 -Lâmpadas Dicróica
Material: Alumínio
Cores: Sólidas, Automotivas, Espelhadas e Especiais";362.72;16.60;55
5578G;;Arandela TUB P Chanfrada;"Largura: 8cm | Altura: 50cm | Profundidade: 8cm
Led Cob: 6W | 3.000K | 660 lm | 127V ou 220V (L) ou
Base: G-9 02 -Lâmpadas Halopin
Material: Alumínio
Cores: Sólidas, Automotivas, Espelhadas e Especiais";214.47;16.60;55
5578L;;Arandela TUB P Chanfrada;"Largura: 8cm | Altura: 50cm | Profundidade: 8cm
Led Cob: 6W | 3.000K | 660 lm | 127V ou 220V (L) ou
Base: G-9 02 -Lâmpadas Halopin
Material: Alumínio
Cores: Sólidas, Automotivas, Espelhadas e Especiais";306.39;16.60;55
5574G;;Arandela TUB G Com Rasgo;"Largura: 9cm | Altura: 40cm | Profundidade: 9cm
Led Cob: 6W | 3.000K | 660 lm | 127V ou 220V (L) ou
Base: G-9 01 -Lâmpada Halopin
Material: Alumínio
Cores: Sólidas, Automotivas, Espelhadas e Especiais";241.21;16.60;55
5574L;;Arandela TUB G Com Rasgo;"Largura: 9cm | Altura: 40cm | Profundidade: 9cm
Led Cob: 6W | 3.000K | 660 lm | 127V ou 220V (L) ou
Base: G-9 01 -Lâmpada Halopin
Material: Alumínio
Cores: Sólidas, Automotivas, Espelhadas e Especiais";185.53;16.60;55
5572G;;Arandela TUB P Com Rasgo;"Largura: 8cm | Altura: 40cm | Profundidade: 8cm
Led Cob: 6W | 3.000K | 660 lm | 127V ou 220V (L) ou
Base: G-9 01 -Lâmpada Halopin
Material: Alumínio
Cores: Sólidas, Automotivas, Espelhadas e Especiais";159.67;16.60;55
5572L;;Arandela TUB P Com Rasgo;"Largura: 8cm | Altura: 40cm | Profundidade: 8cm
Led Cob: 6W | 3.000K | 660 lm | 127V ou 220V (L) ou
Base: G-9 01 -Lâmpada Halopin
Material: Alumínio
Cores: Sólidas, Automotivas, Espelhadas e Especiais";250.66;16.60;55
5568G;;Arandela TUB G;"Largura: 9cm | Altura: 40cm | Profundidade: 9cm
Led Cob: 6W | 3.000K | 660 lm | 127V ou 220V (L) ou
Base: GU-10 02 -Lâmpadas Dicróica
Material: Alumínio
Cores: Sólidas, Automotivas, Espelhadas e Especiais";237.30;16.60;55
5568L;;Arandela TUB G;"Largura: 9cm | Altura: 40cm | Profundidade: 9cm
Led Cob: 6W | 3.000K | 660 lm | 127V ou 220V (L) ou
Base: GU-10 02 -Lâmpadas Dicróica
Material: Alumínio
Cores: Sólidas, Automotivas, Espelhadas e Especiais";328.39;16.60;55
5566G;;Arandela TUB P;"Largura: 8cm | Altura: 40cm | Profundidade: 8cm
Led Cob: 6W | 3.000K | 660 lm | 127V ou 220V (L) ou
Base: G-9 02 -Lâmpadas Halopin
Material: Alumínio
Cores: Sólidas, Automotivas, Espelhadas e Especiais";198.42;16.60;55
5566L;;Arandela TUB P;"Largura: 8cm | Altura: 40cm | Profundidade: 8cm
Led Cob: 6W | 3.000K | 660 lm | 127V ou 220V (L) ou
Base: G-9 02 -Lâmpadas Halopin
Material: Alumínio
Cores: Sólidas, Automotivas, Espelhadas e Especiais";289.39;16.60;55
560;;Arandela Glass Tub Arredondada;"Largura: 11cm | Altura: 20cm | Profundidade: 14cm
Base: E-27 02 -Lâmpadas Bulbo Led
Material: Alumínio e Vidro
Cores: Sólidas, Automotivas, Espelhadas e Especiais
EMBALAGEM COMBO 20 un";115.35;16.60;55
560.C20;;Embalagem Combo 20 un - Arandela Glass Tub Arredondada;"Largura: 11cm | Altura: 20cm | Profundidade: 14cm
Base: E-27 02 -Lâmpadas Bulbo Led
Material: Alumínio e Vidro
Cores: Sólidas, Automotivas, Espelhadas e Especiais
EMBALAGEM COMBO 20 un";79.90;16.60;55
561;;Arandela Glass Tub Reta;"Cores: SólidaseAutomotivas
Largura: 11cm | Altura: 20cm | Profundidade: 14cm
Base: E-27 02 -Lâmpadas Bulbo Led
Material: Alumínio e Vidro
Cores: Sólidas, Automotivas, Espelhadas e Especiais
EMBALAGEM COMBO 20 un";128.18;16.60;55
561.C20;;Embalagem Combo 20 un - Arandela Glass Tub Reta;"Cores: SólidaseAutomotivas
Largura: 11cm | Altura: 20cm | Profundidade: 14cm
Base: E-27 02 -Lâmpadas Bulbo Led
Material: Alumínio e Vidro
Cores: Sólidas, Automotivas, Espelhadas e Especiais
EMBALAGEM COMBO 20 un";79.90;16.60;55
5266;;Arandela Álamo Com Policarbonato;"Largura: 10cm | Altura: 19cm | Profundidade: 14,5cm
Base: E-27 01 -Lâmpada Bulbo Led
Material: Alumínio e Policarbonato
Cores: Sólidas e Automotivas
EMBALAGEM COMBO 20 un
EMBALAGEM COMBO 40 un
EMBALAGEM COMBO 60 um";179.50;16.60;56
5266.C20;;Embalagem Combo 20 un - Arandela Álamo Com Policarbonato;"Largura: 10cm | Altura: 19cm | Profundidade: 14,5cm
Base: E-27 01 -Lâmpada Bulbo Led
Material: Alumínio e Policarbonato
Cores: Sólidas e Automotivas
EMBALAGEM COMBO 20 un
EMBALAGEM COMBO 40 un
EMBALAGEM COMBO 60 um";113.90;16.60;56
5266.C40;;Embalagem Combo 40 un - Arandela Álamo Com Policarbonato;"Largura: 10cm | Altura: 19cm | Profundidade: 14,5cm
Base: E-27 01 -Lâmpada Bulbo Led
Material: Alumínio e Policarbonato
Cores: Sólidas e Automotivas
EMBALAGEM COMBO 20 un
EMBALAGEM COMBO 40 un
EMBALAGEM COMBO 60 um";107.90;16.60;56
5266.C60;;Embalagem Combo 60 un - Arandela Álamo Com Policarbonato;"Largura: 10cm | Altura: 19cm | Profundidade: 14,5cm
Base: E-27 01 -Lâmpada Bulbo Led
Material: Alumínio e Policarbonato
Cores: Sólidas e Automotivas
EMBALAGEM COMBO 20 un
EMBALAGEM COMBO 40 un
EMBALAGEM COMBO 60 um";102.90;16.60;56
7045;;Arandela Sun;"Largura: 9,5cm| Altura: 9,5cm| Profundidade: 4cm
Fita de Led: 3,5W | 3.000K ou 4.000K | 360 lm | 127V ou 220V
Material: Alumínio e Acrílico
Cores: Sólidas, Automotivas e Especiais";116.41;16.60;56
60176;;Arandela Telha Redonda P;"Largura: 16cm | Altura: 22cm | Profundidade: 8cm
Base: E-27 01 -Lâmpada Bulbo Led
Material: Alumínio e Acrílico
Cores: Sólidas e Automotivas";147.68;16.60;56
7025;;Arandela Poky Quadrada;"Largura: 5cm| Altura: 8cm| Profundidade: 8,5cm
Base: G-9 01 -Lâmpada Halopin
Material: Alumínio, Policarbonato e Acrílico
Cores: Sólidas e Automotivas";52.02;16.60;56
7026;;Arandela Poky Redonda;"Largura: 5cm| Altura: 10cm| Profundidade: 8,5cm
Base: G-9 01 -Lâmpada Halopin
Material: Alumínio, Policarbonato e Acrílico
Cores: Sólidas e Automotivas";57.74;16.60;56
5992;;Arandela Baldy G;"Largura: 16,5cm | Altura: 16cm | Profundidade: 18,5cm
Base: E-27 01 -Lâmpada Bulbo
Material: Alumínio
Cores: Sólidas, Automotivas, Espelhadas e Especiais
EMBALAGEM COMBO 10 un";124.07;16.60;56
5992.C10;;Embalagem Combo 10 un - Arandela Baldy G;"Largura: 16,5cm | Altura: 16cm | Profundidade: 18,5cm
Base: E-27 01 -Lâmpada Bulbo
Material: Alumínio
Cores: Sólidas, Automotivas, Espelhadas e Especiais
EMBALAGEM COMBO 10 un";100.44;16.60;56
5990;;Arandela Baldy P;"Largura: 13cm | Altura: 14cm | Profundidade: 15cm
Base: E-27 01 -Lâmpada Bulbo
Material: Alumínio
Cores: Sólidas, Automotivas, Espelhadas e Especiais
EMBALAGEM COMBO 10 un";116.82;16.60;56
5990.C10;;Embalagem Combo 10 un - Arandela Baldy P;"Largura: 13cm | Altura: 14cm | Profundidade: 15cm
Base: E-27 01 -Lâmpada Bulbo
Material: Alumínio
Cores: Sólidas, Automotivas, Espelhadas e Especiais
EMBALAGEM COMBO 10 un";93.90;16.60;56
5995;;Arandela Thomas Baldy P;"Largura: 13cm | Altura: 26cm | Profundidade: 16cm
Base: E-27 01 -Lâmpada Bulbo
Material: Alumínio
Cores: Sólidas, Automotivas, Espelhadas e Especiais
EMBALAGEM COMBO 10 un";141.90;16.60;56
5995.C10;;Embalagem Combo 10 un - Arandela Thomas Baldy P;"Largura: 13cm | Altura: 26cm | Profundidade: 16cm
Base: E-27 01 -Lâmpada Bulbo
Material: Alumínio
Cores: Sólidas, Automotivas, Espelhadas e Especiais
EMBALAGEM COMBO 10 un";104.90;16.60;56
5996;;Arandela Thomas Baldy G;"Largura: 13cm | Altura: 26cm | Profundidade: 26cm
Base: E-27 01 -Lâmpada Bulbo
Material: Alumínio
Cores: Sólidas, Automotivas, Espelhadas e Especiais
EMBALAGEM COMBO 10 un";163.14;16.60;56
5996.C10;;Embalagem Combo 10 un - Arandela Thomas Baldy G;"Largura: 13cm | Altura: 26cm | Profundidade: 26cm
Base: E-27 01 -Lâmpada Bulbo
Material: Alumínio
Cores: Sólidas, Automotivas, Espelhadas e Especiais
EMBALAGEM COMBO 10 un";126.90;16.60;56
7054A/F;;Arandela Klasike P;"Largura: 10cm| Altura: 15cm| Profundidade: 13cm
Base: G-9 01 -Lâmpada Halopin
Material: Alumínio
Cores: Sólidas, Automotivas, Espelhadas e Especiais
Obs: Aberta ou fechada em cima (Externa só fechada)";114.66;16.60;57
7055A/F;;Arandela Klasike M;"Largura: 16cm| Altura: 20cm| Profundidade: 17cm
Base: G-9 01 -Lâmpada Halopin
Material: Alumínio
Cores: Sólidas, Automotivas, Espelhadas e Especiais
Obs: Aberta ou fechada em cima (Externa só fechada)";159.45;16.60;57
7056A/F;;Arandela Klasike Haste;"Largura: 15,5cm| Altura: 62cm| Profundidade: 19cm
Base: E-27 01 -Lâmpada Bolinha
Material: Alumínio
Cores: Sólidas, Automotivas, Espelhadas e Especiais
Obs: Aberta ou fechada em cima (Externa só fechada)";180.56;16.60;57
5361G;;Arandela Kasse Quadrada Sem Kit;"Largura: 10cm | Altura: 12cm | Profundidade: 7cm
Led Cob: 6W | 3.000K | 660 lm | 127V ou 220V (L) ou
Base: G-9 01 -Lâmpada Halopin
Material: Alumínio e Vidro
Cores: Sólidas, Automotivas, Espelhadas e Especiais
EMBALAGEM COMBO 20 un
EMBALAGEM COMBO 40 un
EMBALAGEM COMBO 60 um";81.52;16.60;57
5361L;;Arandela Kasse Quadrada Sem Kit;"Largura: 10cm | Altura: 12cm | Profundidade: 7cm
Led Cob: 6W | 3.000K | 660 lm | 127V ou 220V (L) ou
Base: G-9 01 -Lâmpada Halopin
Material: Alumínio e Vidro
Cores: Sólidas, Automotivas, Espelhadas e Especiais
EMBALAGEM COMBO 20 un
EMBALAGEM COMBO 40 un
EMBALAGEM COMBO 60 um";107.18;16.60;57
5361.C20;;Embalagem Combo 20 un - Arandela Kasse Quadrada Sem Kit;"Largura: 10cm | Altura: 12cm | Profundidade: 7cm
Led Cob: 6W | 3.000K | 660 lm | 127V ou 220V (L) ou
Base: G-9 01 -Lâmpada Halopin
Material: Alumínio e Vidro
Cores: Sólidas, Automotivas, Espelhadas e Especiais
EMBALAGEM COMBO 20 un
EMBALAGEM COMBO 40 un
EMBALAGEM COMBO 60 um";52.90;16.60;57
5361.C40;;Embalagem Combo 40 un - Arandela Kasse Quadrada Sem Kit;"Largura: 10cm | Altura: 12cm | Profundidade: 7cm
Led Cob: 6W | 3.000K | 660 lm | 127V ou 220V (L) ou
Base: G-9 01 -Lâmpada Halopin
Material: Alumínio e Vidro
Cores: Sólidas, Automotivas, Espelhadas e Especiais
EMBALAGEM COMBO 20 un
EMBALAGEM COMBO 40 un
EMBALAGEM COMBO 60 um";48.90;16.60;57
5361.C60;;Embalagem Combo 60 un - Arandela Kasse Quadrada Sem Kit;"Largura: 10cm | Altura: 12cm | Profundidade: 7cm
Led Cob: 6W | 3.000K | 660 lm | 127V ou 220V (L) ou
Base: G-9 01 -Lâmpada Halopin
Material: Alumínio e Vidro
Cores: Sólidas, Automotivas, Espelhadas e Especiais
EMBALAGEM COMBO 20 un
EMBALAGEM COMBO 40 un
EMBALAGEM COMBO 60 um";43.90;16.60;57
5366G;;Arandela Kasse Sextavada Sem Kit;"Largura: 10cm | Altura: 12cm | Profundidade: 8cm
Led Cob: 6W | 3.000K | 660 lm | 127V ou 220V (L) ou
Base: G-9 01 -Lâmpada Halopin
Material: Alumínio e Vidro
Cores: Sólidas, Automotivas, Espelhadas e Especiais
EMBALAGEM COMBO 20 un
EMBALAGEM COMBO 40 un
EMBALAGEM COMBO 60 um";81.52;16.60;57
5366L;;Arandela Kasse Sextavada Sem Kit;"Largura: 10cm | Altura: 12cm | Profundidade: 8cm
Led Cob: 6W | 3.000K | 660 lm | 127V ou 220V (L) ou
Base: G-9 01 -Lâmpada Halopin
Material: Alumínio e Vidro
Cores: Sólidas, Automotivas, Espelhadas e Especiais
EMBALAGEM COMBO 20 un
EMBALAGEM COMBO 40 un
EMBALAGEM COMBO 60 um";107.18;16.60;57
5366.C20;;Embalagem Combo 20 un - Arandela Kasse Sextavada Sem Kit;"Largura: 10cm | Altura: 12cm | Profundidade: 8cm
Led Cob: 6W | 3.000K | 660 lm | 127V ou 220V (L) ou
Base: G-9 01 -Lâmpada Halopin
Material: Alumínio e Vidro
Cores: Sólidas, Automotivas, Espelhadas e Especiais
EMBALAGEM COMBO 20 un
EMBALAGEM COMBO 40 un
EMBALAGEM COMBO 60 um";52.90;16.60;57
5366.C40;;Embalagem Combo 40 un - Arandela Kasse Sextavada Sem Kit;"Largura: 10cm | Altura: 12cm | Profundidade: 8cm
Led Cob: 6W | 3.000K | 660 lm | 127V ou 220V (L) ou
Base: G-9 01 -Lâmpada Halopin
Material: Alumínio e Vidro
Cores: Sólidas, Automotivas, Espelhadas e Especiais
EMBALAGEM COMBO 20 un
EMBALAGEM COMBO 40 un
EMBALAGEM COMBO 60 um";48.90;16.60;57
5366.C60;;Embalagem Combo 60 un - Arandela Kasse Sextavada Sem Kit;"Largura: 10cm | Altura: 12cm | Profundidade: 8cm
Led Cob: 6W | 3.000K | 660 lm | 127V ou 220V (L) ou
Base: G-9 01 -Lâmpada Halopin
Material: Alumínio e Vidro
Cores: Sólidas, Automotivas, Espelhadas e Especiais
EMBALAGEM COMBO 20 un
EMBALAGEM COMBO 40 un
EMBALAGEM COMBO 60 um";43.90;16.60;57
5376G;;Arandela Kasse Quadrada Com Kit;"Largura: 10cm | Altura: 12cm | Profundidade: 7cm
Led Cob: 6W | 3.000K | 660 lm | 127V ou 220V (L) ou
Base: G-9 01 -Lâmpada Halopin
Material: Alumínio e Vidro
Cores: Sólidas, Automotivas, Espelhadas e Especiais
EMBALAGEM COMBO 20 un
EMBALAGEM COMBO 40 un
EMBALAGEM COMBO 60 um";102.51;16.60;57
5376L;;Arandela Kasse Quadrada Com Kit;"Largura: 10cm | Altura: 12cm | Profundidade: 7cm
Led Cob: 6W | 3.000K | 660 lm | 127V ou 220V (L) ou
Base: G-9 01 -Lâmpada Halopin
Material: Alumínio e Vidro
Cores: Sólidas, Automotivas, Espelhadas e Especiais
EMBALAGEM COMBO 20 un
EMBALAGEM COMBO 40 un
EMBALAGEM COMBO 60 um";128.18;16.60;57
5376.C20;;Embalagem Combo 20 un - Arandela Kasse Quadrada Com Kit;"Largura: 10cm | Altura: 12cm | Profundidade: 7cm
Led Cob: 6W | 3.000K | 660 lm | 127V ou 220V (L) ou
Base: G-9 01 -Lâmpada Halopin
Material: Alumínio e Vidro
Cores: Sólidas, Automotivas, Espelhadas e Especiais
EMBALAGEM COMBO 20 un
EMBALAGEM COMBO 40 un
EMBALAGEM COMBO 60 um";69.90;16.60;57
5376.C40;;Embalagem Combo 40 un - Arandela Kasse Quadrada Com Kit;"Largura: 10cm | Altura: 12cm | Profundidade: 7cm
Led Cob: 6W | 3.000K | 660 lm | 127V ou 220V (L) ou
Base: G-9 01 -Lâmpada Halopin
Material: Alumínio e Vidro
Cores: Sólidas, Automotivas, Espelhadas e Especiais
EMBALAGEM COMBO 20 un
EMBALAGEM COMBO 40 un
EMBALAGEM COMBO 60 um";64.90;16.60;57
5376.C60;;Embalagem Combo 60 un - Arandela Kasse Quadrada Com Kit;"Largura: 10cm | Altura: 12cm | Profundidade: 7cm
Led Cob: 6W | 3.000K | 660 lm | 127V ou 220V (L) ou
Base: G-9 01 -Lâmpada Halopin
Material: Alumínio e Vidro
Cores: Sólidas, Automotivas, Espelhadas e Especiais
EMBALAGEM COMBO 20 un
EMBALAGEM COMBO 40 un
EMBALAGEM COMBO 60 um";59.90;16.60;57
5377G;;Arandela Kasse Sextavada Com Kit;"Largura: 10cm | Altura: 12cm | Profundidade: 8cm
Led Cob: 6W | 3.000K | 660 lm | 127V ou 220V (L) ou
Base: G-9 01 -Lâmpada Halopin
Material: Alumínio e Vidro
Cores: Sólidas, Automotivas, Espelhadas e Especiais
EMBALAGEM COMBO 20 un
EMBALAGEM COMBO 40 un
EMBALAGEM COMBO 60 um";102.51;16.60;57
5377L;;Arandela Kasse Sextavada Com Kit;"Largura: 10cm | Altura: 12cm | Profundidade: 8cm
Led Cob: 6W | 3.000K | 660 lm | 127V ou 220V (L) ou
Base: G-9 01 -Lâmpada Halopin
Material: Alumínio e Vidro
Cores: Sólidas, Automotivas, Espelhadas e Especiais
EMBALAGEM COMBO 20 un
EMBALAGEM COMBO 40 un
EMBALAGEM COMBO 60 um";128.18;16.60;57
5377.C20;;Embalagem Combo 20 un - Arandela Kasse Sextavada Com Kit;"Largura: 10cm | Altura: 12cm | Profundidade: 8cm
Led Cob: 6W | 3.000K | 660 lm | 127V ou 220V (L) ou
Base: G-9 01 -Lâmpada Halopin
Material: Alumínio e Vidro
Cores: Sólidas, Automotivas, Espelhadas e Especiais
EMBALAGEM COMBO 20 un
EMBALAGEM COMBO 40 un
EMBALAGEM COMBO 60 um";69.90;16.60;57
5377.C40;;Embalagem Combo 40 un - Arandela Kasse Sextavada Com Kit;"Largura: 10cm | Altura: 12cm | Profundidade: 8cm
Led Cob: 6W | 3.000K | 660 lm | 127V ou 220V (L) ou
Base: G-9 01 -Lâmpada Halopin
Material: Alumínio e Vidro
Cores: Sólidas, Automotivas, Espelhadas e Especiais
EMBALAGEM COMBO 20 un
EMBALAGEM COMBO 40 un
EMBALAGEM COMBO 60 um";64.90;16.60;57
5377.C60;;Embalagem Combo 60 un - Arandela Kasse Sextavada Com Kit;"Largura: 10cm | Altura: 12cm | Profundidade: 8cm
Led Cob: 6W | 3.000K | 660 lm | 127V ou 220V (L) ou
Base: G-9 01 -Lâmpada Halopin
Material: Alumínio e Vidro
Cores: Sólidas, Automotivas, Espelhadas e Especiais
EMBALAGEM COMBO 20 un
EMBALAGEM COMBO 40 un
EMBALAGEM COMBO 60 um";59.90;16.60;57
520;;Arandela Trapézio P;"Largura: 9cm | Altura: 14cm | Profundidade: 6cm
Base: G-9 01 -Lâmpada Halopin
Material: Alumínio e Vidro
Cores: Sólidas e Automotivas
EMBALAGEM COMBO 20 un
EMBALAGEM COMBO 40 un
EMBALAGEM COMBO 60 um";91.67;16.60;58
520.C20;;Embalagem Combo 20 un - Arandela Trapézio P;"Largura: 9cm | Altura: 14cm | Profundidade: 6cm
Base: G-9 01 -Lâmpada Halopin
Material: Alumínio e Vidro
Cores: Sólidas e Automotivas
EMBALAGEM COMBO 20 un
EMBALAGEM COMBO 40 un
EMBALAGEM COMBO 60 um";52.90;16.60;58
520.C40;;Embalagem Combo 40 un - Arandela Trapézio P;"Largura: 9cm | Altura: 14cm | Profundidade: 6cm
Base: G-9 01 -Lâmpada Halopin
Material: Alumínio e Vidro
Cores: Sólidas e Automotivas
EMBALAGEM COMBO 20 un
EMBALAGEM COMBO 40 un
EMBALAGEM COMBO 60 um";48.90;16.60;58
520.C60;;Embalagem Combo 60 un - Arandela Trapézio P;"Largura: 9cm | Altura: 14cm | Profundidade: 6cm
Base: G-9 01 -Lâmpada Halopin
Material: Alumínio e Vidro
Cores: Sólidas e Automotivas
EMBALAGEM COMBO 20 un
EMBALAGEM COMBO 40 un
EMBALAGEM COMBO 60 um";46.90;16.60;58
525;;Arandela Circle Simples;"Largura: 11cm | Altura: 11cm | Profundidade: 9,5cm
Base: G-9 01 -Lâmpada Halopin
Material: Alumínio e Acrílico
Cores: Sólidas e Automotivas
EMBALAGEM COMBO 20 un
EMBALAGEM COMBO 40 un
EMBALAGEM COMBO 60 um";115.35;16.60;58
525.C20;;Embalagem Combo 20 un - Arandela Circle Simples;"Largura: 11cm | Altura: 11cm | Profundidade: 9,5cm
Base: G-9 01 -Lâmpada Halopin
Material: Alumínio e Acrílico
Cores: Sólidas e Automotivas
EMBALAGEM COMBO 20 un
EMBALAGEM COMBO 40 un
EMBALAGEM COMBO 60 um";57.90;16.60;58
525.C40;;Embalagem Combo 40 un - Arandela Circle Simples;"Largura: 11cm | Altura: 11cm | Profundidade: 9,5cm
Base: G-9 01 -Lâmpada Halopin
Material: Alumínio e Acrílico
Cores: Sólidas e Automotivas
EMBALAGEM COMBO 20 un
EMBALAGEM COMBO 40 un
EMBALAGEM COMBO 60 um";53.90;16.60;58
525.C60;;Embalagem Combo 60 un - Arandela Circle Simples;"Largura: 11cm | Altura: 11cm | Profundidade: 9,5cm
Base: G-9 01 -Lâmpada Halopin
Material: Alumínio e Acrílico
Cores: Sólidas e Automotivas
EMBALAGEM COMBO 20 un
EMBALAGEM COMBO 40 un
EMBALAGEM COMBO 60 um";49.90;16.60;58
523;;Arandela Float Simples;"Largura: 13cm | Altura: 40cm | Profundidade: 9cm
Base: G-9 01 -Lâmpada Halopin
Material: Alumínio, Inox e Acrílico
Cores: Sólidas, Automotivas, Espelhadas, Rotic e Especiais";210.29;16.60;58
60110;;Arandela Camarim Mood P;"Largura: 60cm | Altura: 7cm | Profundidade: 5,5cm
Base: E-27 04 -Lâmpadas Bolinha
Material: Alumínio
Cores: Sólidas, Automotivas e Especiais";133.76;16.60;58
60111;;Arandela Camarim Mood G;"Largura: 1 m | Altura: 7cm | Profundidade: 5,5cm
Base: E-27 06 -Lâmpadas Bolinha
Material: Alumínio
Cores: Sólidas, Automotivas e Especiais";284.64;16.60;58
50100;;Espeto Mini Redondo;"Largura: 6cm | Altura: 27cm | Profundidade: 8cm
Led Cob: 3W | 3.000K | 330 lm | 127V ou 220V
Material: Alumínio e Acrílico
Cores: Sólidas e Automotivas";140.43;16.60;58
50101;;Espeto Mini Quadrado;"Largura: 6cm | Altura: 27cm | Profundidade: 8cm
Led Cob: 3W | 3.000K | 330 lm | 127V ou 220V
Material: Alumínio e Acrílico
Cores: Sólidas e Automotivas";140.43;16.60;58
50200G;;Balizador Espeto Mini Redondo;"Largura: 6cm | Altura: 46cm | Profundidade: 11cm
Led Cob: 3W | 3.000K | 330 lm | 127V ou 220V (L) ou
Base: GU-10 01 -Lâmpada MiniDicróica
Material: Alumínio e Acrílico
Cores: Sólidas e Automotivas";140.36;16.60;58
50200L;;Balizador Espeto Mini Redondo;"Largura: 6cm | Altura: 46cm | Profundidade: 11cm
Led Cob: 3W | 3.000K | 330 lm | 127V ou 220V (L) ou
Base: GU-10 01 -Lâmpada MiniDicróica
Material: Alumínio e Acrílico
Cores: Sólidas e Automotivas";161.53;16.60;58
50201G;;Balizador Espeto Mini Quadrado;"Largura: 6cm | Altura: 46cm | Profundidade: 11cm
Led Cob: 3W | 3.000K | 330 lm | 127V ou 220V (L) ou
Base: GU-10 01 -Lâmpada MiniDicróica
Material: Alumínio e Acrílico
Cores: Sólidas e Automotivas";140.36;16.60;58
50201L;;Balizador Espeto Mini Quadrado;"Largura: 6cm | Altura: 46cm | Profundidade: 11cm
Led Cob: 3W | 3.000K | 330 lm | 127V ou 220V (L) ou
Base: GU-10 01 -Lâmpada MiniDicróica
Material: Alumínio e Acrílico
Cores: Sólidas e Automotivas";161.53;16.60;58
50204G;;Balizador de Parede Mini Redondo;"Largura: 6cm | Altura: 19cm | Profundidade: 49cm
Led Cob: 3W | 3.000K | 330 lm | 127V ou 220V (L) ou
Base: GU-10 01 -Lâmpada MiniDicróica
Material: Alumínio e Acrílico
Cores: Sólidas e Automotivas";162.50;16.60;59
50204L;;Balizador de Parede Mini Redondo;"Largura: 6cm | Altura: 19cm | Profundidade: 49cm
Led Cob: 3W | 3.000K | 330 lm | 127V ou 220V (L) ou
Base: GU-10 01 -Lâmpada MiniDicróica
Material: Alumínio e Acrílico
Cores: Sólidas e Automotivas";175.46;16.60;59
50205G;;Balizador de Parede Mini Quadrado;"Largura: 6cm | Altura: 19cm | Profundidade: 49cm
Led Cob: 3W | 3.000K | 330 lm | 127V ou 220V (L) ou
Base: GU-10 01 -Lâmpada MiniDicróica
Material: Alumínio e Acrílico
Cores: Sólidas e Automotivas";162.50;16.60;59
50205L;;Balizador de Parede Mini Quadrado;"Largura: 6cm | Altura: 19cm | Profundidade: 49cm
Led Cob: 3W | 3.000K | 330 lm | 127V ou 220V (L) ou
Base: GU-10 01 -Lâmpada MiniDicróica
Material: Alumínio e Acrílico
Cores: Sólidas e Automotivas";175.46;16.60;59
7006;;Balizador de Jardim Campana Uno;"Largura: 20cm | Altura: 93cm | Profundidade: 26cm
Base: E-27 01 -Lâmpada Bulbo
Material: Alumínio
Cores: Sólidas, Automotivas e Especiais
EMBALAGEM COMBO 5 un";160.70;16.60;59
7006.C05;;Embalagem Combo 05 un - Balizador de Jardim Campana Uno;"Largura: 20cm | Altura: 93cm | Profundidade: 26cm
Base: E-27 01 -Lâmpada Bulbo
Material: Alumínio
Cores: Sólidas, Automotivas e Especiais
EMBALAGEM COMBO 5 un";118.90;16.60;59
50105G;;Coluna Mini Redonda;"Largura: 10cm | Altura: 1,28m | Profundidade: 20cm
Led Cob: 3W | 3.000K | 330 lm | 127V ou 220V (L) ou
Base: GU-10 01 -Lâmpada MiniDicróica
Material: Alumínio e Acrílico
Cores: Sólidas e Automotivas";519.50;16.60;59
50105L;;Coluna Mini Redonda;"Largura: 10cm | Altura: 1,28m | Profundidade: 20cm
Led Cob: 3W | 3.000K | 330 lm | 127V ou 220V (L) ou
Base: GU-10 01 -Lâmpada MiniDicróica
Material: Alumínio e Acrílico
Cores: Sólidas e Automotivas";555.04;16.60;59
6012;;Coluna Thomas;"Cores: Sólidas, Automotivas eEspelhadas
Largura: 12,5cm | Altura: 1,50m | Profundidade: 20cm
Base: E-27 01 -Lâmpada Filamento
Material: Alumínio
Cores: Sólidas, Automotivas e Espelhadas";496.54;16.60;59
6014;;Coluna Thomas Baldy;"Largura: 12,5cm | Altura: 1,50m | Profundidade: 25cm
Base: E-27 01 -Lâmpada Bolinha
Material: Alumínio
Cores: Sólidas, Automotivas e Espelhadas";536.70;16.60;59
21400;;Embutido Quadrado 16cm;"Largura: 16cm | Altura: 8,5cm | Profundidade: 16cm
Base: E-27 01 -Lâmpada Bulbo
Material: Alumínio (Nicho: 14,5cm)
Cores: Sólidas e Automotivas";107.01;16.60;59
21401;;Embutido Quadrado 18cm;"Largura: 18cm | Altura: 8,5cm | Profundidade: 18cm
Base: E-27 01 -Lâmpada Bulbo
Material: Alumínio (Nicho: 16,5cm)
Cores: Sólidas e Automotivas";131.58;16.60;59
21402;;Embutido Quadrado 22cm;"Largura: 22cm | Altura: 8,5cm | Profundidade: 22cm
Base: E-27 02 -Lâmpadas Bulbo
Material: Alumínio (Nicho: 20,5cm)
Cores: Sólidas e Automotivas";165.38;16.60;59
21403;;Embutido Quadrado 30cm;"Largura: 30cm | Altura: 8,5cm | Profundidade: 30cm
Base: E-27 03 -Lâmpadas Bulbo
Material: Alumínio (Nicho: 28,5cm)
Cores: Sólidas e Automotivas";240.63;16.60;59
21404;;Embutido Quadrado 40cm;"Largura: 40cm | Altura: 8,5cm | Profundidade: 40cm
Base: E-27 04 -Lâmpadas Bulbo
Material: Alumínio (Nicho: 38,5cm)
Cores: Sólidas e Automotivas";348.99;16.60;60
21405;;Embutido Quadrado 50cm;"Largura: 50cm | Altura: 8,5cm | Profundidade: 50cm
Base: E-27 05 -Lâmpadas Bulbo
Material: Alumínio (Nicho: 48,5cm)
Cores: Sólidas e Automotivas";484.22;16.60;60
21406;;Embutido Quadrado 64cm;"Largura: 64cm | Altura: 8cm | Profundidade: 64cm
Base: G-10 04 -Lâmpadas TubularMenor Led
Material: Alumínio (Nicho: 63cm)
Cores: Sólidas e Automotivas";533.49;16.60;60
21500;;Embutido Quadrado Recuado 16cm;"Largura: 16cm | Altura: 8,5cm | Profundidade: 16cm
Base: E-27 01 -Lâmpada Bulbo
Material: Alumínio (Nicho: 14,5cm)
Cores: Sólidas e Automotivas";121.95;16.60;60
21501;;Embutido Quadrado Recuado 18cm;"Largura: 18cm | Altura: 8,5cm | Profundidade: 18cm
Base: E-27 01 -Lâmpada Bulbo
Material: Alumínio (Nicho: 16,5cm)
Cores: Sólidas e Automotivas";140.62;16.60;60
21502;;Embutido Quadrado Recuado 22cm;"Largura: 22cm | Altura: 8,5cm | Profundidade: 22cm
Base: E-27 02 -Lâmpadas Bulbo
Material: Alumínio (Nicho: 20,5cm)
Cores: Sólidas e Automotivas";178.66;16.60;60
21503;;Embutido Quadrado Recuado 30cm;"Largura: 30cm | Altura: 8,5cm | Profundidade: 30cm
Base: E-27 03 -Lâmpadas Bulbo
Material: Alumínio (Nicho: 28,5cm)
Cores: Sólidas e Automotivas";266.36;16.60;60
21504;;Embutido Quadrado Recuado 40cm;"Largura: 40cm | Altura: 8,5cm | Profundidade: 40cm
Base: E-27 04 -Lâmpadas Bulbo
Material: Alumínio (Nicho: 38,5cm)
Cores: Sólidas e Automotivas";379.52;16.60;60
21505;;Embutido Quadrado Recuado 50cm;"Largura: 50cm | Altura: 8,5cm | Profundidade: 50cm
Base: E-27 05 -Lâmpadas Bulbo
Material: Alumínio (Nicho: 48,5cm)
Cores: Sólidas e Automotivas";514.37;16.60;60
21506;;Embutido Quadrado Recuado 62cm;"Largura: 64cm | Altura: 8cm | Profundidade: 64cm
Base: G-10 04 -Lâmpadas TubularMenor Led
Material: Alumínio (Nicho: 63cm)
Cores: Sólidas e Automotivas";574.16;16.60;60
21600;;Embutido Retangular Pequeno;"Largura: 30cm | Altura: 8,5cm | Profundidade: 12cm
Base: E-27 03 -Lâmpadas Bulbo
Material: Alumínio (Nicho: 28,5cm x 10,5cm)
Cores: Sólidas e Automotivas";168.46;16.60;60
21601;;Embutido Retangular Simples P;"Largura: 64cm | Altura: 8cm | Profundidade: 12cm
Base: G-10 01 -Lâmpada TubularMenor Led
Material: Alumínio (Nicho: 63cm x 11cm)
Cores: Sólidas e Automotivas";241.98;16.60;61
21602;;Embutido Retanangular Duplo P;"Largura: 64cm | Altura: 8cm | Profundidade: 22cm
Base: G-10 02 -Lâmpadas TubularMenor Led
Material: Alumínio (Nicho: 63cm x 21cm)
Cores: Sólidas e Automotivas";290.67;16.60;61
21603;;Embutido Retangular Simples G;"Largura: 1,24m | Altura: 8cm | Profundidade: 12cm
Base: G-10 01 -Lâmpada TubularMaior Led
Material: Alumínio (Nicho: 1,23m x 11cm)
Cores: Sólidas e Automotivas";434.24;16.60;61
21604;;Embutido Retangular Duplo G;"Largura: 1,24m | Altura: 8cm | Profundidade: 22cm
Base: G-10 02 -Lâmpadas TubularMaior Led
Material: Alumínio (Nicho: 1,23m x 21cm)
Cores: Sólidas e Automotivas";531.76;16.60;61
21700;;Embutido Retangular Recuado P;"Largura: 30cm | Altura: 8,5cm | Profundidade: 12cm
Base: E-27 03 -Lâmpadas Bulbo
Material: Alumínio (Nicho: 28,5cm x 10,5cm)
Cores: Sólidas e Automotivas";183.47;16.60;61
21701;;Embutido Retangular Recuado Simples P;"Largura: 64cm | Altura: 8cm | Profundidade: 12cm
Base: G-10 01 -Lâmpada TubularMenor Led
Material: Alumínio (Nicho: 63cm x 11cm)
Cores: Sólidas e Automotivas";266.23;16.60;61
21702;;Embutido Retangular Recuado Duplo P;"Largura: 64cm | Altura: 8cm | Profundidade: 22cm
Base: G-10 02 -Lâmpadas TubularMenor Led
Material: Alumínio (Nicho: 63cm x 21cm)
Cores: Sólidas e Automotivas";319.73;16.60;61
21703;;Embutido Retangular Recuado Simples G;"Largura: 1,24m | Altura: 8cm | Profundidade: 12cm
Base: G-10 01 -Lâmpada TubularMaior Led
Material: Alumínio (Nicho: 1,23m x 11cm)
Cores: Sólidas e Automotivas";477.80;16.60;61
21704;;Embutido Retangular Recuado Duplo G;"Largura: 1,24m | Altura: 8cm | Profundidade: 22cm
Base: G-10 02 -Lâmpadas TubularMaior Led
Material: Alumínio (Nicho: 1,23m x 21cm)
Cores: Sólidas e Automotivas";541.57;16.60;61
21300;;Embutido Redondo 18cm;"Largura: 18cm | Altura: 8,5cm | Profundidade: 18cm
Base: E-27 01 -Lâmpada Bulbo
Material: Alumínio (Nicho: 16,5cm)
Cores: Sólidas e Automotivas";119.90;16.60;61
21301;;Embutido Redondo 23cm;"Largura: 23cm | Altura: 8,5cm | Profundidade: 23cm
Base: E-27 02 -Lâmpadas Bulbo
Material: Alumínio (Nicho: 21,5cm)
Cores: Sólidas e Automotivas";146.52;16.60;62
21302;;Embutido Redondo 33cm;"Largura: 33cm | Altura: 8,5cm | Profundidade: 33cm
Base: E-27 02 -Lâmpadas Bulbo
Material: Alumínio (Nicho: 16,5cm)
Cores: Sólidas e Automotivas";320.05;16.60;62
21303;;Embutido Redondo 44cm;"Largura: 44cm | Altura: 8,5cm | Profundidade: 44cm
Base: E-27 03 -Lâmpadas Bulbo
Material: Alumínio (Nicho: 42,5cm)
Cores: Sólidas e Automotivas";421.80;16.60;62
21304;;Embutido Redondo 54cm;"Largura: 54cm | Altura: 8,5cm | Profundidade: 54cm
Base: E-27 04 -Lâmpadas Bulbo
Material: Alumínio (Nicho: 52,5cm)
Cores: Sólidas e Automotivas";651.34;16.60;62
5769;;Embutido Tek Nik Mini;"Largura: 13cm | Altura: 8,5cm | Profundidade: 13cm
Base: E-27 e GU-10 01 -LâmpadaHalopar20 e AR70 e AR111
Material: Alumínio e Vidro opcional (Nicho: 21,5cm)
Cores: Sólidas, Automotivas e Espelhadas";83.28;16.60;62
5770;;Embutido Tek Nik Simples;"Largura: 17cm| Altura: 8,5cm| Profundidade: 17cm
Base: E-27 e GU-10 01 -Lâmpada Halopar20e AR70 e AR111
Material: Alumínio e Vidro opcional (Nicho: 15,5cm)
Cores: Sólidas, Automotivas e Espelhadas";127.02;16.60;62
5771;;Embutido Tek Nik Duplo;"Largura: 37cm| Altura: 8,5cm| Profundidade: 17cm
E-27 e GU-10 02 -Lâmpadas Halopar20e AR70 e AR111
Material: Alumínio e Vidro opcional (Nicho: 35,5cm x 15,5cm)
Cores: Sólidas, Automotivas e Espelhadas";205.54;16.60;62
5772;;Embutido Tek Nik Quadruplo;"Largura: 37cm| Altura: 8,5cm| Profundidade: 37cm
E-27 e GU-10 04 -Lâmpadas Halopar20e AR70 e AR111
Material: Alumínio e Vidro opcional (Nicho: 35,5cm)
Cores: Sólidas, Automotivas e Espelhadas";491.79;16.60;62
7003;;Pendente Campana Uno;"Largura: 20cm | Altura: 30cm | Profundidade: 20cm
Base: E-27 01 -Lâmpada Bulbo
Material: Alumínio (Cabo PP)
Cores: Sólidas, Automotivas, Espelhadas e Especiais
EMBALAGEM COMBO 5 un";160.70;16.60;62
7003.C05;;Embalagem Combo 05 un - Pendente Campana Uno;"Largura: 20cm | Altura: 30cm | Profundidade: 20cm
Base: E-27 01 -Lâmpada Bulbo
Material: Alumínio (Cabo PP)
Cores: Sólidas, Automotivas, Espelhadas e Especiais
EMBALAGEM COMBO 5 un";118.90;16.60;62
7004;;Pendente Campana Due;"Largura: 37cm | Altura: 30cm | Profundidade: 20cm
Base: E-27 02 -Lâmpadas Bulbo
Material: Alumínio (Cabo PP)
Cores: Sólidas, Automotivas, Espelhadas e Especiais";277.65;16.60;62
7005;;Pendente Campana Tre;"Largura: 66cm | Altura: 30cm | Profundidade: 20cm
Base: E-27 03 -Lâmpadas Bulbo
Material: Alumínio (Cabo PP)
Cores: Sólidas, Automotivas, Espelhadas e Especiais";438.48;16.60;63
7071;;Pendente Link;"Largura: 39cm | Altura: 18cm | Profundidade: 39cm
Base: E-27 01 -Lâmpada Bulbo
Material: Alumínio (Corrente + Cabo PP)
Cores: Sólidas, Automotivas e Especiais";331.02;16.60;63
566;;Pendente Glass Reto;"Largura: 9cm | Altura: 22cm | Profundidade: 9cm
Base: E-27 01 -Lâmpada Bulbo
Material: Alumínio e Vidro (Cabo PP)
Cores: Sólidas, Automotivas, Espelhadas e Especiais
EMBALAGEM COMBO 10 un";117.98;16.60;63
566.C10;;Embalagem Combo 10 un - Pendente Glass Reto;"Largura: 9cm | Altura: 22cm | Profundidade: 9cm
Base: E-27 01 -Lâmpada Bulbo
Material: Alumínio e Vidro (Cabo PP)
Cores: Sólidas, Automotivas, Espelhadas e Especiais
EMBALAGEM COMBO 10 un";79.90;16.60;63
565;;Pendente Glass Arredondado;"Largura: 9cm | Altura: 22cm | Profundidade: 9cm
Base: E-27 01 -Lâmpada Bulbo
Material: Alumínio e Vidro (Cabo PP)
Cores: Sólidas, Automotivas, Espelhadas e Especiais
EMBALAGEM COMBO 10 un";117.98;16.60;63
565.C10;;Embalagem Combo 10 un - Pendente Glass Arredondado;"Largura: 9cm | Altura: 22cm | Profundidade: 9cm
Base: E-27 01 -Lâmpada Bulbo
Material: Alumínio e Vidro (Cabo PP)
Cores: Sólidas, Automotivas, Espelhadas e Especiais
EMBALAGEM COMBO 10 un";79.90;16.60;63
5229;;Pendente Gala;"Largura: 8,5cm | Altura: 24cm | Profundidade: 8,5cm
Base: E-27 01 -Lâmpada Bulbo
Material: Alumínio e Vidro (Cabo PP)
Cores: Sólidas, Automotivas, Espelhadas e Especiais
EMBALAGEM COMBO 10 un";141.01;16.60;63
5229.C10;;Embalagem Combo 10 un - Pendente Gala;"Largura: 8,5cm | Altura: 24cm | Profundidade: 8,5cm
Base: E-27 01 -Lâmpada Bulbo
Material: Alumínio e Vidro (Cabo PP)
Cores: Sólidas, Automotivas, Espelhadas e Especiais
EMBALAGEM COMBO 10 un";104.56;16.60;63
5564G;;Pendente TUB P;"Largura: 4cm | Altura: 40cm | Profundidade: 4cm
Led Cob: 3W | 3.000K | 330 lm | 127V ou 220V (L) ou
Base: G-9 01 -Lâmpada Halopin
Material: Alumínio (Cabo PP)
Cores: Sólidas, Automotivas, Espelhadas e Especiais";256.61;16.60;63
5564L;;Pendente TUB P;"Largura: 4cm | Altura: 40cm | Profundidade: 4cm
Led Cob: 3W | 3.000K | 330 lm | 127V ou 220V (L) ou
Base: G-9 01 -Lâmpada Halopin
Material: Alumínio (Cabo PP)
Cores: Sólidas, Automotivas, Espelhadas e Especiais";326.08;16.60;63
5565G;;Pendente TUB G;"Largura: 6cm | Altura: 40cm | Profundidade: 6cm
Led Cob: 3W | 3.000K | 330 lm | 127V ou 220V (L) ou
Base: GU-10 01 -Lâmpada Dicróica
Material: Alumínio (Cabo PP)
Cores: Sólidas, Automotivas, Espelhadas e Especiais";274.12;16.60;63
5565L;;Pendente TUB G;"Largura: 6cm | Altura: 40cm | Profundidade: 6cm
Led Cob: 3W | 3.000K | 330 lm | 127V ou 220V (L) ou
Base: GU-10 01 -Lâmpada Dicróica
Material: Alumínio (Cabo PP)
Cores: Sólidas, Automotivas, Espelhadas e Especiais";343.66;16.60;63
5570G;;Pendente TUB P com Rasgo;"Largura: 4cm | Altura: 40cm | Profundidade: 4cm
Led Cob: 3W | 3.000K | 330 lm | 127V ou 220V (L) ou
Base: G-9 01 -Lâmpada Halopin
Material: Alumínio (Cabo PP)
Cores: Sólidas, Automotivas, Espelhadas e Especiais";255.26;16.60;63
5570L;;Pendente TUB P com Rasgo;"Largura: 4cm | Altura: 40cm | Profundidade: 4cm
Led Cob: 3W | 3.000K | 330 lm | 127V ou 220V (L) ou
Base: G-9 01 -Lâmpada Halopin
Material: Alumínio (Cabo PP)
Cores: Sólidas, Automotivas, Espelhadas e Especiais";324.87;16.60;63
5571G;;Pendente TUB G com Rasgo;"Largura: 6cm | Altura: 40cm | Profundidade: 6cm
Led Cob: 3W | 3.000K | 330 lm | 127V ou 220V (L) ou
Base: GU-10 01 -Lâmpada Dicróica
Material: Alumínio (Cabo PP)
Cores: Sólidas, Automotivas, Espelhadas e Especiais";269.89;16.60;63
5571L;;Pendente TUB G com Rasgo;"Largura: 6cm | Altura: 40cm | Profundidade: 6cm
Led Cob: 3W | 3.000K | 330 lm | 127V ou 220V (L) ou
Base: GU-10 01 -Lâmpada Dicróica
Material: Alumínio (Cabo PP)
Cores: Sólidas, Automotivas, Espelhadas e Especiais";340.71;16.60;63
5576G;;Pendente TUB P Chanfrado;"Largura: 4cm | Altura: 50cm | Profundidade: 4cm
Led Cob: 3W | 3.000K | 330 lm | 127V ou 220V (L) ou
Base: G-9 01 -Lâmpada Halopin
Material: Alumínio (Cabo PP)
Cores: Sólidas, Automotivas, Espelhadas e Especiais";277.33;16.60;63
5576L;;Pendente TUB P Chanfrado;"Largura: 4cm | Altura: 50cm | Profundidade: 4cm
Led Cob: 3W | 3.000K | 330 lm | 127V ou 220V (L) ou
Base: G-9 01 -Lâmpada Halopin
Material: Alumínio (Cabo PP)
Cores: Sólidas, Automotivas, Espelhadas e Especiais";395.37;16.60;63
5577G;;Pendente TUB G Chanfrado;"Largura: 6cm | Altura: 50cm | Profundidade: 6cm
Led Cob: 3W | 3.000K | 330 lm | 127V ou 220V (L) ou
Base: GU-10 01 -Lâmpada Dicróica
Material: Alumínio (Cabo PP)
Cores: Sólidas, Automotivas, Espelhadas e Especiais";319.86;16.60;64
5577L;;Pendente TUB G Chanfrado;"Largura: 6cm | Altura: 50cm | Profundidade: 6cm
Led Cob: 3W | 3.000K | 330 lm | 127V ou 220V (L) ou
Base: GU-10 01 -Lâmpada Dicróica
Material: Alumínio (Cabo PP)
Cores: Sólidas, Automotivas, Espelhadas e Especiais";437.90;16.60;64
5609;;Pendente Tassa;"Largura: 16cm | Altura: 25cm | Profundidade: 16cm
Base: E-27 01 -Lâmpada Bulbo
Material: Alumínio (Cabo PP)
Cores: Sólidas, Automotivas, Espelhadas e Especiais";230.82;16.60;64
5613;;Pendente Drop P;"Largura: 15cm | Altura: 24cm | Profundidade: 15cm
Base: E-27 01 -Lâmpada Bulbo
Material: Alumínio (Cabo PP)
Cores: Sólidas, Automotivas, Espelhadas e Especiais";256.48;16.60;64
5614;;Pendente Drop G;"Largura: 23cm | Altura: 32cm | Profundidade: 23cm
Base: E-27 01 -Lâmpada Bulbo
Material: Alumínio (Cabo PP)
Cores: Sólidas, Automotivas, Espelhadas e Especiais";346.29;16.60;64
5469;;Pendente Bally;"Largura: 20cm | Altura: 27cm | Profundidade: 20cm
Base: E-27 01 -Lâmpada Bulbo
Material: Alumínio (Cabo PP)
Cores: Sólidas, Automotivas, Espelhadas e Especiais";205.16;16.60;64
7080;;Pendente Vanguard 40cm;"Largura: 40cm| Altura: 19,5cm| Profundidade: 40cm
Base: E-27 04 -Lâmpadas Bulbo
Material: Alumínio e Acrílico (Cabo PP)
Cores: Sólidas, Automotivas e Especiais";476.94;16.60;64
7081;;Pendente Vanguard 50cm;"Largura: 50cm| Altura: 19,5cm| Profundidade: 50cm
Base: E-27 04 -Lâmpadas Bulbo
Material: Alumínio e Acrílico (Cabo PP)
Cores: Sólidas, Automotivas e Especiais";593.46;16.60;64
5615;;Pendente Ball G;"Largura: 20cm | Altura: 28cm | Profundidade: 20cm
Base: E-27 01 -Lâmpada Bulbo
Material: Alumínio (Cabo PP)
Cores: Sólidas, Automotivas, Espelhadas e Especiais";384.78;16.60;64
5616;;Pendente Ball P;"Largura: 15cm | Altura: 13cm | Profundidade: 15cm
Base: E-27 01 -Lâmpada Bulbo
Material: Alumínio (Cabo PP)
Cores: Sólidas, Automotivas, Espelhadas e Especiais";294.97;16.60;64
5483;;Pendente Pilka P;"Largura: 22cm | Altura: 12cm | Profundidade: 22cm
Base: E-27 01 -Lâmpada Bulbo
Material: Alumínio (Cabo PP)
Cores: Sólidas, Automotivas, Espelhadas e Especiais";294.97;16.60;64
5484;;Pendente Pilka M;"Largura: 30cm | Altura: 17cm | Profundidade: 30cm
Base: E-27 01 -Lâmpada Bulbo
Material: Alumínio (Cabo PP)
Cores: Sólidas, Automotivas, Espelhadas e Especiais";423.27;16.60;64
5485;;Pendente Pilka G;"Largura: 40cm | Altura: 20cm | Profundidade: 40cm
Base: E-27 01 -Lâmpada Bulbo
Material: Alumínio (Cabo PP)
Cores: Sólidas, Automotivas, Espelhadas e Especiais";513.09;16.60;65
5499;;Pendente Doma;"Largura: 31cm | Altura: 28cm | Profundidade: 31cm
Base: E-27 01 -Lâmpada Bulbo
Material: Alumínio (Cabo PP)
Cores: Sólidas, Automotivas, Espelhadas e Especiais";384.78;16.60;65
7057;;Pendente Klasike Tub P;"Largura: 10cm| Altura: 11cm| Profundidade: 10cm
Base: G-9 01 -Lâmpada Halopin
Material: Alumínio e Acrílico (Cabo PP)
Cores: Sólidas, Automotivas e Especiais";151.75;16.60;65
7058;;Pendente klasike Tub M;"Largura: 18cm| Altura: 19cm| Profundidade: 18cm
Base: G-9 01 -LâmpadaHalopin
Material: Alumínio e Acrílico (Cabo PP)
Cores: Sólidas, Automotivas e Especiais";228.50;16.60;65
7059;;Pendente Klasike Tub G;"Largura: 30cm| Altura: 22cm| Profundidade: 30cm
Base: GU-10 02 -Lâmpadas MiniDicróica
Material: Alumínio (Cabo PP)
Cores: Sólidas, Automotivas e Especiais";451.86;16.60;65
5556;;Pendente Baldy P;"Largura: 13cm| Altura: 14cm| Profundidade: 13cm
Base: E-27 01 -Lâmpada Bulbo
Material: Alumínio (Cabo PP)
Cores: Sólidas, Automotivas, Espelhadas e Especiais
EMBALAGEM COMBO 10 un";133.63;16.60;65
5556.C10;;Embalagem Combo 10 un - Pendente Baldy P;"Largura: 13cm| Altura: 14cm| Profundidade: 13cm
Base: E-27 01 -Lâmpada Bulbo
Material: Alumínio (Cabo PP)
Cores: Sólidas, Automotivas, Espelhadas e Especiais
EMBALAGEM COMBO 10 un";79.90;16.60;65
5558;;Pendente Baldy G;"Largura: 17cm| Altura: 16cm| Profundidade: 17cm
Base: E-27 01 -Lâmpada Bulbo
Material: Alumínio (Cabo PP)
Cores: Sólidas, Automotivas, Espelhadas e Especiais
EMBALAGEM COMBO 10 un";167.12;16.60;65
5558.C10;;Embalagem Combo 10 un - Pendente Baldy G;"Largura: 17cm| Altura: 16cm| Profundidade: 17cm
Base: E-27 01 -Lâmpada Bulbo
Material: Alumínio (Cabo PP)
Cores: Sólidas, Automotivas, Espelhadas e Especiais
EMBALAGEM COMBO 10 un";89.90;16.60;65
7066;;Pendente Klasike PP;"Largura: 9,5cm| Altura: 10cm| Profundidade: 9,5cm
Fita de Led: 1,8W | 3.000K ou 4.000K | 180 lm | 127V ou 220V
Material: Alumínio e Acrílico (Cabo PP)
Cores: Sólidas, Automotivas, Espelhadas e Especiais";147.08;16.60;65
7067;;Pendente Klasike P;"Largura: 16cm| Altura: 17cm| Profundidade: 16cm
Fita de Led: 1,8W | 3.000K ou 4.000K | 180 lm | 127V ou 220V
Material: Alumínio e Acrílico (Cabo PP)
Cores: Sólidas, Automotivas, Espelhadas e Especiais";195.72;16.60;65
7068;;Pendente Klasike M;"Largura: 18cm| Altura: 19cm| Profundidade: 18cm
Fita de Led: 3,6W | 3.000K ou 4.000K | 360 lm | 127V ou 220V
Material: Alumínio e Acrílico (Cabo PP)
Cores: Sólidas, Automotivas, Espelhadas e Especiais";233.16;16.60;65
7069;;Pendente Klasike G;"Largura: 30cm| Altura: 30cm| Profundidade: 30cm
de Led: 5,4W | 3.000K ou 4.000K | 540 lm | 127V ou 220V
Material: Alumínio e Acrílico (Cabo PP)
Cores: Sólidas, Automotivas, Espelhadas e Especiais";462.94;16.60;65
7061;;Pendente Klasike Trilho PP;"Largura: 32cm| Altura: 20cm| Profundidade: 18cm
Fita de Led: 7,2W | 3.000K ou 4.000K | 720 lm | 127V ou 220V
Material: Alumínio e Acrílico (Cabo energizado)
Cores: Sólidas, Automotivas e Especiais";392.14;16.60;66
7063;;Pendente Klasike Trilho M;"Largura: 90cm| Altura: 20cm| Profundidade: 18cm
Fita de Led: 9W | 3.000K ou 4.000K | 900 lm | 127V ou 220V
Material: Alumínio e Acrílico (Cabo energizado)
Cores: Sólidas, Automotivas e Especiais";478.97;16.60;66
7064;;Pendente Klasike Trilho G;"Largura: 1,20m| Altura: 47cm| Profundidade: 30cm
Base: E-27 04 -Lâmpadas Bulbo
Material: Alumínio (Cabo Energizado)
Cores: Sólidas, Automotivas e Especiais";805.75;16.60;66
5910;;Pendente Thomas Baldy Oval;"Largura: 23cm| Altura: 34cm| Profundidade: 13cm
Base: E-27 01 -Lâmpada Bulbo
Material: Alumínio (Cabo PP)
Cores: Sólidas, Automotivas, Espelhadas e Especiais
EMBALAGEM COMBO 10 un";178.98;16.60;66
5910.C10;;Embalagem Combo 10 un - Pendente Thomas Baldy Oval;"Largura: 23cm| Altura: 34cm| Profundidade: 13cm
Base: E-27 01 -Lâmpada Bulbo
Material: Alumínio (Cabo PP)
Cores: Sólidas, Automotivas, Espelhadas e Especiais
EMBALAGEM COMBO 10 un";124.90;16.60;66
5911;;Pendente Thomas Baldy Redondo;"Largura: 30cm| Altura: 30cm| Profundidade: 13cm
Base: E-27 01 -Lâmpada Bulbo
Material: Alumínio (Cabo PP)
Cores: Sólidas, Automotivas, Espelhadas e Especiais
EMBALAGEM COMBO 10 un";183.09;16.60;66
5911.C10;;Embalagem Combo 10 un - Pendente Thomas Baldy Redondo;"Largura: 30cm| Altura: 30cm| Profundidade: 13cm
Base: E-27 01 -Lâmpada Bulbo
Material: Alumínio (Cabo PP)
Cores: Sólidas, Automotivas, Espelhadas e Especiais
EMBALAGEM COMBO 10 un";124.90;16.60;66
5920;;Pendente Thomas Baldy Quadro P;"Largura: 18cm| Altura: 18cm| Profundidade: 18cm
Base: E-27 01 -Lâmpada Bulbo
Material: Alumínio (Cabo PP)
Cores: Sólidas, Automotivas, Espelhadas e Especiais
EMBALAGEM COMBO 10 un";200.60;16.60;66
5920.C10;;Embalagem Combo 10 un - Pendente Thomas Baldy Quadro P;"Largura: 18cm| Altura: 18cm| Profundidade: 18cm
Base: E-27 01 -Lâmpada Bulbo
Material: Alumínio (Cabo PP)
Cores: Sólidas, Automotivas, Espelhadas e Especiais
EMBALAGEM COMBO 10 un";134.90;16.60;66
5921;;Pendente Thomas Baldy Quadro G;"Largura: 25cm| Altura: 25cm| Profundidade: 25cm
Base: E-27 01 -Lâmpada Bulbo
Material: Alumínio (Cabo PP)
Cores: Sólidas, Automotivas, Espelhadas e Especiais
EMBALAGEM COMBO 10 un";222.99;16.60;66
5921.C10;;Embalagem Combo 10 un - Pendente Thomas Baldy Quadro G;"Largura: 25cm| Altura: 25cm| Profundidade: 25cm
Base: E-27 01 -Lâmpada Bulbo
Material: Alumínio (Cabo PP)
Cores: Sólidas, Automotivas, Espelhadas e Especiais
EMBALAGEM COMBO 10 un";159.90;16.60;66
5948;;Pendente Thomas Baldy Aranha com Cinco;"Largura: 13cm| Altura: 15cm| Profundidade: 13cm (5un)
Base: E-27 05 -Lâmpadas Bulbo
Material: Alumínio (Cabo PP)
Cores: Sólidas, Automotivas, Espelhadas e Especiais";543.88;16.60;66
5950;;Pendente Thomas Baldy Aranha com Oito;"Largura: 13cm| Altura: 15cm| Profundidade: 13cm (8un)
Base: E-27 08 -Lâmpadas Bulbo
Material: Alumínio (Cabo PP)
Cores: Sólidas, Automotivas, Espelhadas e Especiais";884.85;16.60;66
5952;;Pendente Thomas Baldy Aranha com Doze;"Largura: 13cm| Altura: 15cm| Profundidade: 13cm (12un)
Base: E-27 012 -Lâmpadas Bulbo
Material: Alumínio (Cabo PP)
Cores: Sólidas, Automotivas, Espelhadas e Especiais";1281.89;16.60;66
5914;;Pendente Thomas Quadro PP;"Largura: 12cm| Altura: 18cm| Profundidade: 12cm
Base: E-27 01 -Lâmpada Filamento
Material: Alumínio (Cabo PP)
Cores: Sólidas, Automotivas, Espelhadas e Especiais
EMBALAGEM COMBO 10 un";124.71;16.60;67
5914.C10;;Embalagem Combo 10 un - Pendente Thomas Quadro PP;"Largura: 12cm| Altura: 18cm| Profundidade: 12cm
Base: E-27 01 -Lâmpada Filamento
Material: Alumínio (Cabo PP)
Cores: Sólidas, Automotivas, Espelhadas e Especiais
EMBALAGEM COMBO 10 un";79.90;16.60;67
5915;;Pendente Thomas Quadro P;"Largura: 18cm| Altura: 18cm| Profundidade: 18cm
Base: E-27 01 -Lâmpada Filamento
Material: Alumínio (Cabo PP)
Cores: Sólidas, Automotivas, Espelhadas e Especiais
EMBALAGEM COMBO 10 un";147.68;16.60;67
5915.C10;;Embalagem Combo 10 un - Pendente Thomas Quadro P;"Largura: 18cm| Altura: 18cm| Profundidade: 18cm
Base: E-27 01 -Lâmpada Filamento
Material: Alumínio (Cabo PP)
Cores: Sólidas, Automotivas, Espelhadas e Especiais
EMBALAGEM COMBO 10 un";89.90;16.60;67
5916;;Pendente Thomas Quadro G;"Largura: 25cm| Altura: 25cm| Profundidade: 25cm
Base: E-27 01 -Lâmpada Filamento
Material: Alumínio (Cabo PP)
Cores: Sólidas, Automotivas, Espelhadas e Especiais
EMBALAGEM COMBO 10 un";162.88;16.60;67
5916.C10;;Embalagem Combo 10 un - Pendente Thomas Quadro G;"Largura: 25cm| Altura: 25cm| Profundidade: 25cm
Base: E-27 01 -Lâmpada Filamento
Material: Alumínio (Cabo PP)
Cores: Sólidas, Automotivas, Espelhadas e Especiais
EMBALAGEM COMBO 10 un";99.90;16.60;67
5560;;Pendente Thomas;"Cores: Sólidas, Automotivas e Espelhadas
Largura: 4,5cm| Altura: 7,5cm| Profundidade: 4,5cm
Base: E-27 01 -Lâmpada Filamento
Material: Alumínio (Cabo PP)
Cores: Sólidas, Automotivas, Espelhadas e Especiais
EMBALAGEM COMBO 10 un";84.04;16.60;67
5560.C10;;Embalagem Combo 10 un - Pendente Thomas;"Cores: Sólidas, Automotivas e Espelhadas
Largura: 4,5cm| Altura: 7,5cm| Profundidade: 4,5cm
Base: E-27 01 -Lâmpada Filamento
Material: Alumínio (Cabo PP)
Cores: Sólidas, Automotivas, Espelhadas e Especiais
EMBALAGEM COMBO 10 un";43.90;16.60;67
5561;;Pendente Thomas com Cabo;"Cores: Sólidas, Automotivas e Espelhadas
Largura: 4,5cm| Altura: 7,5cm| Profundidade: 4,5cm
Base: E-27 01 -Lâmpada Filamento
Material: Alumínio (Cabo de aço + Cabo PP)
Cores: Sólidas, Automotivas, Espelhadas e Especiais
EMBALAGEM COMBO 10 un";117.27;16.60;67
5561.C10;;Embalagem Combo 10 un - Pendente Thomas com Cabo;"Cores: Sólidas, Automotivas e Espelhadas
Largura: 4,5cm| Altura: 7,5cm| Profundidade: 4,5cm
Base: E-27 01 -Lâmpada Filamento
Material: Alumínio (Cabo de aço + Cabo PP)
Cores: Sólidas, Automotivas, Espelhadas e Especiais
EMBALAGEM COMBO 10 un";79.78;16.60;67
5900;;Pendente Thomas Oval;"Cores: Sólidas, Automotivas e Espelhadas
Largura: 23cm| Altura: 34cm| Profundidade: 4,5cm
Base: E-27 01 -Lâmpada Filamento
Material: Alumínio (Cabo PP)
Cores: Sólidas, Automotivas, Espelhadas e Especiais
EMBALAGEM COMBO 10 un";131.45;16.60;67
5900.C10;;Embalagem Combo 10 un - Pendente Thomas Oval;"Cores: Sólidas, Automotivas e Espelhadas
Largura: 23cm| Altura: 34cm| Profundidade: 4,5cm
Base: E-27 01 -Lâmpada Filamento
Material: Alumínio (Cabo PP)
Cores: Sólidas, Automotivas, Espelhadas e Especiais
EMBALAGEM COMBO 10 un";79.90;16.60;67
5901;;Pendente Thomas Redondo;"Cores: Sólidas, Automotivas e Espelhadas Cores: Sólidas, Autom., Espelh. e Escovadas
Largura: 30cm| Altura: 30cm| Profundidade: 4,5cm
Base: E-27 01 -Lâmpada Filamento
Material: Alumínio (Cabo PP)
Cores: Sólidas, Automotivas, Espelhadas e Especiais
EMBALAGEM COMBO 10 un";131.45;16.60;67
5901.C10;;Embalagem Combo 10 un - Pendente Thomas Redondo;"Cores: Sólidas, Automotivas e Espelhadas Cores: Sólidas, Autom., Espelh. e Escovadas
Largura: 30cm| Altura: 30cm| Profundidade: 4,5cm
Base: E-27 01 -Lâmpada Filamento
Material: Alumínio (Cabo PP)
Cores: Sólidas, Automotivas, Espelhadas e Especiais
EMBALAGEM COMBO 10 un";79.90;16.60;67
5903;;Pendente Thomas Quadrado;"Cores: Sólidas, Automotivas e Espelhadas
Largura: 30cm| Altura: 30cm| Profundidade: 4,5cm
Base: E-27 01 -Lâmpada Filamento
Material: Alumínio (Cabo PP)
Cores: Sólidas, Automotivas, Espelhadas e Especiais
EMBALAGEM COMBO 10 um";121.38;16.60;67
5903.C10;;Embalagem Combo 10 un - Pendente Thomas Quadrado;"Cores: Sólidas, Automotivas e Espelhadas
Largura: 30cm| Altura: 30cm| Profundidade: 4,5cm
Base: E-27 01 -Lâmpada Filamento
Material: Alumínio (Cabo PP)
Cores: Sólidas, Automotivas, Espelhadas e Especiais
EMBALAGEM COMBO 10 um";79.90;16.60;67
5928;;Pendente Thomas Trilho com Seis;"Largura: 92cm| Altura: 11cm| Profundidade: 4,5cm
Base: E-27 06 -Lâmpadas Filamento
Material: Alumínio (Cabo energizado)
Cores: Sólidas e Automotivas
EMBALAGEM COMBO 5 um";393.76;16.60;67
5928.C05;;Embalagem Combo 05 un - Pendente Thomas Trilho com Seis;"Largura: 92cm| Altura: 11cm| Profundidade: 4,5cm
Base: E-27 06 -Lâmpadas Filamento
Material: Alumínio (Cabo energizado)
Cores: Sólidas e Automotivas
EMBALAGEM COMBO 5 um";214.90;16.60;67
5929;;Pendente Thomas Trilho com Sete;"Largura: 1,15cm| Altura: 11cm| Profundidade: 4,5cm
Base: E-27 07 -Lâmpadas Filamento
Material: Alumínio (Cabo energizado)
Cores: Sólidas e Automotivas
EMBALAGEM COMBO 5 um";439.38;16.60;68
5929.C05;;Embalagem Combo 05 un - Pendente Thomas Trilho com Sete;"Largura: 1,15cm| Altura: 11cm| Profundidade: 4,5cm
Base: E-27 07 -Lâmpadas Filamento
Material: Alumínio (Cabo energizado)
Cores: Sólidas e Automotivas
EMBALAGEM COMBO 5 um";226.90;16.60;68
5940;;Pendente Thomas Aranha com Cinco;"Largura: 4,5cm| Altura: 7,5cm| Profundidade: 4,5cm (5un)
Base: E-27 05 -Lâmpadas Filamento
Material: Alumínio (Cabo PP)
Cores: Sólidas, Automotivas, Espelhadas e Especiais";324.42;16.60;68
5942;;Pendente Thomas Aranha com Oito;"Largura: 4,5cm| Altura: 7,5cm| Profundidade: 4,5cm (8un)
Base: E-27 08 -Lâmpadas Filamento
Material: Alumínio (Cabo PP)
Cores: Sólidas, Automotivas, Espelhadas e Especiais";518.16;16.60;68
5944;;Pendente Thomas Aranha com Doze;"Largura: 4,5cm| Altura: 7,5cm| Profundidade: 4,5cm (12un)
Base: E-27 012 -Lâmpadas Filamento
Material: Alumínio (Cabo PP)
Cores: Sólidas, Automotivas, Espelhadas e Especiais";752.25;16.60;68
5960;;Pendente Thomas Circular;"Largura: 72cm| Altura: 50cm| Profundidade: 72cm
Base: E-27 13-Lâmpadas Filamento
Material: Alumínio (Cabo PP)
Cores: Sólidas, Automotivas e Espelhadas";903.84;16.60;68
5962;;Pendente Thomas Radial;"Largura: 82cm| Altura: 53cm| Profundidade: 82cm
Base: E-27 15-Lâmpadas Filamento
Material: Alumínio (Cabo PP)
Cores: Sólidas, Automotivas e Espelhadas";1027.84;16.60;68
5782;;Pendente Tek Nik Retangular AR;"Largura: 1 m| Altura: 8cm| Profundidade: 12cm
Base: GU-10 4-Lâmpadas AR70
Material: Alumínio e Vidro opcional (Cabo energizado)
Cores: Sólidas, Automotivas e Especiais";770.79;16.60;68
5783;;Pendente Tek Nik Retangular AC;"Largura: 1 m| Altura: 8cm| Profundidade: 12cm
de Led: 36W | 3.000K ou 4.000K | 3600 lm | 127V ou 220V
Material: Alumínio e Acrílico (Cabo energizado)
Cores: Sólidas, Automotivas e Especiais";770.79;16.60;68
6008;;Plafon Thomas Radial;"Largura: 82cm| Altura: 53cm| Profundidade: 82cm
Base: E-27 15-Lâmpadas Filamento
Material: Alumínio
Cores: Sólidas, Automotivas e Espelhadas";1000.19;16.60;68
6005;;Plafon Thomas Radial com Quatro;"Largura: 72cm| Altura: 12cm| Profundidade: 72cm
Base: E-27 4-Lâmpadas Filamento
Material: Alumínio
Cores: Sólidas, Automotivas e Espelhadas";253.21;16.60;68
6006;;Plafon Thomas Radial com Oito;"Largura: 74cm| Altura: 12cm| Profundidade: 74cm
Base: E-27 8-Lâmpadas Filamento
Material: Alumínio
Cores: Sólidas, Automotivas e Espelhadas";439.31;16.60;69
5126;;Plafon Quadrado 20cm;"Largura: 20cm| Altura: 7,5cm| Profundidade: 20cm
Base: E-27 02 -Lâmpadas Bulbo
Material: Alumínioe Vidro
Cores: Sólidas, Automotivas e Especiais";164.23;16.60;69
5126.C10;;Embalagem Combo 10 un - Plafon Quadrado 20cm;"Largura: 20cm| Altura: 7,5cm| Profundidade: 20cm
Base: E-27 02 -Lâmpadas Bulbo
Material: Alumínioe Vidro
Cores: Sólidas, Automotivas e Especiais";106.90;16.60;69
5073;;Plafon Quadrado 30cm;"Cores: Sólidas, Automotivas e Espelhadas
Largura: 30cm| Altura: 7,5cm| Profundidade: 30cm
Base: E-27 03 -Lâmpadas Bulbo
Material: Alumínio e Vidro
Cores: Sólidas, Automotivas e Especiais";292.28;16.60;69
5073.C10;;Embalagem Combo 10 un - Plafon Quadrado 30cm;"Cores: Sólidas, Automotivas e Espelhadas
Largura: 30cm| Altura: 7,5cm| Profundidade: 30cm
Base: E-27 03 -Lâmpadas Bulbo
Material: Alumínio e Vidro
Cores: Sólidas, Automotivas e Especiais";161.90;16.60;69
5168;;Plafon Quadrado 40cm;"Cores: Sólidas, Automotivas e Espelhadas
Largura: 40cm| Altura: 7,5cm| Profundidade: 40cm
Base: E-27 04 -Lâmpadas Bulbo
Material: Alumínio e Vidro
Cores: Sólidas, Automotivas e Especiais";380.87;16.60;69
5168.C10;;Embalagem Combo 10 un - Plafon Quadrado 40cm;"Cores: Sólidas, Automotivas e Espelhadas
Largura: 40cm| Altura: 7,5cm| Profundidade: 40cm
Base: E-27 04 -Lâmpadas Bulbo
Material: Alumínio e Vidro
Cores: Sólidas, Automotivas e Especiais";194.90;16.60;69
5169;;Plafon Quadrado 50cm;"Cores: Sólidas, Automotivas e Espelhadas
Largura: 50cm| Altura: 7,5cm| Profundidade: 50cm
Base: E-27 05 -Lâmpadas Bulbo
Material: Alumínio e Vidro
Cores: Sólidas, Automotivas e Especiais";530.54;16.60;69
5169.C10;;Embalagem Combo 10 un - Plafon Quadrado 50cm;"Cores: Sólidas, Automotivas e Espelhadas
Largura: 50cm| Altura: 7,5cm| Profundidade: 50cm
Base: E-27 05 -Lâmpadas Bulbo
Material: Alumínio e Vidro
Cores: Sólidas, Automotivas e Especiais";302.90;16.60;69
5320;;Plafon Redondo Liso 20cm;"Cores: Sólidas, Automotivas e Espelhadas
Largura: 20cm| Altura: 7,5cm| Profundidade: 20cm
Base: E-27 01 -Lâmpada Bulbo
Material: Alumínio e Vidro
Cores: Sólidas, Automotivas e Especiais";170.32;16.60;69
5320.C10;;Embalagem Combo 10 un - Plafon Redondo Liso 20cm;"Cores: Sólidas, Automotivas e Espelhadas
Largura: 20cm| Altura: 7,5cm| Profundidade: 20cm
Base: E-27 01 -Lâmpada Bulbo
Material: Alumínio e Vidro
Cores: Sólidas, Automotivas e Especiais";106.90;16.60;69
5321;;Plafon Redondo Liso 30cm;"Cores: Sólidas, Automotivas e Espelhadas
Largura: 30cm| Altura: 7,5cm| Profundidade: 30cm
Base: E-27 02-Lâmpadas Bulbo
Material: Alumínio e Vidro
Cores: Sólidas, Automotivas e Especiais";280.28;16.60;69
5321.C10;;Embalagem Combo 10 un - Plafon Redondo Liso 30cm;"Cores: Sólidas, Automotivas e Espelhadas
Largura: 30cm| Altura: 7,5cm| Profundidade: 30cm
Base: E-27 02-Lâmpadas Bulbo
Material: Alumínio e Vidro
Cores: Sólidas, Automotivas e Especiais";161.90;16.60;69
5322;;Plafon Redondo Liso 40cm;"Cores: Sólidas, Automotivas e Espelhadas
Largura: 40cm| Altura: 7,5cm| Profundidade: 40cm
Base: E-27 03-Lâmpadas Bulbo
Material: Alumínio e Vidro
Cores: Sólidas, Automotivas e Especiais";369.32;16.60;69
5322.C10;;Embalagem Combo 10 un - Plafon Redondo Liso 40cm;"Cores: Sólidas, Automotivas e Espelhadas
Largura: 40cm| Altura: 7,5cm| Profundidade: 40cm
Base: E-27 03-Lâmpadas Bulbo
Material: Alumínio e Vidro
Cores: Sólidas, Automotivas e Especiais";194.90;16.60;69
5323;;Plafon Redondo Liso 50cm;"Cores: Sólidas, Automotivas e Espelhadas
Largura: 50cm| Altura: 7,5cm| Profundidade: 50cm
Base: E-27 04 -Lâmpadas Bulbo
Material: Alumínio e Vidro
Cores: Sólidas, Automotivas e Especiais
Cores: Sólidas, Automotivas e Espelhadas";619.90;16.60;69
5323.C10;;Embalagem Combo 10 un - Plafon Redondo Liso 50cm;"Cores: Sólidas, Automotivas e Espelhadas
Largura: 50cm| Altura: 7,5cm| Profundidade: 50cm
Base: E-27 04 -Lâmpadas Bulbo
Material: Alumínio e Vidro
Cores: Sólidas, Automotivas e Especiais
Cores: Sólidas, Automotivas e Espelhadas";302.90;16.60;69
31310;;Plafon Quadrado 20cm corte lateral;"Largura: 20cm| Altura: 7,5cm| Profundidade: 20cm
Base: E-27 02 -Lâmpadas Bulbo
Material: Alumínio e Vidro
Cores: Sólidas, Automotivas e Especiais";161.86;16.60;70
31311;;Plafon Quadrado 30cm corte lateral;"Largura: 30cm| Altura: 7,5cm| Profundidade: 30cm
Base: E-27 03 -Lâmpadas Bulbo
Material: Alumínio e Vidro
Cores: Sólidas, Automotivas e Especiais";286.12;16.60;70
31312;;Plafon Quadrado 40cm corte lateral;"Largura: 40cm| Altura: 7,5cm| Profundidade: 40cm
Base: E-27 04 -Lâmpadas Bulbo
Material: Alumínio e Vidro
Cores: Sólidas, Automotivas e Especiais";410.12;16.60;70
31313;;Plafon Quadrado 50cm corte lateral;"Largura: 50cm| Altura: 7,5cm| Profundidade: 50cm
Base: E-27 05 -Lâmpadas Bulbo
Material: Alumínio e Vidro
Cores: Sólidas, Automotivas e Especiais";540.22;16.60;70
31316;;Plafon Redondo 20cm corte lateral;"Largura: 20cm| Altura: 7,5cm| Profundidade: 20cm
Base: E-27 01 -Lâmpada Bulbo
Material: Alumínio e Vidro
Cores: Sólidas, Automotivas e Especiais";175.46;16.60;70
31317;;Plafon Redondo 30cm corte lateral;"Largura: 30cm| Altura: 7,5cm| Profundidade: 30cm
Base: E-27 02 -Lâmpadas Bulbo
Material: Alumínio e Vidro
Cores: Sólidas, Automotivas e Especiais";301.90;16.60;70
31318;;Plafon Redondo 40cm corte lateral;"Largura: 40cm| Altura: 7,5cm| Profundidade: 40cm
Base: E-27 03 -Lâmpadas Bulbo
Material: Alumínio e Vidro
Cores: Sólidas, Automotivas e Especiais";429.11;16.60;70
31319;;Plafon Redondo 50cm corte lateral;"Largura: 50cm| Altura: 7,5cm| Profundidade: 50cm
Base: E-27 04 -Lâmpadas Bulbo
Material: Alumínio e Vidro
Cores: Sólidas, Automotivas e Especiais";627.41;16.60;70
7078;;Plafon Vanguard 40cm;"Largura: 40cm| Altura: 23cm| Profundidade: 40cm
Base: E-27 04 -Lâmpadas Bulbo
Material: Alumínio e Acrílico
Cores: Sólidas, Automotivas e Especiais";466.33;16.60;70
7079;;Plafon Vanguard 50cm;"Largura: 50cm| Altura: 23cm| Profundidade: 50cm
Base: E-27 04 -Lâmpadas Bulbo
Material: Alumínio e Acrílico
Cores: Sólidas, Automotivas e Especiais";582.85;16.60;70
5775;;Plafon Semi Embutido Tek Nik Simples;"Largura: 15cm| Altura: 4cm| Profundidade: 15cm
Base: E-27 e GU-10 01 -Lâmpada Halopar20e AR70 e AR111
Material: Alumínio e Vidro opcional
Cores: Sólidas, Automotivas e Especiais";146.91;16.60;70
5776;;Plafon Tek Nik Simples;"Largura: 15cm| Altura: 8,5cm| Profundidade: 15cm
Base: E-27 e GU-10 01 -Lâmpada Halopar20e AR70 e AR111
Material: Alumínio e Vidro opcional
Cores: Sólidas, Automotivas e Especiais";172.83;16.60;71
5777;;Plafon Tek Nik Duplo;"Largura: 35cm| Altura: 8,5cm| Profundidade: 15cm
E-27 e GU-10 02 -Lâmpadas Halopar20e AR70 e AR111
Material: Alumínio e Vidro opcional
Cores: Sólidas, Automotivas e Especiais";269.18;16.60;71
5778;;Plafon Tek Nik Quadruplo;"Largura: 35cm| Altura: 8,5cm| Profundidade: 35cm
E-27 e GU-10 04 -Lâmpadas Halopar20e AR70 e AR111
Material: Alumínio e Vidro opcional
Cores: Sólidas, Automotivas e Especiais";635.87;16.60;71
11354;;Spot Mini Redondo Simples;"Largura: 6cm| Altura: 8,5cm| Profundidade: 6cm
Led Cob: 3W | 3.000K | 330 lm | 127V ou 220V (L) ou
Base: GU-10 01 -Lâmpada Mini Dicróica
Material: Alumínio e Acrílico
Cores: Sólidas, Automotivas e Espelhadas";140.36;16.60;71
11374;;Spot Mini Redondo Simples GU-10;;80.25;16.60;71
11355;;Spot Mini Redondo Duplo;"Largura: 22cm| Altura: 8,5cm| Profundidade: 6cm
Led Cob: 6W | 3.000K | 660 lm | 127V ou 220V (L) ou
Base: GU-10 02 -Lâmpadas Mini Dicróica
Material: Alumínio e Acrílico
Cores: Sólidas, Automotivas e Espelhadas";289.33;16.60;71
11375;;Spot Mini Redondo Duplo GU-10;;165.51;16.60;71
11356;;Spot Mini Redondo Triplo;"Largura: 36cm| Altura: 8,5cm| Profundidade: 6cm
Led Cob: 9W | 3.000K | 990 lm | 127V ou 220V (L) ou
Base: GU-10 03 -Lâmpadas Mini Dicróica
Material: Alumínio e Acrílico
Cores: Sólidas, Automotivas e Espelhadas";416.60;16.60;71
11376;;Spot Mini Redondo Triplo GU-10;;257.31;16.60;71
11357;;Spot Mini Redondo c/Quatro;"Largura: 55cm| Altura: 8,5cm| Profundidade: 6cm
Led Cob: 12W | 3.000K | 1320 lm | 127V ou 220V (L) ou
Base: GU-10 04 -Lâmpadas Mini Dicróica
Material: Alumínio e Acrílico
Cores: Sólidas, Automotivas e Espelhadas";599.89;16.60;71
11377;;Spot Mini Redondo c/Quatro GU-10;;343.02;16.60;71
11358;;Spot Mini Redondo c/Cinco;"Largura: 90cm| Altura: 8,5cm| Profundidade: 6cm
Led Cob: 15W | 3.000K | 1650 lm | 127V ou 220V (L) ou
Base: GU-10 05 -Lâmpadas Mini Dicróica
Material: Alumínio e Acrílico
Cores: Sólidas, Automotivas e Espelhadas";714.20;16.60;71
11378;;Spot Mini Redondo c/Cinco GU-10;;441.11;16.60;71
11359;;Spot Mini Redondo c/Sete;"Largura: 1,40m| Altura: 8,5cm| Profundidade: 35cm
Led Cob: 21W | 3.000K | 2310 lm | 127V ou 220V (L) ou
Base: GU-10 07 -Lâmpadas Mini Dicróica
Material: Alumínio e Acrílico
Cores: Sólidas, Automotivas e Espelhadas";1028.36;16.60;71
11379;;Spot Mini Redondo c/Sete GU-10;;588.02;16.60;71
11364;;Spot Mini Quadrado Simples;"Largura: 6cm| Altura: 8,5cm| Profundidade: 35cm
Led Cob: 3W | 3.000K | 330 lm | 127V ou 220V (L) ou
Base: GU-10 01 -Lâmpada Mini Dicróica
Material: Alumínio e Acrílico
Cores: Sólidas, Automotivas e Espelhadas";140.36;16.60;72
11384;;Spot Mini Quadrado Simples GU-10;;80.25;16.60;72
11365;;Spot Mini Quadrado Duplo;"Largura: 22cm| Altura: 8,5cm| Profundidade: 6cm
Led Cob: 6W | 3.000K | 660 lm | 127V ou 220V (L) ou
Base: GU-10 02 -Lâmpadas Mini Dicróica
Material: Alumínio e Acrílico
Cores: Sólidas, Automotivas e Espelhadas";289.33;16.60;72
11385;;Spot Mini Quadrado Duplo GU-10;;165.38;16.60;72
11366;;Spot Mini Quadrado Triplo;"Largura: 36cm| Altura: 8,5cm| Profundidade: 6cm
Led Cob: 9W | 3.000K | 990 lm | 127V ou 220V (L) ou
Base: GU-10 03 -Lâmpadas Mini Dicróica
Material: Alumínio e Acrílico
Cores: Sólidas, Automotivas e Espelhadas";416.60;16.60;72
11386;;Spot Mini Quadrado Triplo GU-10;;257.31;16.60;72
11367;;Spot Mini Quadrado c/Quatro;"Largura: 55cm| Altura: 8,5cm| Profundidade: 6cm
Led Cob: 12W | 3.000K | 1320 lm | 127V ou 220V (L) ou
Base: GU-10 04 -Lâmpadas Mini Dicróica
Material: Alumínio e Acrílico
Cores: Sólidas, Automotivas e Espelhadas";555.49;16.60;72
11387;;Spot Mini Quadrado c/Quatro GU-10;;342.96;16.60;72
11368;;Spot Mini Quadrado c/Cinco;"Largura: 90cm| Altura: 8,5cm| Profundidade: 6cm
Led Cob: 15W | 3.000K | 1650 lm | 127V ou 220V (L) ou
Base: GU-10 05 -Lâmpadas Mini Dicróica
Material: Alumínio e Acrílico
Cores: Sólidas, Automotivas e Espelhadas";714.20;16.60;72
11388;;Spot Mini Quadrado c/Cinco GU-10;;441.11;16.60;72
11369;;Spot Mini Quadrado c/Sete;"Largura: 1,40m| Altura: 8,5cm| Profundidade: 6cm
Led Cob: 21W | 3.000K | 2310 lm | 127V ou 220V (L) ou
Base: GU-10 07 -Lâmpadas Mini Dicróica
Material: Alumínio e Acrílico
Cores: Sólidas, Automotivas e Espelhadas";952.27;16.60;72
11389;;Spot Mini Quadrado c/Sete GU-10;;588.02;16.60;72
5964;;Spot Thomas Simples;"Largura: 6cm| Altura: 8,5cm| Profundidade: 6cm
Base: E-27 01 -Lâmpada Filamento
Material: Alumínio
Cores: Sólidas, Automotivas e Espelhadas";109.32;16.60;72
5965;;Spot Thomas Duplo;"Largura: 22cm| Altura: 8,5cm| Profundidade: 6cm
Base: E-27 02 -Lâmpadas Filamento
Material: Alumínio
Cores: Sólidas, Automotivas e Espelhadas";222.48;16.60;72
5966;;Spot Thomas Triplo;"Largura: 32cm| Altura: 8,5cm| Profundidade: 6cm
Base: E-27 03 -Lâmpadas Filamento
Material: Alumínio
Cores: Sólidas, Automotivas e Espelhadas";325.96;16.60;72
11304;;Spot Circular Simples;"Largura: 6/12cm| Altura: 8,5cm| Profundidade: 6/12cm
Base: E-27 01 -LâmpadaBulbo
Material: Alumínio
Cores: Sólidas, Automotivas e Espelhadas";101.87;16.60;73
11304.C10;;Embalagem Combo 10 un - Spot Circular Simples;"Largura: 6/12cm| Altura: 8,5cm| Profundidade: 6/12cm
Base: E-27 01 -LâmpadaBulbo
Material: Alumínio
Cores: Sólidas, Automotivas e Espelhadas";69.90;16.60;73
11305;;Spot Circular Duplo;"Cores: Sólidas, Automotivas e Espelhadas
Largura: 22cm| Altura: 8,5cm| Profundidade: 6/12cm
Base: E-27 02 -Lâmpadas Bulbo
Material: Alumínio
Cores: Sólidas, Automotivas e Espelhadas";201.24;16.60;73
11305.C10;;Embalagem Combo 10 un - Spot Circular Duplo;"Cores: Sólidas, Automotivas e Espelhadas
Largura: 22cm| Altura: 8,5cm| Profundidade: 6/12cm
Base: E-27 02 -Lâmpadas Bulbo
Material: Alumínio
Cores: Sólidas, Automotivas e Espelhadas";126.90;16.60;73
11306;;Spot Circular Triplo;"Cores: Sólidas, Automotivas e Espelhadas
Largura: 36cm| Altura: 8,5cm| Profundidade: 6/12cm
Base: E-27 03 -Lâmpadas Bulbo
Material: Alumínio
Cores: Sólidas, Automotivas e Espelhadas";253.66;16.60;73
11306.C10;;Embalagem Combo 10 un - Spot Circular Triplo;"Cores: Sólidas, Automotivas e Espelhadas
Largura: 36cm| Altura: 8,5cm| Profundidade: 6/12cm
Base: E-27 03 -Lâmpadas Bulbo
Material: Alumínio
Cores: Sólidas, Automotivas e Espelhadas";199.90;16.60;73
11307;;Spot Circular com Quatro;"Cores: Sólidas, Automotivas e Espelhadas
Largura: 55cm| Altura: 8,5cm| Profundidade: 6/12cm
Base: E-27 04 -Lâmpadas Bulbo
Material: Alumínio
Cores: Sólidas, Automotivas e Espelhadas";454.71;16.60;73
11308;;Spot Circular com Cinco;"Largura: 90cm| Altura: 8,5cm| Profundidade: 6/12cm
Base: E-27 05 -Lâmpadas Bulbo
Material: Alumínio
Cores: Sólidas, Automotivas e Espelhadas";547.86;16.60;73
11309;;Spot Circular com Sete;"Largura: 1,40m| Altura: 8,5cm| Profundidade: 6/12cm
Base: E-27 07 -Lâmpadas Bulbo
Material: Alumínio
Cores: Sólidas, Automotivas e Espelhadas";737.88;16.60;73
11314;;Spot Trapézio P Simples;"Largura: 8,5cm| Altura: 8,5cm| Profundidade: 8,5cm
Base: GU-10 01 -LâmpadaAR70
Material: Alumínio
Cores: Sólidas, Automotivas e Espelhadas";130.29;16.60;73
11314.C10;;Embalagem Combo 10 un - Spot Trapézio P Simples;"Largura: 8,5cm| Altura: 8,5cm| Profundidade: 8,5cm
Base: GU-10 01 -LâmpadaAR70
Material: Alumínio
Cores: Sólidas, Automotivas e Espelhadas";69.90;16.60;73
11315;;Spot Trapézio P Duplo;"Cores: Sólidas, Automotivas e Espelhadas
Largura: 22cm| Altura: 8,5cm| Profundidade: 6/12cm
Base: GU-10 02 -Lâmpadas AR70
Material: Alumínio
Cores: Sólidas, Automotivas e Espelhadas";263.28;16.60;73
11315.C10;;Embalagem Combo 10 un - Spot Trapézio P Duplo;"Cores: Sólidas, Automotivas e Espelhadas
Largura: 22cm| Altura: 8,5cm| Profundidade: 6/12cm
Base: GU-10 02 -Lâmpadas AR70
Material: Alumínio
Cores: Sólidas, Automotivas e Espelhadas";126.90;16.60;73
11316;;Spot Trapézio P Triplo;"Cores: Sólidas, Automotivas e Espelhadas
Largura: 36cm| Altura: 8,5cm| Profundidade: 6/12cm
Base: GU-10 03 -Lâmpadas AR70
Material: Alumínio
Cores: Sólidas, Automotivas e Espelhadas";377.98;16.60;73
11316.C10;;Embalagem Combo 10 un - Spot Trapézio P Triplo;"Cores: Sólidas, Automotivas e Espelhadas
Largura: 36cm| Altura: 8,5cm| Profundidade: 6/12cm
Base: GU-10 03 -Lâmpadas AR70
Material: Alumínio
Cores: Sólidas, Automotivas e Espelhadas";119.90;16.60;73
11317;;Spot Traézio P com Quatro;"Cores: Sólidas, Automotivas e Espelhadas
Largura: 55cm| Altura: 8,5cm| Profundidade: 6/12cm
Base: GU-10 04 -Lâmpadas AR70
Material: Alumínio
Cores: Sólidas, Automotivas e Espelhadas";517.71;16.60;73
11318;;Spot Trapézio P com Cinco;"Largura: 90cm| Altura: 8,5cm| Profundidade: 6/12cm
Base: GU-10 05 -Lâmpadas AR70
Material: Alumínio
Cores: Sólidas, Automotivas e Espelhadas";652.11;16.60;74
11319;;Spot Trapézio P com Sete;"Largura: 1,40m| Altura: 8,5cm| Profundidade: 6/12cm
Base: GU-10 07 -Lâmpadas AR70
Material: Alumínio
Cores: Sólidas, Automotivas e Espelhadas";877.41;16.60;74
11324;;Spot Trapézio G Simples;"Largura: 8,5cm| Altura: 8,5cm| Profundidade: 8,5cm
Base: GU-10 01 -Lâmpada AR111
Material: Alumínio
Cores: Sólidas, Automotivas e Espelhadas";235.69;16.60;74
11325;;Spot Trapézio G Duplo;"Largura: 22cm| Altura: 8,5cm| Profundidade: 6/12cm
Base: GU-10 02 -Lâmpadas AR111
Material: Alumínio
Cores: Sólidas, Automotivas e Espelhadas";367.66;16.60;74
11326;;Spot Trapézio G Triplo;"Largura: 36cm| Altura: 8,5cm| Profundidade: 6/12cm
Base: GU-10 03 -Lâmpadas AR111
Material: Alumínio
Cores: Sólidas, Automotivas e Espelhadas";517.00;16.60;74
11327;;Spot Trapézio G com Quatro;"Largura: 55cm| Altura: 8,5cm| Profundidade: 6/12cm
Base: GU-10 04 -Lâmpadas AR111
Material: Alumínio
Cores: Sólidas, Automotivas e Espelhadas";758.28;16.60;74
11328;;Spot Trapézio G com Cinco;"Largura: 90cm| Altura: 8,5cm| Profundidade: 6/12cm
Base: GU-10 05 -Lâmpadas AR111
Material: Alumínio
Cores: Sólidas, Automotivas e Espelhadas";1063.38;16.60;74
11329;;Spot Trapézio G com Sete;"Largura: 1,40m| Altura: 8,5cm| Profundidade: 6/12cm
Base: GU-10 07 -Lâmpadas AR111
Material: Alumínio
Cores: Sólidas, Automotivas e Espelhadas";1453.30;16.60;74
9040;;Abajur Lençóis;"Largura: 59cm | Altura: 38cm| Profundidade: 29cm
Fita de Led: 9,6W | 3.000K ou 4.000K | 960 lm | 127V ou 220V
Material: Alumínio e Acrílico
Cor : Padrão (Dourado Fosco/Macadamia)";875.67;16.60;75
9041;;Abajur Vila;"Largura: 25cm | Altura: 14cm| Profundidade: 14cm
Fita de Led: 11,5W | 3.000K ou 4.000K | 1.150 lm | 127V ou 220V
Material: Alumínio, Acrílico e Concreto
Cor: Padrão (Preto/Aço Corten/Base em Concreto)";628.18;16.60;75
9042;;Abajur Pin;"Largura: 17cm | Altura: 36cm | Profundidade: 21cm
Base: G-9 01 -Lâmpada Halopin
Material: Alumínio, Policarbonato e Couro Uruguaio
Cor: Padrão (Acobreado Fosco/Macadamia/Couro Uruguaio)";488.33;16.60;75
9043;;Abajur Tai;"Largura: 35cm | Altura: 45cm | Profundidade: 20cm
Base: E-27 01 -Lâmpada Filamento
Material: Alumínio e Tela Sintética
Cor: Padrão Base (Dourado Fosco)";593.79;16.60;75
9044;;Abajur Sentinela;"Largura: 45cm | Altura: 34cm | Profundidade: 18cm
Base: G-9 01 -Lâmpada Halopin
Material: Alumínio e Pedra
Cor: Padrão Base (Dourado Fosco, folha de ouro)";793.15;16.60;75
9045;;Abajur Areias de Jalapão;"Largura: 38cm | Altura: 46cm | Profundidade: 33cm
Fita de Led: 7,84W | 3.000K ou 4.000K | 784 lm | 127V ou 220V
Material: Alumínio, Acrílico e Pedra
Cor: Padrão Base (Dourado Fosco, Pedra Travertino)";1039.50;16.60;75
9090;Sem lâmpada;Arandela Finna P;"Largura: 11cm | Altura: 26cm | Profundidade: 11cm
Base: E-27 01 -Lâmpada Filamento T30 (19cm)
Material: Alumínio, Vidro e Acrílico
Cores: Sólidas e Automotivas
Opção de Vidros: Prata, Bronze, Canelado e Cristal
PREÇO";397.66;16.60;76
9090;Com lâmpada;Arandela Finna P;"Largura: 11cm | Altura: 26cm | Profundidade: 11cm
Base: E-27 01 -Lâmpada Filamento T30 (19cm)
Material: Alumínio, Vidro e Acrílico
Cores: Sólidas e Automotivas
Opção de Vidros: Prata, Bronze, Canelado e Cristal
PREÇO";446.26;16.60;76
9091;Sem lâmpada;Arandela Finna M;"Largura: 11cm | Altura: 37cm | Profundidade: 11cm
Base: E-27 01 -Lâmpada Filamento T30 (30cm)
Material: Alumínio, Vidro e Acrílico
Cores: Sólidas e Automotivas
Opção de Vidros: Prata, Bronze, Canelado e Cristal
PREÇO";543.67;16.60;76
9091;Com lâmpada;Arandela Finna M;"Largura: 11cm | Altura: 37cm | Profundidade: 11cm
Base: E-27 01 -Lâmpada Filamento T30 (30cm)
Material: Alumínio, Vidro e Acrílico
Cores: Sólidas e Automotivas
Opção de Vidros: Prata, Bronze, Canelado e Cristal
PREÇO";640.87;16.60;76
9092;Sem lâmpada;Arandela Finna G;"Largura: 11cm | Altura: 75cm | Profundidade: 11cm
Base: E-27 02 -Lâmpadas Filamento T30 (30cm)
Material: Alumínio, Vidro e Acrílico
Cores: Sólidas e Automotivas
Opção de Vidros: Prata, Bronze, Canelado e Cristal
PREÇO";885.49;16.60;76
9092;Com lâmpada;Arandela Finna G;"Largura: 11cm | Altura: 75cm | Profundidade: 11cm
Base: E-27 02 -Lâmpadas Filamento T30 (30cm)
Material: Alumínio, Vidro e Acrílico
Cores: Sólidas e Automotivas
Opção de Vidros: Prata, Bronze, Canelado e Cristal
PREÇO";1079.89;16.60;76
9070;;Coluna OrbiC;"Largura: 70cm | Altura: 1,60m | Profundidade: 21cm
Base: G-9 01 -Lâmpada Halopin
Material: Alumínio e Vidro
Cores: Sólidas, Automotivas e Especiais";820.76;16.60;76
9071;;Abajur OrbiC;"Largura: 35cm | Altura: 55cm | Profundidade: 12cm
Base: G-9 01 -Lâmpada Halopin
Material: Alumínio e Vidro
Cores: Sólidas, Automotivas e Especiais";501.16;16.60;76
9072;;Arandela OrbiC;"Largura: 40cm | Altura: 52cm | Profundidade: 12cm
Base: G-9 01 -LâmpadaHalopin
Material: Alumínio e Vidro
Cores: Sólidas, Automotivas e Especiais";409.03;16.60;76
9073;;Pendente OrbiC;"Largura: 12cm | Altura: 14cm | Profundidade: 12cm
Base: G-9 01 -Lâmpada Halopin
Material: Alumínio e Vidro (Cabo PP)
Cores: Sólidas, Automotivas e Especiais";255.20;16.60;76
9020;;Pendente Zamanelli Vertical;"Largura: 1,35m | Altura: 1,16m | Profundidade: 1,35m
Fita de Led: 63W | 3.000K ou 4.000K | 6.300 lm | 127V ou 220V
Material: Alumínio e Acrílico
Cores: Sólidas, Automotivas e Especiais";3039.27;16.60;76
9021DI;;Pendente Zamanelli Horizontal Direto;"Largura: 1,35m | Altura: 1,16m | Profundidade: 1,35m
Fita de Led: 63W | 3.000K ou 4.000K | 6.300 lm | 127V ou 220V
Material: Alumínio e Acrílico
Cores: Sólidas, Automotivas e Especiais";3039.27;16.60;76
9021IN;;Pendente Zamanelli Horizontal Indireto;"Largura: 1,35m | Altura: 1,16m | Profundidade: 1,35m
Fita de Led: 63W | 3.000K ou 4.000K | 6.300 lm | 127V ou 220V
Material: Alumínio e Acrílico
Cores: Sólidas, Automotivas e Especiais";3039.27;16.60;76
9010;;Arandela Wave Scult;"Largura: 16cm | Altura: 1m | Profundidade: 16cm
Base: GU-10 02 -LâmpadasDicróica
Fita de Led: 12,6W | 3.000K ou 4.000K | 1.260 lm | 127V ou 220V
Material: Alumínio e Inox
Cores: Sólidas, Automotivas e Especiais";702.34;16.60;76
6320;;Abajur Natú;"Largura: 30cm | Altura: 34cm | Profundidade: 28cm
Base: GU-10 01 -LâmpadaDicróica
Material: Alumínio
Cores: Sólidas, Automotivas, Espelhadas e Especiais";539.77;16.60;77
6322;;Arandela Natú;"Largura: 30cm | Altura: 38cm | Profundidade: 26cm
Base: GU-10 01 -LâmpadaDicróica
Material: Alumínio
Cores: Sólidas, Automotivas, Espelhadas e Especiais";349.24;16.60;77
6323;;Arandela Natú Long;"Largura: 30cm | Altura: 1m | Profundidade: 26cm
Base: GU-10 01 -LâmpadaDicróica
Material: Alumínio
Cores: Sólidas, Automotivas, Espelhadas e Especiais";439.06;16.60;77
6325;;Pendente Natú;"Largura: 33cm | Altura: 33cm | Profundidade: 30cm
Base: GU-10 01 -LâmpadaDicróica
Material: Alumínio
Cores: Sólidas, Automotivas, Espelhadas e Especiais";390.36;16.60;77
5600;;Pendente Stone Cut;"Largura: 9cm | Altura: 12cm | Profundidade: 9cm
Base: E-27 01 -LâmpadaFilamento
Material: Alumínio e Concreto
Cores: Sólidas, Automotivas, Espelhadas e Especiais";196.05;16.60;77
5601;;Pendente Stone Long;"Largura: 7cm | Altura: 43cm | Profundidade: 7cm
Base: GU-10 01 -LâmpadaDicróica
Material: Alumínio
Cores: Sólidas, Automotivas, Espelhadas e Especiais";261.55;16.60;77
